timestamp,pid,proc_name,score,label,pkts
2026-01-23 14:03:40,27376,Code,0.999991,Normal Traffic,9
2026-01-23 14:03:45,12672,Code,0.999960,Normal Traffic,2
2026-01-23 14:03:50,25188,Telegram,0.999996,Normal Traffic,45
2026-01-23 14:03:50,22292,brave,0.999997,Normal Traffic,6
2026-01-23 14:03:50,16272,Hiddify,0.999962,Normal Traffic,5
2026-01-23 14:03:51,22292,brave,0.999997,Normal Traffic,6
2026-01-23 14:04:04,2400,svchost,0.999997,Normal Traffic,4
2026-01-23 14:04:05,11156,gamingservices,0.999995,Normal Traffic,11
2026-01-23 14:04:11,22292,brave,0.999999,Normal Traffic,39
2026-01-23 14:04:12,16272,Hiddify,0.999920,Normal Traffic,18
2026-01-23 14:04:12,2400,svchost,0.983551,Normal Traffic,8
2026-01-23 14:04:12,10832,warp-svc,0.999999,Normal Traffic,2
2026-01-23 14:04:13,22292,brave,0.999998,Normal Traffic,1
2026-01-23 14:04:20,10484,svchost,0.999993,Normal Traffic,2
2026-01-23 14:04:22,22292,brave,0.999999,Normal Traffic,9
2026-01-23 14:04:30,25188,Telegram,0.999988,Normal Traffic,6
2026-01-23 14:04:47,22292,brave,0.999999,Normal Traffic,12
2026-01-23 14:04:47,2400,svchost,0.999996,Normal Traffic,1
2026-01-23 14:04:48,20220,WINWORD,0.999997,Normal Traffic,9
2026-01-23 14:04:52,22292,brave,0.999996,Normal Traffic,5
2026-01-23 14:04:53,2400,svchost,0.999997,Normal Traffic,5
2026-01-23 14:04:56,16272,Hiddify,0.999998,Normal Traffic,3000
2026-01-23 14:04:57,22292,brave,0.999986,Normal Traffic,3000
2026-01-23 14:05:01,22292,brave,0.999997,Normal Traffic,3000
2026-01-23 14:05:02,16272,Hiddify,0.999990,Normal Traffic,3000
2026-01-23 14:05:05,12672,Code,0.999976,Normal Traffic,4
2026-01-23 14:05:06,22292,brave,0.999997,Normal Traffic,42
2026-01-23 14:05:07,2400,svchost,0.999998,Normal Traffic,8
2026-01-23 14:05:07,16272,Hiddify,0.999868,Normal Traffic,18
2026-01-23 14:05:12,10832,warp-svc,0.999999,Normal Traffic,2
2026-01-23 14:05:13,22292,brave,0.999998,Normal Traffic,3000
2026-01-23 14:05:13,22292,brave,0.999997,Normal Traffic,53
2026-01-23 14:05:14,22292,brave,0.999998,Normal Traffic,71
2026-01-23 14:05:16,22292,brave,0.999991,Normal Traffic,5
2026-01-23 14:05:18,22292,brave,0.999997,Normal Traffic,47
2026-01-23 14:05:19,22292,brave,0.999998,Normal Traffic,194
2026-01-23 14:05:19,22292,brave,0.999996,Normal Traffic,25
2026-01-23 14:05:21,10484,svchost,0.999991,Normal Traffic,2
2026-01-23 14:05:21,22292,brave,0.999999,Normal Traffic,3000
2026-01-23 14:05:23,22292,brave,0.999993,Normal Traffic,1393
2026-01-23 14:05:24,22292,brave,0.999998,Normal Traffic,158
2026-01-23 14:05:25,22292,brave,0.999998,Normal Traffic,15
2026-01-23 14:05:26,25188,Telegram,0.999997,Normal Traffic,4
2026-01-23 14:05:26,22292,brave,0.999986,Normal Traffic,473
2026-01-23 14:05:26,16272,Hiddify,0.999995,Normal Traffic,3000
2026-01-23 14:05:29,22292,brave,0.999999,Normal Traffic,3000
2026-01-23 14:05:31,12672,Code,0.999982,Normal Traffic,2
2026-01-23 14:05:38,2400,svchost,0.999982,Normal Traffic,4
2026-01-23 14:05:41,27376,Code,0.999985,Normal Traffic,9
2026-01-23 14:05:43,22292,brave,0.999995,Normal Traffic,564
2026-01-23 14:05:43,22292,brave,0.999999,Normal Traffic,3000
2026-01-23 14:05:43,16272,Hiddify,0.999987,Normal Traffic,3000
2026-01-23 14:05:53,22292,brave,0.999995,Normal Traffic,3000
2026-01-23 14:05:55,2400,svchost,0.994768,Normal Traffic,4
2026-01-23 14:05:55,16272,Hiddify,0.999752,Normal Traffic,8
2026-01-23 14:05:55,22292,brave,0.999996,Normal Traffic,5
2026-01-23 14:05:55,12456,svchost,0.999996,Normal Traffic,1
2026-01-23 14:06:11,25188,Telegram,0.999998,Normal Traffic,9
2026-01-23 14:06:13,10832,warp-svc,0.999998,Normal Traffic,2
2026-01-23 14:06:14,22292,brave,0.999997,Normal Traffic,18
2026-01-23 14:06:15,22292,brave,0.999997,Normal Traffic,29
2026-01-23 14:06:16,2400,svchost,0.999997,Normal Traffic,4
2026-01-23 14:06:17,22292,brave,0.999994,Normal Traffic,3000
2026-01-23 14:06:19,16272,Hiddify,0.999992,Normal Traffic,3000
2026-01-23 14:06:21,10484,svchost,0.999993,Normal Traffic,2
2026-01-23 14:06:26,22292,brave,0.999997,Normal Traffic,3000
2026-01-23 14:06:27,2400,svchost,0.999172,Normal Traffic,4
2026-01-23 14:06:27,16272,Hiddify,0.999442,Normal Traffic,8
2026-01-23 14:06:29,6132,svchost,0.999997,Normal Traffic,12
2026-01-23 14:06:31,22292,brave,0.999998,Normal Traffic,15
2026-01-23 14:06:31,22292,brave,0.999993,Normal Traffic,3000
2026-01-23 14:06:36,25188,Telegram,1.000000,Normal Traffic,5
2026-01-23 14:06:36,25188,Telegram,0.999462,Normal Traffic,6
2026-01-23 14:06:38,22292,brave,0.999987,Normal Traffic,19
2026-01-23 14:06:46,25188,Telegram,0.999956,Normal Traffic,3
2026-01-23 14:06:50,2400,svchost,0.994923,Normal Traffic,2
2026-01-23 14:06:50,16272,Hiddify,0.999673,Normal Traffic,4
2026-01-23 14:06:51,22292,brave,0.999997,Normal Traffic,30
2026-01-23 14:06:51,2400,svchost,0.999994,Normal Traffic,4
2026-01-23 14:06:52,16272,Hiddify,0.999988,Normal Traffic,3000
2026-01-23 14:06:54,22292,brave,0.999997,Normal Traffic,26
2026-01-23 14:06:55,22292,brave,0.999997,Normal Traffic,6
2026-01-23 14:06:55,22292,brave,0.999996,Normal Traffic,3000
2026-01-23 14:07:07,22292,brave,0.999997,Normal Traffic,3000
2026-01-23 14:07:07,16272,Hiddify,0.999992,Normal Traffic,3000
2026-01-23 14:07:13,10832,warp-svc,0.999999,Normal Traffic,2
2026-01-23 14:07:14,22292,brave,1.000000,Normal Traffic,45
2026-01-23 14:07:18,2400,svchost,0.999587,Normal Traffic,2
2026-01-23 14:07:18,16272,Hiddify,0.999612,Normal Traffic,4
2026-01-23 14:07:19,22292,brave,0.999994,Normal Traffic,3000
2026-01-23 14:07:21,10484,svchost,0.999993,Normal Traffic,2
2026-01-23 14:07:26,22292,brave,0.999997,Normal Traffic,6
2026-01-23 14:07:34,22292,brave,0.999999,Normal Traffic,9
2026-01-23 14:07:35,22292,brave,0.999996,Normal Traffic,22
2026-01-23 14:07:39,22292,brave,0.999969,Normal Traffic,3000
2026-01-23 14:07:39,16272,Hiddify,0.999994,Normal Traffic,3000
2026-01-23 14:07:39,25188,Telegram,0.999998,Normal Traffic,7
2026-01-23 14:07:40,25188,Telegram,0.999999,Normal Traffic,18
2026-01-23 14:07:43,12672,Code,0.999998,Normal Traffic,1
2026-01-23 14:07:56,22292,brave,0.999997,Normal Traffic,6
2026-01-23 14:08:12,22292,brave,0.999986,Normal Traffic,2779
2026-01-23 14:08:13,2400,svchost,1.000000,Normal Traffic,4
2026-01-23 14:08:13,10832,warp-svc,0.999999,Normal Traffic,2
2026-01-23 14:08:14,25188,Telegram,0.999987,Normal Traffic,3
2026-01-23 14:08:16,22292,brave,0.999997,Normal Traffic,21
2026-01-23 14:08:19,2400,svchost,0.999219,Normal Traffic,4
2026-01-23 14:08:19,16272,Hiddify,0.999908,Normal Traffic,8
2026-01-23 14:08:20,22292,brave,0.999948,Normal Traffic,3000
2026-01-23 14:08:21,10484,svchost,0.999993,Normal Traffic,2
2026-01-23 14:08:26,22292,brave,0.999997,Normal Traffic,6
2026-01-23 14:08:28,22292,brave,1.000000,Normal Traffic,43
2026-01-23 14:08:33,16272,Hiddify,0.999986,Normal Traffic,3000
2026-01-23 14:08:35,22292,brave,0.999987,Normal Traffic,3000
2026-01-23 14:08:37,22292,brave,0.999950,Normal Traffic,3000
2026-01-23 14:08:37,16272,Hiddify,0.999978,Normal Traffic,3000
2026-01-23 14:08:44,2400,svchost,0.999998,Normal Traffic,4
2026-01-23 14:08:46,5016,taskhostw,0.999997,Normal Traffic,20
2026-01-23 14:08:56,22292,brave,0.999997,Normal Traffic,17
2026-01-23 14:08:58,22292,brave,0.999988,Normal Traffic,1050
2026-01-23 14:08:58,22292,brave,0.999997,Normal Traffic,48
2026-01-23 14:08:59,22292,brave,0.999997,Normal Traffic,85
2026-01-23 14:08:59,22292,brave,0.999992,Normal Traffic,699
2026-01-23 14:09:01,16272,Hiddify,0.999997,Normal Traffic,15
2026-01-23 14:09:02,16272,Hiddify,0.999998,Normal Traffic,15
2026-01-23 14:09:02,16272,Hiddify,0.999967,Normal Traffic,7
2026-01-23 14:09:03,16272,Hiddify,0.999997,Normal Traffic,44
2026-01-23 14:09:05,11156,gamingservices,0.999995,Normal Traffic,10
2026-01-23 14:09:06,16272,Hiddify,0.999983,Normal Traffic,459
2026-01-23 14:09:06,16272,Hiddify,0.999999,Normal Traffic,73
2026-01-23 14:09:06,16272,Hiddify,0.999999,Normal Traffic,34
2026-01-23 14:09:06,12672,Code,0.999998,Normal Traffic,9
2026-01-23 14:09:06,16272,Hiddify,0.999999,Normal Traffic,16
2026-01-23 14:09:06,16272,Hiddify,0.999993,Normal Traffic,8
2026-01-23 14:09:07,22292,brave,0.999998,Normal Traffic,191
2026-01-23 14:09:10,25188,Telegram,0.999987,Normal Traffic,3
2026-01-23 14:09:12,16272,Hiddify,0.999998,Normal Traffic,12
2026-01-23 14:09:13,10832,warp-svc,0.999999,Normal Traffic,2
2026-01-23 14:09:17,10668,svchost,0.516447,Normal Traffic,5
2026-01-23 14:09:18,11876,lgc_renderer_host,0.999997,Normal Traffic,11
2026-01-23 14:09:19,11212,LestaErrorMonitor,0.999998,Normal Traffic,30
2026-01-23 14:09:19,16272,Hiddify,0.999999,Normal Traffic,27
2026-01-23 14:09:19,26708,lgc,0.999999,Normal Traffic,27
2026-01-23 14:09:19,2400,svchost,1.000000,Normal Traffic,3
2026-01-23 14:09:19,26708,lgc,0.999997,Normal Traffic,10
2026-01-23 14:09:21,16272,Hiddify,0.999990,Normal Traffic,480
2026-01-23 14:09:21,26708,lgc,0.999997,Normal Traffic,29
2026-01-23 14:09:21,16272,Hiddify,0.999997,Normal Traffic,29
2026-01-23 14:09:21,10484,svchost,0.999991,Normal Traffic,2
2026-01-23 14:09:22,16272,Hiddify,0.999996,Normal Traffic,708
2026-01-23 14:09:22,25652,tanksblitz,0.999997,Normal Traffic,7
2026-01-23 14:09:26,24976,GameBar,0.999997,Normal Traffic,10
2026-01-23 14:09:26,24976,GameBar,0.999996,Normal Traffic,11
2026-01-23 14:09:28,22292,brave,0.999999,Normal Traffic,9
2026-01-23 14:09:28,12672,Code,0.999982,Normal Traffic,2
2026-01-23 14:09:30,19488,msedge,0.999996,Normal Traffic,24
2026-01-23 14:09:32,14332,msedge,0.999999,Normal Traffic,14
2026-01-23 14:09:32,25652,tanksblitz,0.999997,Normal Traffic,8
2026-01-23 14:09:32,16272,Hiddify,0.999993,Normal Traffic,8
2026-01-23 14:09:32,25652,tanksblitz,0.999999,Normal Traffic,8
2026-01-23 14:09:32,16272,Hiddify,0.999999,Normal Traffic,8
2026-01-23 14:09:32,25652,tanksblitz,0.999998,Normal Traffic,8
2026-01-23 14:09:32,16272,Hiddify,0.999998,Normal Traffic,8
2026-01-23 14:09:33,19488,msedge,0.999985,Normal Traffic,29
2026-01-23 14:09:33,25652,tanksblitz,0.999999,Normal Traffic,10
2026-01-23 14:09:33,16272,Hiddify,0.999999,Normal Traffic,10
2026-01-23 14:09:33,16272,Hiddify,0.999994,Normal Traffic,19
2026-01-23 14:09:33,25652,tanksblitz,0.999992,Normal Traffic,17
2026-01-23 14:09:35,22292,brave,0.999998,Normal Traffic,41
2026-01-23 14:09:35,19488,msedge,0.999995,Normal Traffic,18
2026-01-23 14:09:38,19488,msedge,0.999997,Normal Traffic,5
2026-01-23 14:09:40,19488,msedge,0.999998,Normal Traffic,8
2026-01-23 14:09:40,26708,lgc,0.999998,Normal Traffic,8
2026-01-23 14:09:40,16272,Hiddify,0.999992,Normal Traffic,6
2026-01-23 14:09:40,16272,Hiddify,0.999972,Normal Traffic,2
2026-01-23 14:09:42,16272,Hiddify,0.999997,Normal Traffic,29
2026-01-23 14:09:42,25652,tanksblitz,0.999997,Normal Traffic,19
2026-01-23 14:09:43,25652,tanksblitz,0.999999,Normal Traffic,6
2026-01-23 14:09:43,16272,Hiddify,0.999998,Normal Traffic,6
2026-01-23 14:09:48,20220,WINWORD,0.999997,Normal Traffic,8
2026-01-23 14:09:54,25652,tanksblitz,1.000000,Normal Traffic,125
2026-01-23 14:09:55,25652,tanksblitz,0.999998,Normal Traffic,32
2026-01-23 14:09:55,16272,Hiddify,0.999998,Normal Traffic,31
2026-01-23 14:09:56,2400,svchost,0.999999,Normal Traffic,21
2026-01-23 14:09:56,12964,svchost,0.999999,Normal Traffic,78
2026-01-23 14:09:58,19488,msedge,0.999997,Normal Traffic,50
2026-01-23 14:09:58,22292,brave,0.999997,Normal Traffic,6
2026-01-23 14:09:59,25188,Telegram,0.999993,Normal Traffic,4
2026-01-23 14:10:00,19488,msedge,0.999996,Normal Traffic,5
2026-01-23 14:10:03,2400,svchost,0.999992,Normal Traffic,108
2026-01-23 14:10:04,16272,Hiddify,0.999954,Normal Traffic,314
2026-01-23 14:10:04,22292,brave,0.999999,Normal Traffic,67
2026-01-23 14:10:05,16272,Hiddify,0.999994,Normal Traffic,1
2026-01-23 14:10:12,16272,Hiddify,0.999999,Normal Traffic,2
2026-01-23 14:10:12,10832,warp-svc,0.999999,Normal Traffic,2
2026-01-23 14:10:16,10668,svchost,0.999886,Normal Traffic,1
2026-01-23 14:10:18,16272,Hiddify,0.999997,Normal Traffic,66
2026-01-23 14:10:18,16272,Hiddify,0.999993,Normal Traffic,67
2026-01-23 14:10:18,11876,lgc_renderer_host,0.999994,Normal Traffic,1
2026-01-23 14:10:19,16272,Hiddify,0.999998,Normal Traffic,19
2026-01-23 14:10:19,16272,Hiddify,0.999994,Normal Traffic,46
2026-01-23 14:10:19,16272,Hiddify,0.999999,Normal Traffic,75
2026-01-23 14:10:19,16272,Hiddify,0.999993,Normal Traffic,40
2026-01-23 14:10:21,10484,svchost,0.999991,Normal Traffic,2
2026-01-23 14:10:26,19488,msedge,0.999995,Normal Traffic,18
2026-01-23 14:10:27,26708,lgc,1.000000,Normal Traffic,3
2026-01-23 14:10:27,19488,msedge,0.999998,Normal Traffic,30
2026-01-23 14:10:27,16272,Hiddify,0.999999,Normal Traffic,1
2026-01-23 14:10:28,22292,brave,0.999995,Normal Traffic,11
2026-01-23 14:10:29,25652,tanksblitz,0.999998,Normal Traffic,3
2026-01-23 14:10:29,22292,brave,0.999996,Normal Traffic,5
2026-01-23 14:10:30,19488,msedge,0.999977,Normal Traffic,4
2026-01-23 14:10:30,14332,msedge,0.999997,Normal Traffic,6
2026-01-23 14:10:30,6628,nvcontainer,0.999996,Normal Traffic,3
2026-01-23 14:10:30,22292,brave,0.999996,Normal Traffic,3
2026-01-23 14:10:30,2400,svchost,0.999996,Normal Traffic,3
2026-01-23 14:10:30,16128,brave,0.999996,Normal Traffic,3
2026-01-23 14:10:30,14332,msedge,0.999997,Normal Traffic,6
2026-01-23 14:10:30,6628,nvcontainer,0.999996,Normal Traffic,3
2026-01-23 14:10:30,22292,brave,0.999996,Normal Traffic,3
2026-01-23 14:10:30,2400,svchost,0.999996,Normal Traffic,3
2026-01-23 14:10:30,16128,brave,0.999996,Normal Traffic,3
2026-01-23 14:10:30,14332,msedge,0.999998,Normal Traffic,9
2026-01-23 14:10:30,6628,nvcontainer,0.999996,Normal Traffic,3
2026-01-23 14:10:30,2400,svchost,0.999995,Normal Traffic,6
2026-01-23 14:10:30,16128,brave,0.999996,Normal Traffic,6
2026-01-23 14:10:31,25188,Telegram,0.999997,Normal Traffic,6
2026-01-23 14:10:34,26708,lgc,0.999999,Normal Traffic,1
2026-01-23 14:10:57,12672,Code,0.999992,Normal Traffic,321
2026-01-23 14:10:57,16272,Hiddify,1.000000,Normal Traffic,4
2026-01-23 14:10:57,25652,tanksblitz,1.000000,Normal Traffic,3
2026-01-23 14:10:57,24976,GameBar,1.000000,Normal Traffic,2
2026-01-23 14:10:58,2400,svchost,0.999994,Normal Traffic,10
2026-01-23 14:10:58,16272,Hiddify,0.999977,Normal Traffic,89
2026-01-23 14:10:58,25652,tanksblitz,0.999978,Normal Traffic,89
2026-01-23 14:10:59,22292,brave,0.999997,Normal Traffic,6
2026-01-23 14:11:01,25652,tanksblitz,1.000000,Normal Traffic,18
2026-01-23 14:11:01,16272,Hiddify,0.999993,Normal Traffic,23
2026-01-23 14:11:01,25652,tanksblitz,0.999991,Normal Traffic,24
2026-01-23 14:11:09,22292,brave,0.999995,Normal Traffic,19
2026-01-23 14:11:13,10832,warp-svc,0.999998,Normal Traffic,2
2026-01-23 14:11:15,12672,Code,0.999982,Normal Traffic,2
2026-01-23 14:11:16,12964,svchost,0.999999,Normal Traffic,4
2026-01-23 14:11:18,11212,LestaErrorMonitor,0.999994,Normal Traffic,7
2026-01-23 14:11:19,10484,svchost,0.999994,Normal Traffic,2
2026-01-23 14:11:21,19472,svchost,0.667627,Normal Traffic,9
2026-01-23 14:11:21,14332,msedge,1.000000,Normal Traffic,2
2026-01-23 14:11:25,25652,tanksblitz,0.999998,Normal Traffic,2840
2026-01-23 14:11:25,16272,Hiddify,0.999998,Normal Traffic,2840
2026-01-23 14:11:25,25652,tanksblitz,0.999999,Normal Traffic,5
2026-01-23 14:11:25,25652,tanksblitz,0.999995,Normal Traffic,3
2026-01-23 14:11:25,16272,Hiddify,1.000000,Normal Traffic,5
2026-01-23 14:11:25,16272,Hiddify,0.999999,Normal Traffic,3
2026-01-23 14:11:26,16272,Hiddify,0.999998,Normal Traffic,550
2026-01-23 14:11:26,25652,tanksblitz,0.991441,Normal Traffic,536
2026-01-23 14:11:26,25188,Telegram,0.999997,Normal Traffic,6
2026-01-23 14:11:26,16272,Hiddify,0.999999,Normal Traffic,1
2026-01-23 14:11:26,26708,lgc,0.999999,Normal Traffic,1
2026-01-23 14:11:29,22292,brave,0.999994,Normal Traffic,5
2026-01-23 14:11:31,22292,brave,1.000000,Normal Traffic,25
2026-01-23 14:11:38,20220,WINWORD,0.999998,Normal Traffic,1
2026-01-23 14:11:43,25652,tanksblitz,0.999999,Normal Traffic,25
2026-01-23 14:11:46,2400,svchost,0.999996,Normal Traffic,31
2026-01-23 14:11:47,16272,Hiddify,0.999928,Normal Traffic,60
2026-01-23 14:11:47,2400,svchost,0.999999,Normal Traffic,6
2026-01-23 14:11:52,16272,Hiddify,0.999994,Normal Traffic,2
2026-01-23 14:11:52,25652,tanksblitz,0.999993,Normal Traffic,2
2026-01-23 14:11:59,22292,brave,0.999997,Normal Traffic,6
2026-01-23 14:12:13,22292,brave,0.999998,Normal Traffic,28
2026-01-23 14:12:13,22292,brave,0.999999,Normal Traffic,60
2026-01-23 14:12:13,22292,brave,0.999996,Normal Traffic,24
2026-01-23 14:12:16,25188,Telegram,0.999983,Normal Traffic,4
2026-01-23 14:12:16,10832,warp-svc,1.000000,Normal Traffic,3
2026-01-23 14:12:19,10484,svchost,0.999994,Normal Traffic,2
2026-01-23 14:12:26,16272,Hiddify,0.999999,Normal Traffic,1
2026-01-23 14:12:26,25652,tanksblitz,0.999999,Normal Traffic,1
2026-01-23 14:12:29,22292,brave,0.999997,Normal Traffic,6
2026-01-23 14:12:36,2400,svchost,0.999330,Normal Traffic,2
2026-01-23 14:12:36,16272,Hiddify,0.999335,Normal Traffic,4
2026-01-23 14:12:41,16272,Hiddify,0.999974,Normal Traffic,3000
2026-01-23 14:12:51,22292,brave,0.999996,Normal Traffic,29
2026-01-23 14:13:00,22292,brave,0.999996,Normal Traffic,5
2026-01-23 14:13:01,25188,Telegram,0.999581,Normal Traffic,2
2026-01-23 14:13:04,19472,svchost,0.999886,Normal Traffic,1
2026-01-23 14:13:12,2400,svchost,0.997147,Normal Traffic,2
2026-01-23 14:13:12,2400,svchost,0.999999,Normal Traffic,4
2026-01-23 14:13:12,16272,Hiddify,0.999924,Normal Traffic,4
2026-01-23 14:13:13,10832,warp-svc,0.999999,Normal Traffic,2
2026-01-23 14:13:18,22292,brave,1.000000,Normal Traffic,52
2026-01-23 14:13:19,10484,svchost,0.999992,Normal Traffic,2
2026-01-23 14:13:26,25652,tanksblitz,0.999997,Normal Traffic,3000
2026-01-23 14:13:26,16272,Hiddify,0.999997,Normal Traffic,3000
2026-01-23 14:13:27,12672,Code,0.999998,Normal Traffic,1
2026-01-23 14:13:30,22292,brave,0.999997,Normal Traffic,6
2026-01-23 14:13:37,19488,msedge,0.999996,Normal Traffic,2
2026-01-23 14:13:39,25188,Telegram,0.999996,Normal Traffic,3
2026-01-23 14:13:41,2400,svchost,0.999268,Normal Traffic,4
2026-01-23 14:13:41,16272,Hiddify,0.999854,Normal Traffic,8
2026-01-23 14:14:00,22292,brave,1.000000,Normal Traffic,12
2026-01-23 14:14:00,22292,brave,0.999997,Normal Traffic,6
2026-01-23 14:14:03,2400,svchost,0.976808,Normal Traffic,2
2026-01-23 14:14:04,2400,svchost,0.999998,Normal Traffic,4
2026-01-23 14:14:04,16272,Hiddify,0.999930,Normal Traffic,4
2026-01-23 14:14:05,11156,gamingservices,0.999995,Normal Traffic,10
2026-01-23 14:14:06,16272,Hiddify,0.999975,Normal Traffic,3
2026-01-23 14:14:06,25652,tanksblitz,0.999980,Normal Traffic,3
2026-01-23 14:14:12,10832,warp-svc,0.999999,Normal Traffic,2
2026-01-23 14:14:19,10484,svchost,0.999993,Normal Traffic,2
2026-01-23 14:14:30,22292,brave,0.999997,Normal Traffic,6
2026-01-23 14:14:30,22292,brave,0.999998,Normal Traffic,9
2026-01-23 14:14:32,25188,Telegram,0.999987,Normal Traffic,4
2026-01-23 14:14:42,2400,svchost,0.999559,Normal Traffic,2
2026-01-23 14:14:42,16272,Hiddify,0.999370,Normal Traffic,8
2026-01-23 14:14:42,2400,svchost,0.999994,Normal Traffic,2
2026-01-23 14:15:01,22292,brave,0.999997,Normal Traffic,6
2026-01-23 14:15:02,22292,brave,0.999999,Normal Traffic,2
2026-01-23 14:15:12,10832,warp-svc,0.999999,Normal Traffic,2
2026-01-23 14:15:17,25188,Telegram,0.998606,Normal Traffic,2
2026-01-23 14:15:18,10484,svchost,0.999991,Normal Traffic,2
2026-01-23 14:15:31,22292,brave,0.999996,Normal Traffic,5
2026-01-23 14:15:31,16272,Hiddify,0.999998,Normal Traffic,2
2026-01-23 14:15:31,16272,Hiddify,0.999998,Normal Traffic,2
2026-01-23 14:15:31,16272,Hiddify,0.999999,Normal Traffic,3
2026-01-23 14:15:31,16272,Hiddify,0.999998,Normal Traffic,1
2026-01-23 14:15:31,16272,Hiddify,0.999998,Normal Traffic,2
2026-01-23 14:15:32,22292,brave,0.999999,Normal Traffic,18
2026-01-23 14:15:34,16272,Hiddify,0.999992,Normal Traffic,3000
2026-01-23 14:15:34,25652,tanksblitz,0.999992,Normal Traffic,3000
2026-01-23 14:15:51,16272,Hiddify,0.999960,Normal Traffic,2
2026-01-23 14:15:51,25652,tanksblitz,0.999993,Normal Traffic,2
2026-01-23 14:15:54,2400,svchost,0.998117,Normal Traffic,6
2026-01-23 14:15:54,16272,Hiddify,0.999358,Normal Traffic,12
2026-01-23 14:15:54,5412,svchost,0.032685,DoS,2
2026-01-23 14:15:59,5412,svchost,0.159285,DoS,2
2026-01-23 14:16:01,22292,brave,0.999997,Normal Traffic,6
2026-01-23 14:16:04,22292,brave,0.999999,Normal Traffic,2
2026-01-23 14:16:12,25188,Telegram,0.999997,Normal Traffic,5
2026-01-23 14:16:12,10832,warp-svc,0.999999,Normal Traffic,2
2026-01-23 14:16:15,2400,svchost,0.999514,Normal Traffic,2
2026-01-23 14:16:15,2400,svchost,0.999994,Normal Traffic,4
2026-01-23 14:16:15,16272,Hiddify,0.999785,Normal Traffic,4
2026-01-23 14:16:18,10484,svchost,0.999994,Normal Traffic,2
2026-01-23 14:16:20,12672,Code,0.999997,Normal Traffic,12
2026-01-23 14:16:32,22292,brave,0.999997,Normal Traffic,6
2026-01-23 14:16:37,25188,Telegram,0.999999,Normal Traffic,5
2026-01-23 14:16:37,25188,Telegram,0.999999,Normal Traffic,7
2026-01-23 14:16:51,2400,svchost,0.999992,Normal Traffic,1
2026-01-23 14:16:51,2400,svchost,0.999998,Normal Traffic,2
2026-01-23 14:16:54,27376,Code,0.999988,Normal Traffic,9
2026-01-23 14:16:55,27376,Code,0.999981,Normal Traffic,31
2026-01-23 14:17:00,2400,svchost,1.000000,Normal Traffic,11
2026-01-23 14:17:00,16272,Hiddify,0.999733,Normal Traffic,26
2026-01-23 14:17:00,5412,svchost,0.999886,Normal Traffic,1
2026-01-23 14:17:01,5412,svchost,0.067528,DoS,2
2026-01-23 14:17:03,25188,Telegram,0.999993,Normal Traffic,4
2026-01-23 14:17:03,22292,brave,0.999997,Normal Traffic,6
2026-01-23 14:17:03,22292,brave,1.000000,Normal Traffic,17
2026-01-23 14:17:13,10832,warp-svc,0.999999,Normal Traffic,2
2026-01-23 14:17:19,10484,svchost,0.999993,Normal Traffic,2
2026-01-23 14:17:33,22292,brave,0.999996,Normal Traffic,6
2026-01-23 14:17:36,22292,brave,0.999999,Normal Traffic,2
2026-01-23 14:17:38,19488,msedge,0.999995,Normal Traffic,2
2026-01-23 14:17:42,16272,Hiddify,0.999997,Normal Traffic,3000
2026-01-23 14:17:42,25652,tanksblitz,0.999998,Normal Traffic,3000
2026-01-23 14:17:52,16272,Hiddify,0.999946,Normal Traffic,2
2026-01-23 14:17:52,25652,tanksblitz,0.999993,Normal Traffic,2
2026-01-23 14:17:58,25188,Telegram,0.999992,Normal Traffic,3
2026-01-23 14:17:59,2400,svchost,0.999998,Normal Traffic,4
2026-01-23 14:18:01,6284,HiddifyCli,0.999993,Normal Traffic,3000
2026-01-23 14:18:01,5412,svchost,0.999886,Normal Traffic,1
2026-01-23 14:18:03,22292,brave,0.999996,Normal Traffic,5
2026-01-23 14:18:13,10832,warp-svc,0.999999,Normal Traffic,2
2026-01-23 14:18:19,10484,svchost,0.999993,Normal Traffic,2
2026-01-23 14:18:20,25652,tanksblitz,0.999997,Normal Traffic,384
2026-01-23 14:18:20,16272,Hiddify,0.999997,Normal Traffic,384
2026-01-23 14:18:23,22292,brave,0.999999,Normal Traffic,229
2026-01-23 14:18:24,16272,Hiddify,0.999999,Normal Traffic,14
2026-01-23 14:18:24,25652,tanksblitz,0.999999,Normal Traffic,14
2026-01-23 14:18:33,25188,Telegram,0.999999,Normal Traffic,3
2026-01-23 14:18:34,22292,brave,0.999997,Normal Traffic,6
2026-01-23 14:18:44,25652,tanksblitz,0.999998,Normal Traffic,541
2026-01-23 14:18:44,25652,tanksblitz,1.000000,Normal Traffic,66
2026-01-23 14:18:44,25652,tanksblitz,0.999999,Normal Traffic,210
2026-01-23 14:18:44,16272,Hiddify,0.999999,Normal Traffic,211
2026-01-23 14:18:44,25652,tanksblitz,0.999998,Normal Traffic,35
2026-01-23 14:18:44,16272,Hiddify,0.999999,Normal Traffic,35
2026-01-23 14:18:44,25652,ExitedProcess,0.999994,Normal Traffic,2
2026-01-23 14:18:44,16272,Hiddify,0.999999,Normal Traffic,2
2026-01-23 14:18:44,25652,ExitedProcess,0.999991,Normal Traffic,3
2026-01-23 14:18:44,16272,Hiddify,0.999997,Normal Traffic,3
2026-01-23 14:18:51,22292,brave,0.999996,Normal Traffic,30
2026-01-23 14:18:51,22292,brave,0.999997,Normal Traffic,6
2026-01-23 14:18:51,16272,Hiddify,0.999996,Normal Traffic,5
2026-01-23 14:19:01,19472,svchost,0.812389,Normal Traffic,125
2026-01-23 14:19:01,16272,Hiddify,0.999988,Normal Traffic,6
2026-01-23 14:19:02,22292,brave,0.999998,Normal Traffic,89
2026-01-23 14:19:03,16272,Hiddify,0.999999,Normal Traffic,75
2026-01-23 14:19:04,22292,brave,0.999994,Normal Traffic,5
2026-01-23 14:19:05,11156,gamingservices,0.999995,Normal Traffic,10
2026-01-23 14:19:11,24760,AsusMyASUS,0.999997,Normal Traffic,11
2026-01-23 14:19:12,12672,Code,0.999999,Normal Traffic,15
2026-01-23 14:19:12,24760,AsusMyASUS,0.999998,Normal Traffic,9
2026-01-23 14:19:12,24760,AsusMyASUS,0.999998,Normal Traffic,21
2026-01-23 14:19:12,24760,AsusMyASUS,0.999995,Normal Traffic,18
2026-01-23 14:19:12,24760,AsusMyASUS,0.999999,Normal Traffic,8
2026-01-23 14:19:13,10832,warp-svc,0.999999,Normal Traffic,2
2026-01-23 14:19:14,24760,AsusMyASUS,0.999997,Normal Traffic,18
2026-01-23 14:19:14,664,AsusSoftwareManagerAgent,0.999996,Normal Traffic,17
2026-01-23 14:19:14,664,AsusSoftwareManagerAgent,0.999999,Normal Traffic,8
2026-01-23 14:19:14,24760,AsusMyASUS,0.999998,Normal Traffic,13
2026-01-23 14:19:14,24760,AsusMyASUS,1.000000,Normal Traffic,27
2026-01-23 14:19:14,6748,qbittorrent,0.999999,Normal Traffic,1
2026-01-23 14:19:14,6748,qbittorrent,0.999988,Normal Traffic,2
2026-01-23 14:19:14,6748,qbittorrent,0.999999,Normal Traffic,1
2026-01-23 14:19:14,6748,qbittorrent,0.999999,Normal Traffic,1
2026-01-23 14:19:14,6748,qbittorrent,0.999997,Normal Traffic,2
2026-01-23 14:19:14,6748,qbittorrent,0.999997,Normal Traffic,2
2026-01-23 14:19:14,6748,qbittorrent,1.000000,Normal Traffic,1
2026-01-23 14:19:14,6748,qbittorrent,1.000000,Normal Traffic,1
2026-01-23 14:19:14,6748,qbittorrent,0.999996,Normal Traffic,2
2026-01-23 14:19:14,6748,qbittorrent,0.999997,Normal Traffic,2
2026-01-23 14:19:14,6748,qbittorrent,0.999986,Normal Traffic,2
2026-01-23 14:19:14,6748,qbittorrent,1.000000,Normal Traffic,1
2026-01-23 14:19:14,6748,qbittorrent,0.999998,Normal Traffic,2
2026-01-23 14:19:14,6748,qbittorrent,0.999999,Normal Traffic,1
2026-01-23 14:19:14,6748,qbittorrent,1.000000,Normal Traffic,1
2026-01-23 14:19:15,2400,svchost,0.999999,Normal Traffic,18
2026-01-23 14:19:15,6748,qbittorrent,0.999999,Normal Traffic,1
2026-01-23 14:19:15,6748,qbittorrent,0.999999,Normal Traffic,1
2026-01-23 14:19:15,6748,qbittorrent,0.999998,Normal Traffic,1
2026-01-23 14:19:15,6748,qbittorrent,0.999996,Normal Traffic,9
2026-01-23 14:19:16,16272,Hiddify,0.999996,Normal Traffic,17
2026-01-23 14:19:17,24760,AsusMyASUS,0.999999,Normal Traffic,14
2026-01-23 14:19:17,7212,MsMpEng,0.999997,Normal Traffic,7
2026-01-23 14:19:18,16272,Hiddify,0.999989,Normal Traffic,1243
2026-01-23 14:19:18,16272,Hiddify,0.003116,DoS,2
2026-01-23 14:19:18,26708,lgc,0.271383,DoS,2
2026-01-23 14:19:19,10484,svchost,0.999993,Normal Traffic,2
2026-01-23 14:19:22,19104,svchost,0.999979,Normal Traffic,13
2026-01-23 14:19:23,6748,qbittorrent,0.999985,Normal Traffic,2
2026-01-23 14:19:27,6132,svchost,0.999996,Normal Traffic,12
2026-01-23 14:19:28,6748,qbittorrent,0.999979,Normal Traffic,4
2026-01-23 14:19:28,6748,qbittorrent,0.999979,Normal Traffic,4
2026-01-23 14:19:28,6748,qbittorrent,0.999979,Normal Traffic,4
2026-01-23 14:19:28,6748,qbittorrent,0.999993,Normal Traffic,8
2026-01-23 14:19:28,6748,qbittorrent,0.999964,Normal Traffic,4
2026-01-23 14:19:28,6748,qbittorrent,0.999978,Normal Traffic,4
2026-01-23 14:19:28,6748,qbittorrent,0.999978,Normal Traffic,4
2026-01-23 14:19:28,6748,qbittorrent,0.999965,Normal Traffic,4
2026-01-23 14:19:28,6748,qbittorrent,0.999997,Normal Traffic,4
2026-01-23 14:19:28,6748,qbittorrent,0.999979,Normal Traffic,4
2026-01-23 14:19:28,6748,qbittorrent,1.000000,Normal Traffic,1
2026-01-23 14:19:28,6748,qbittorrent,1.000000,Normal Traffic,1
2026-01-23 14:19:28,6748,qbittorrent,1.000000,Normal Traffic,1
2026-01-23 14:19:28,6748,qbittorrent,0.999998,Normal Traffic,1
2026-01-23 14:19:28,6748,qbittorrent,1.000000,Normal Traffic,1
2026-01-23 14:19:28,6748,qbittorrent,1.000000,Normal Traffic,1
2026-01-23 14:19:28,6748,qbittorrent,0.999998,Normal Traffic,2
2026-01-23 14:19:28,6748,qbittorrent,0.999997,Normal Traffic,2
2026-01-23 14:19:28,6748,qbittorrent,0.999998,Normal Traffic,2
2026-01-23 14:19:28,6748,qbittorrent,1.000000,Normal Traffic,1
2026-01-23 14:19:28,6748,qbittorrent,1.000000,Normal Traffic,1
2026-01-23 14:19:28,6748,qbittorrent,0.999998,Normal Traffic,2
2026-01-23 14:19:28,6748,qbittorrent,0.999999,Normal Traffic,1
2026-01-23 14:19:28,6748,qbittorrent,0.999997,Normal Traffic,2
2026-01-23 14:19:28,6748,qbittorrent,0.999998,Normal Traffic,1
2026-01-23 14:19:28,6748,qbittorrent,0.999998,Normal Traffic,2
2026-01-23 14:19:28,6748,qbittorrent,0.999997,Normal Traffic,2
2026-01-23 14:19:28,6748,qbittorrent,0.999997,Normal Traffic,2
2026-01-23 14:19:28,6748,qbittorrent,0.999998,Normal Traffic,2
2026-01-23 14:19:28,6748,qbittorrent,0.999971,Normal Traffic,2
2026-01-23 14:19:28,6748,qbittorrent,0.999998,Normal Traffic,2
2026-01-23 14:19:28,6748,qbittorrent,0.999999,Normal Traffic,2
2026-01-23 14:19:28,6748,qbittorrent,0.999998,Normal Traffic,2
2026-01-23 14:19:28,6748,qbittorrent,0.999997,Normal Traffic,2
2026-01-23 14:19:28,6748,qbittorrent,0.999956,Normal Traffic,2
2026-01-23 14:19:28,6748,qbittorrent,0.999999,Normal Traffic,1
2026-01-23 14:19:28,6748,qbittorrent,0.999998,Normal Traffic,3
2026-01-23 14:19:28,6748,qbittorrent,0.999998,Normal Traffic,3
2026-01-23 14:19:28,6748,qbittorrent,0.999997,Normal Traffic,1
2026-01-23 14:19:28,6748,qbittorrent,1.000000,Normal Traffic,1
2026-01-23 14:19:28,6748,qbittorrent,0.999999,Normal Traffic,1
2026-01-23 14:19:28,6748,qbittorrent,0.999999,Normal Traffic,1
2026-01-23 14:19:28,6748,qbittorrent,0.999999,Normal Traffic,1
2026-01-23 14:19:29,6748,qbittorrent,0.999989,Normal Traffic,4
2026-01-23 14:19:29,6748,qbittorrent,0.999991,Normal Traffic,4
2026-01-23 14:19:29,2400,svchost,0.999996,Normal Traffic,54
2026-01-23 14:19:29,6628,nvcontainer,0.999993,Normal Traffic,18
2026-01-23 14:19:29,16128,brave,0.999994,Normal Traffic,36
2026-01-23 14:19:29,14332,msedge,0.999994,Normal Traffic,36
2026-01-23 14:19:29,2400,svchost,0.999995,Normal Traffic,36
2026-01-23 14:19:29,6628,nvcontainer,0.999989,Normal Traffic,18
2026-01-23 14:19:29,22292,brave,0.999992,Normal Traffic,18
2026-01-23 14:19:29,16128,brave,0.999992,Normal Traffic,18
2026-01-23 14:19:29,14332,msedge,0.999992,Normal Traffic,18
2026-01-23 14:19:29,2400,svchost,0.999995,Normal Traffic,36
2026-01-23 14:19:29,6628,nvcontainer,0.999992,Normal Traffic,18
2026-01-23 14:19:29,22292,brave,0.999992,Normal Traffic,18
2026-01-23 14:19:29,16128,brave,0.999992,Normal Traffic,18
2026-01-23 14:19:29,14332,msedge,0.999992,Normal Traffic,18
2026-01-23 14:19:29,2400,svchost,0.999995,Normal Traffic,4
2026-01-23 14:19:29,2400,svchost,0.999997,Normal Traffic,4
2026-01-23 14:19:29,2400,svchost,0.999998,Normal Traffic,8
2026-01-23 14:19:29,6748,qbittorrent,0.999974,Normal Traffic,6
2026-01-23 14:19:29,6748,qbittorrent,0.999999,Normal Traffic,1
2026-01-23 14:19:29,6748,qbittorrent,0.999999,Normal Traffic,1
2026-01-23 14:19:29,6748,qbittorrent,0.999998,Normal Traffic,1
2026-01-23 14:19:29,6748,qbittorrent,1.000000,Normal Traffic,1
2026-01-23 14:19:29,6748,qbittorrent,0.999999,Normal Traffic,1
2026-01-23 14:19:29,6748,qbittorrent,1.000000,Normal Traffic,1
2026-01-23 14:19:29,6748,qbittorrent,0.999999,Normal Traffic,1
2026-01-23 14:19:29,6748,qbittorrent,0.999999,Normal Traffic,1
2026-01-23 14:19:29,6748,qbittorrent,0.999999,Normal Traffic,1
2026-01-23 14:19:29,6748,qbittorrent,1.000000,Normal Traffic,1
2026-01-23 14:19:29,6748,qbittorrent,0.999999,Normal Traffic,1
2026-01-23 14:19:29,6748,qbittorrent,1.000000,Normal Traffic,1
2026-01-23 14:19:29,6748,qbittorrent,1.000000,Normal Traffic,1
2026-01-23 14:19:29,6748,qbittorrent,0.999997,Normal Traffic,2
2026-01-23 14:19:29,6748,qbittorrent,0.999998,Normal Traffic,1
2026-01-23 14:19:29,6748,qbittorrent,0.999997,Normal Traffic,2
2026-01-23 14:19:29,6748,qbittorrent,1.000000,Normal Traffic,1
2026-01-23 14:19:29,6748,qbittorrent,1.000000,Normal Traffic,1
2026-01-23 14:19:29,6748,qbittorrent,0.999999,Normal Traffic,1
2026-01-23 14:19:29,6748,qbittorrent,1.000000,Normal Traffic,1
2026-01-23 14:19:29,6748,qbittorrent,0.999999,Normal Traffic,1
2026-01-23 14:19:29,6748,qbittorrent,0.999999,Normal Traffic,1
2026-01-23 14:19:29,6748,qbittorrent,0.999997,Normal Traffic,1
2026-01-23 14:19:29,6748,qbittorrent,1.000000,Normal Traffic,1
2026-01-23 14:19:29,6748,qbittorrent,0.999997,Normal Traffic,2
2026-01-23 14:19:29,6748,qbittorrent,0.999997,Normal Traffic,2
2026-01-23 14:19:29,6748,qbittorrent,0.999999,Normal Traffic,1
2026-01-23 14:19:29,6748,qbittorrent,1.000000,Normal Traffic,1
2026-01-23 14:19:29,6748,qbittorrent,1.000000,Normal Traffic,1
2026-01-23 14:19:29,6748,qbittorrent,0.999998,Normal Traffic,2
2026-01-23 14:19:29,6748,qbittorrent,0.999998,Normal Traffic,2
2026-01-23 14:19:29,6748,qbittorrent,0.999999,Normal Traffic,1
2026-01-23 14:19:29,6748,qbittorrent,0.999997,Normal Traffic,2
2026-01-23 14:19:29,6748,qbittorrent,0.999998,Normal Traffic,2
2026-01-23 14:19:29,6748,qbittorrent,0.999997,Normal Traffic,2
2026-01-23 14:19:29,6748,qbittorrent,1.000000,Normal Traffic,1
2026-01-23 14:19:29,6748,qbittorrent,0.999996,Normal Traffic,2
2026-01-23 14:19:29,6748,qbittorrent,0.999997,Normal Traffic,2
2026-01-23 14:19:29,6748,qbittorrent,0.999998,Normal Traffic,2
2026-01-23 14:19:29,6748,qbittorrent,1.000000,Normal Traffic,1
2026-01-23 14:19:29,6748,qbittorrent,0.999998,Normal Traffic,2
2026-01-23 14:19:29,6748,qbittorrent,1.000000,Normal Traffic,1
2026-01-23 14:19:29,6748,qbittorrent,0.999998,Normal Traffic,2
2026-01-23 14:19:29,6748,qbittorrent,1.000000,Normal Traffic,1
2026-01-23 14:19:29,6748,qbittorrent,1.000000,Normal Traffic,1
2026-01-23 14:19:29,6748,qbittorrent,1.000000,Normal Traffic,1
2026-01-23 14:19:29,6748,qbittorrent,0.999995,Normal Traffic,2
2026-01-23 14:19:29,6748,qbittorrent,0.999998,Normal Traffic,2
2026-01-23 14:19:29,6748,qbittorrent,0.999998,Normal Traffic,2
2026-01-23 14:19:29,6748,qbittorrent,0.999998,Normal Traffic,2
2026-01-23 14:19:29,6748,qbittorrent,0.999994,Normal Traffic,2
2026-01-23 14:19:29,6748,qbittorrent,0.999998,Normal Traffic,2
2026-01-23 14:19:29,6748,qbittorrent,1.000000,Normal Traffic,1
2026-01-23 14:19:29,6748,qbittorrent,0.999996,Normal Traffic,2
2026-01-23 14:19:29,6748,qbittorrent,1.000000,Normal Traffic,1
2026-01-23 14:19:29,6748,qbittorrent,0.999997,Normal Traffic,2
2026-01-23 14:19:29,6748,qbittorrent,0.999998,Normal Traffic,2
2026-01-23 14:19:29,6748,qbittorrent,0.999997,Normal Traffic,2
2026-01-23 14:19:29,6748,qbittorrent,0.999997,Normal Traffic,2
2026-01-23 14:19:29,6748,qbittorrent,0.999999,Normal Traffic,1
2026-01-23 14:19:30,6748,qbittorrent,0.999972,Normal Traffic,4
2026-01-23 14:19:30,4,System,0.999996,Normal Traffic,6
2026-01-23 14:19:30,4,System,0.999996,Normal Traffic,6
2026-01-23 14:19:30,4,System,0.999996,Normal Traffic,9
2026-01-23 14:19:30,6748,qbittorrent,0.999998,Normal Traffic,2
2026-01-23 14:19:30,6748,qbittorrent,0.999991,Normal Traffic,2
2026-01-23 14:19:30,6748,qbittorrent,0.999998,Normal Traffic,2
2026-01-23 14:19:30,6748,qbittorrent,0.999998,Normal Traffic,2
2026-01-23 14:19:30,6748,qbittorrent,0.999998,Normal Traffic,2
2026-01-23 14:19:30,6748,qbittorrent,0.999997,Normal Traffic,2
2026-01-23 14:19:30,6748,qbittorrent,0.999996,Normal Traffic,2
2026-01-23 14:19:30,6748,qbittorrent,0.999999,Normal Traffic,2
2026-01-23 14:19:30,6748,qbittorrent,0.999998,Normal Traffic,2
2026-01-23 14:19:30,6748,qbittorrent,0.999999,Normal Traffic,2
2026-01-23 14:19:30,6748,qbittorrent,0.999990,Normal Traffic,2
2026-01-23 14:19:30,6748,qbittorrent,0.999999,Normal Traffic,2
2026-01-23 14:19:30,6748,qbittorrent,0.999997,Normal Traffic,2
2026-01-23 14:19:30,6748,qbittorrent,0.999998,Normal Traffic,2
2026-01-23 14:19:30,6748,qbittorrent,0.999978,Normal Traffic,2
2026-01-23 14:19:30,6748,qbittorrent,0.999998,Normal Traffic,2
2026-01-23 14:19:30,6748,qbittorrent,0.999999,Normal Traffic,2
2026-01-23 14:19:30,6748,qbittorrent,0.999990,Normal Traffic,2
2026-01-23 14:19:30,6748,qbittorrent,0.999998,Normal Traffic,2
2026-01-23 14:19:30,6748,qbittorrent,0.999998,Normal Traffic,2
2026-01-23 14:19:30,6748,qbittorrent,0.999998,Normal Traffic,2
2026-01-23 14:19:30,6748,qbittorrent,0.999994,Normal Traffic,2
2026-01-23 14:19:30,6748,qbittorrent,0.999998,Normal Traffic,2
2026-01-23 14:19:30,6748,qbittorrent,0.999993,Normal Traffic,2
2026-01-23 14:19:31,2400,svchost,0.999988,Normal Traffic,84
2026-01-23 14:19:31,16272,Hiddify,0.999919,Normal Traffic,230
2026-01-23 14:19:31,6748,qbittorrent,0.999997,Normal Traffic,6
2026-01-23 14:19:31,6748,qbittorrent,0.999999,Normal Traffic,5
2026-01-23 14:19:31,6748,qbittorrent,0.999994,Normal Traffic,8
2026-01-23 14:19:31,6748,qbittorrent,0.999994,Normal Traffic,8
2026-01-23 14:19:31,6748,qbittorrent,0.999997,Normal Traffic,8
2026-01-23 14:19:31,6748,qbittorrent,0.999997,Normal Traffic,8
2026-01-23 14:19:31,6748,qbittorrent,0.999998,Normal Traffic,3
2026-01-23 14:19:31,6748,qbittorrent,0.999998,Normal Traffic,2
2026-01-23 14:19:31,6748,qbittorrent,0.999990,Normal Traffic,1
2026-01-23 14:19:31,6748,qbittorrent,1.000000,Normal Traffic,1
2026-01-23 14:19:31,6748,qbittorrent,0.000153,DoS,2
2026-01-23 14:19:31,6748,qbittorrent,0.999568,Normal Traffic,2
2026-01-23 14:19:31,6748,qbittorrent,1.000000,Normal Traffic,1
2026-01-23 14:19:31,6748,qbittorrent,1.000000,Normal Traffic,1
2026-01-23 14:19:31,6748,qbittorrent,0.999993,Normal Traffic,3
2026-01-23 14:19:31,6748,qbittorrent,1.000000,Normal Traffic,1
2026-01-23 14:19:31,6748,qbittorrent,1.000000,Normal Traffic,3
2026-01-23 14:19:32,25188,Telegram,0.999973,Normal Traffic,6
2026-01-23 14:19:32,6748,qbittorrent,0.982272,Normal Traffic,8
2026-01-23 14:19:33,6748,qbittorrent,0.999999,Normal Traffic,18
2026-01-23 14:19:33,6748,qbittorrent,0.999998,Normal Traffic,24
2026-01-23 14:19:33,6748,qbittorrent,1.000000,Normal Traffic,18
2026-01-23 14:19:33,6748,qbittorrent,0.999997,Normal Traffic,38
2026-01-23 14:19:33,6748,qbittorrent,0.999989,Normal Traffic,10
2026-01-23 14:19:33,6748,qbittorrent,0.999998,Normal Traffic,2
2026-01-23 14:19:33,6748,qbittorrent,0.999991,Normal Traffic,2
2026-01-23 14:19:33,6748,qbittorrent,0.999996,Normal Traffic,2
2026-01-23 14:19:33,6748,qbittorrent,0.999999,Normal Traffic,2
2026-01-23 14:19:33,6748,qbittorrent,0.999998,Normal Traffic,2
2026-01-23 14:19:34,22292,brave,1.000000,Normal Traffic,19
2026-01-23 14:19:34,6748,qbittorrent,1.000000,Normal Traffic,2
2026-01-23 14:19:34,22292,brave,0.999997,Normal Traffic,6
2026-01-23 14:19:36,6748,qbittorrent,0.999998,Normal Traffic,2
2026-01-23 14:19:36,6748,qbittorrent,0.999997,Normal Traffic,2
2026-01-23 14:19:38,6748,qbittorrent,0.999994,Normal Traffic,4
2026-01-23 14:19:38,6748,qbittorrent,0.999971,Normal Traffic,2
2026-01-23 14:19:38,6748,qbittorrent,0.999919,Normal Traffic,2
2026-01-23 14:19:38,6748,qbittorrent,0.999984,Normal Traffic,2
2026-01-23 14:19:40,6748,qbittorrent,1.000000,Normal Traffic,1
2026-01-23 14:19:41,6748,qbittorrent,0.999964,Normal Traffic,2
2026-01-23 14:19:42,6748,qbittorrent,0.999800,Normal Traffic,2
2026-01-23 14:19:43,6748,qbittorrent,0.999998,Normal Traffic,2
2026-01-23 14:19:44,6748,qbittorrent,0.999966,Normal Traffic,4
2026-01-23 14:19:44,6748,qbittorrent,0.999974,Normal Traffic,4
2026-01-23 14:19:44,6748,qbittorrent,0.999981,Normal Traffic,4
2026-01-23 14:19:44,6748,qbittorrent,0.999968,Normal Traffic,4
2026-01-23 14:19:45,6748,qbittorrent,0.999982,Normal Traffic,6
2026-01-23 14:19:45,6748,qbittorrent,0.999982,Normal Traffic,6
2026-01-23 14:19:45,6748,qbittorrent,0.999996,Normal Traffic,4
2026-01-23 14:19:45,6748,qbittorrent,0.999995,Normal Traffic,4
2026-01-23 14:19:45,6748,qbittorrent,0.999995,Normal Traffic,4
2026-01-23 14:19:45,6748,qbittorrent,0.999988,Normal Traffic,6
2026-01-23 14:19:45,6748,qbittorrent,0.994903,Normal Traffic,6
2026-01-23 14:19:45,6748,qbittorrent,0.996592,Normal Traffic,6
2026-01-23 14:19:46,6748,qbittorrent,0.999995,Normal Traffic,4
2026-01-23 14:19:48,6748,qbittorrent,0.999996,Normal Traffic,2
2026-01-23 14:19:50,6748,qbittorrent,1.000000,Normal Traffic,1
2026-01-23 14:19:53,6748,qbittorrent,0.999998,Normal Traffic,2
2026-01-23 14:19:54,12672,Code,0.999982,Normal Traffic,2
2026-01-23 14:19:55,16272,Hiddify,0.999998,Normal Traffic,1
2026-01-23 14:19:55,22292,brave,0.999998,Normal Traffic,1
2026-01-23 14:19:58,6748,qbittorrent,0.999985,Normal Traffic,2
2026-01-23 14:20:00,6748,qbittorrent,1.000000,Normal Traffic,1
2026-01-23 14:20:00,6748,qbittorrent,1.000000,Normal Traffic,1
2026-01-23 14:20:01,16272,Hiddify,0.999999,Normal Traffic,589
2026-01-23 14:20:01,19472,svchost,0.999886,Normal Traffic,1
2026-01-23 14:20:03,6748,qbittorrent,0.999998,Normal Traffic,2
2026-01-23 14:20:04,22292,brave,0.999996,Normal Traffic,6
2026-01-23 14:20:08,6748,qbittorrent,0.999978,Normal Traffic,2
2026-01-23 14:20:10,6748,qbittorrent,1.000000,Normal Traffic,1
2026-01-23 14:20:12,10832,warp-svc,0.999999,Normal Traffic,2
2026-01-23 14:20:13,16272,Hiddify,0.999989,Normal Traffic,3000
2026-01-23 14:20:13,6748,qbittorrent,0.999998,Normal Traffic,2
2026-01-23 14:20:18,6748,qbittorrent,0.999991,Normal Traffic,2
2026-01-23 14:20:19,16272,Hiddify,0.999999,Normal Traffic,6
2026-01-23 14:20:19,10484,svchost,0.999992,Normal Traffic,2
2026-01-23 14:20:20,2400,svchost,0.999995,Normal Traffic,8
2026-01-23 14:20:23,22292,brave,1.000000,Normal Traffic,17
2026-01-23 14:20:23,5412,svchost,0.313276,DoS,7
2026-01-23 14:20:23,5412,svchost,0.108201,DoS,2
2026-01-23 14:20:23,6748,qbittorrent,0.999992,Normal Traffic,2
2026-01-23 14:20:24,22292,brave,0.999995,Normal Traffic,19
2026-01-23 14:20:28,6748,qbittorrent,1.000000,Normal Traffic,1
2026-01-23 14:20:33,6748,qbittorrent,0.999998,Normal Traffic,2
2026-01-23 14:20:34,22292,brave,0.999997,Normal Traffic,6
2026-01-23 14:20:36,12672,Code,0.999976,Normal Traffic,4
2026-01-23 14:20:38,6748,qbittorrent,0.999994,Normal Traffic,2
2026-01-23 14:20:39,25188,Telegram,0.998626,Normal Traffic,19
2026-01-23 14:20:42,6748,qbittorrent,0.999999,Normal Traffic,60
2026-01-23 14:20:42,6748,qbittorrent,0.999998,Normal Traffic,20
2026-01-23 14:20:42,6748,qbittorrent,0.999998,Normal Traffic,20
2026-01-23 14:20:42,25188,Telegram,0.999993,Normal Traffic,641
2026-01-23 14:20:42,12832,svchost,0.999933,Normal Traffic,23
2026-01-23 14:20:43,25188,Telegram,0.999999,Normal Traffic,87
2026-01-23 14:20:43,6748,qbittorrent,0.999998,Normal Traffic,2
2026-01-23 14:20:45,25188,Telegram,0.999996,Normal Traffic,62
2026-01-23 14:20:47,6284,HiddifyCli,0.999994,Normal Traffic,3000
2026-01-23 14:20:48,6748,qbittorrent,0.999999,Normal Traffic,1
2026-01-23 14:20:50,23464,WinStore.App,0.999997,Normal Traffic,17
2026-01-23 14:20:51,23464,WinStore.App,0.999975,Normal Traffic,302
2026-01-23 14:20:51,17896,WindowsPackageManagerServer,0.999993,Normal Traffic,375
2026-01-23 14:20:53,23464,WinStore.App,0.999998,Normal Traffic,270
2026-01-23 14:20:53,6748,qbittorrent,0.999996,Normal Traffic,2
2026-01-23 14:20:54,23464,WinStore.App,0.999999,Normal Traffic,160
2026-01-23 14:20:54,23464,WinStore.App,0.999998,Normal Traffic,25
2026-01-23 14:20:54,23464,WinStore.App,0.999997,Normal Traffic,14
2026-01-23 14:20:54,23464,WinStore.App,0.999847,Normal Traffic,8
2026-01-23 14:20:54,23464,ExitedProcess,0.999995,Normal Traffic,2
2026-01-23 14:20:54,664,AsusSoftwareManagerAgent,0.999999,Normal Traffic,1
2026-01-23 14:20:55,13884,svchost,0.999999,Normal Traffic,93
2026-01-23 14:20:58,7132,SearchHost,0.999997,Normal Traffic,9
2026-01-23 14:20:58,6748,qbittorrent,0.999995,Normal Traffic,2
2026-01-23 14:21:02,6748,qbittorrent,0.999993,Normal Traffic,6
2026-01-23 14:21:02,6748,qbittorrent,0.999950,Normal Traffic,2
2026-01-23 14:21:02,6748,qbittorrent,0.999972,Normal Traffic,2
2026-01-23 14:21:03,6748,qbittorrent,1.000000,Normal Traffic,1
2026-01-23 14:21:03,664,AsusSoftwareManagerAgent,0.999998,Normal Traffic,1
2026-01-23 14:21:04,22292,brave,0.999996,Normal Traffic,6
2026-01-23 14:21:05,22292,brave,0.999992,Normal Traffic,20
2026-01-23 14:21:08,2400,svchost,0.999997,Normal Traffic,16
2026-01-23 14:21:08,6748,qbittorrent,0.999994,Normal Traffic,2
2026-01-23 14:21:09,20224,SchildiChatAlpha,0.999992,Normal Traffic,12
2026-01-23 14:21:10,9628,EXCEL,0.999997,Normal Traffic,11
2026-01-23 14:21:10,25188,Telegram,0.999994,Normal Traffic,2
2026-01-23 14:21:10,16272,Hiddify,0.999997,Normal Traffic,3000
2026-01-23 14:21:11,9628,EXCEL,0.999998,Normal Traffic,8
2026-01-23 14:21:13,25584,msedgewebview2,0.999997,Normal Traffic,156
2026-01-23 14:21:13,10832,warp-svc,0.999999,Normal Traffic,2
2026-01-23 14:21:14,6748,qbittorrent,0.999965,Normal Traffic,2
2026-01-23 14:21:16,6748,qbittorrent,0.999998,Normal Traffic,1
2026-01-23 14:21:18,2400,svchost,0.999994,Normal Traffic,67
2026-01-23 14:21:18,16272,Hiddify,0.999848,Normal Traffic,146
2026-01-23 14:21:19,6748,qbittorrent,0.999956,Normal Traffic,2
2026-01-23 14:21:19,10484,svchost,0.999994,Normal Traffic,2
2026-01-23 14:21:21,9628,EXCEL,0.999996,Normal Traffic,10
2026-01-23 14:21:21,9628,EXCEL,0.999999,Normal Traffic,39
2026-01-23 14:21:21,9628,EXCEL,0.999993,Normal Traffic,14
2026-01-23 14:21:21,9628,EXCEL,0.999996,Normal Traffic,10
2026-01-23 14:21:21,9628,EXCEL,0.999999,Normal Traffic,82
2026-01-23 14:21:21,9628,EXCEL,0.999997,Normal Traffic,13
2026-01-23 14:21:21,9628,EXCEL,0.999998,Normal Traffic,10
2026-01-23 14:21:24,6748,qbittorrent,0.999997,Normal Traffic,2
2026-01-23 14:21:24,5412,svchost,0.999886,Normal Traffic,1
2026-01-23 14:21:24,5412,svchost,0.999886,Normal Traffic,1
2026-01-23 14:21:25,6748,qbittorrent,0.999965,Normal Traffic,6
2026-01-23 14:21:25,6748,qbittorrent,0.999998,Normal Traffic,2
2026-01-23 14:21:25,6748,qbittorrent,0.999995,Normal Traffic,2
2026-01-23 14:21:29,6748,qbittorrent,0.999998,Normal Traffic,2
2026-01-23 14:21:30,7212,MsMpEng,0.999998,Normal Traffic,1
2026-01-23 14:21:34,6748,qbittorrent,0.999998,Normal Traffic,2
2026-01-23 14:21:35,22292,brave,0.999997,Normal Traffic,6
2026-01-23 14:21:38,22292,brave,0.999999,Normal Traffic,2
2026-01-23 14:21:38,19488,msedge,0.999995,Normal Traffic,2
2026-01-23 14:21:39,6748,qbittorrent,0.999998,Normal Traffic,2
2026-01-23 14:21:44,6748,qbittorrent,0.999998,Normal Traffic,2
2026-01-23 14:21:48,5412,svchost,0.996692,Normal Traffic,4
2026-01-23 14:21:49,20224,SchildiChatAlpha,0.999990,Normal Traffic,317
2026-01-23 14:21:49,6748,qbittorrent,0.999998,Normal Traffic,2
2026-01-23 14:21:52,17896,WindowsPackageManagerServer,1.000000,Normal Traffic,7
2026-01-23 14:21:54,6748,qbittorrent,0.999997,Normal Traffic,2
2026-01-23 14:21:55,25188,Telegram,0.999989,Normal Traffic,2
2026-01-23 14:22:00,6748,qbittorrent,0.999985,Normal Traffic,2
2026-01-23 14:22:03,22292,brave,0.999999,Normal Traffic,27
2026-01-23 14:22:04,22292,brave,0.999997,Normal Traffic,33
2026-01-23 14:22:04,6748,qbittorrent,1.000000,Normal Traffic,1
2026-01-23 14:22:06,22292,brave,0.999996,Normal Traffic,6
2026-01-23 14:22:09,6748,qbittorrent,0.999996,Normal Traffic,2
2026-01-23 14:22:14,6748,qbittorrent,1.000000,Normal Traffic,1
2026-01-23 14:22:16,10832,warp-svc,1.000000,Normal Traffic,3
2026-01-23 14:22:19,2400,svchost,0.999984,Normal Traffic,8
2026-01-23 14:22:19,2400,svchost,0.999993,Normal Traffic,12
2026-01-23 14:22:19,16272,Hiddify,0.999805,Normal Traffic,16
2026-01-23 14:22:19,6748,qbittorrent,1.000000,Normal Traffic,1
2026-01-23 14:22:19,20224,SchildiChatAlpha,0.999998,Normal Traffic,5
2026-01-23 14:22:19,10484,svchost,0.999991,Normal Traffic,2
2026-01-23 14:22:24,6748,qbittorrent,0.999997,Normal Traffic,2
2026-01-23 14:22:29,6748,qbittorrent,0.999997,Normal Traffic,2
2026-01-23 14:22:29,16272,Hiddify,0.999995,Normal Traffic,3000
2026-01-23 14:22:31,12832,svchost,0.999998,Normal Traffic,2
2026-01-23 14:22:34,6748,qbittorrent,1.000000,Normal Traffic,1
2026-01-23 14:22:35,22292,brave,0.999987,Normal Traffic,26
2026-01-23 14:22:38,22292,brave,1.000000,Normal Traffic,132
2026-01-23 14:22:39,22292,brave,0.999998,Normal Traffic,68
2026-01-23 14:22:39,6748,qbittorrent,0.999998,Normal Traffic,1
2026-01-23 14:22:40,25188,Telegram,0.999999,Normal Traffic,4
2026-01-23 14:22:43,22292,brave,0.999995,Normal Traffic,260
2026-01-23 14:22:44,22292,brave,0.999999,Normal Traffic,91
2026-01-23 14:22:44,22292,brave,1.000000,Normal Traffic,56
2026-01-23 14:22:44,6748,qbittorrent,0.999997,Normal Traffic,2
2026-01-23 14:22:46,22292,brave,0.999974,Normal Traffic,6
2026-01-23 14:22:47,22292,brave,0.999997,Normal Traffic,68
2026-01-23 14:22:47,22292,brave,0.999998,Normal Traffic,47
2026-01-23 14:22:48,22292,brave,0.999997,Normal Traffic,136
2026-01-23 14:22:48,22292,brave,0.999999,Normal Traffic,157
2026-01-23 14:22:48,7132,SearchHost,0.999995,Normal Traffic,2
2026-01-23 14:22:48,5412,svchost,0.999886,Normal Traffic,1
2026-01-23 14:22:49,22292,brave,0.999998,Normal Traffic,207
2026-01-23 14:22:49,22292,brave,0.999999,Normal Traffic,1220
2026-01-23 14:22:49,22292,brave,1.000000,Normal Traffic,213
2026-01-23 14:22:49,5412,svchost,0.108201,DoS,2
2026-01-23 14:22:49,22292,brave,0.999997,Normal Traffic,29
2026-01-23 14:22:49,6748,qbittorrent,0.999995,Normal Traffic,1
2026-01-23 14:22:50,20224,SchildiChatAlpha,0.999998,Normal Traffic,7
2026-01-23 14:22:53,22292,brave,1.000000,Normal Traffic,32
2026-01-23 14:22:54,6748,qbittorrent,1.000000,Normal Traffic,1
2026-01-23 14:23:00,6748,qbittorrent,0.999999,Normal Traffic,2
2026-01-23 14:23:01,2400,svchost,0.999996,Normal Traffic,1
2026-01-23 14:23:02,19488,msedge,0.999997,Normal Traffic,9
2026-01-23 14:23:03,19488,msedge,0.999997,Normal Traffic,8
2026-01-23 14:23:04,6748,qbittorrent,1.000000,Normal Traffic,1
2026-01-23 14:23:05,19488,msedge,0.999995,Normal Traffic,18
2026-01-23 14:23:05,16272,Hiddify,0.999996,Normal Traffic,18
2026-01-23 14:23:06,19488,msedge,0.999997,Normal Traffic,39
2026-01-23 14:23:06,19488,ExitedProcess,0.999997,Normal Traffic,2
2026-01-23 14:23:07,22292,brave,0.999998,Normal Traffic,33
2026-01-23 14:23:07,3280,msedge,0.999983,Normal Traffic,11
2026-01-23 14:23:08,12672,Code,0.999997,Normal Traffic,11
2026-01-23 14:23:08,12832,svchost,0.999998,Normal Traffic,10
2026-01-23 14:23:09,3280,msedge,0.999997,Normal Traffic,22
2026-01-23 14:23:09,9632,msedge,0.999999,Normal Traffic,14
2026-01-23 14:23:09,6748,qbittorrent,1.000000,Normal Traffic,1
2026-01-23 14:23:13,10832,warp-svc,0.999998,Normal Traffic,2
2026-01-23 14:23:14,6748,qbittorrent,0.999999,Normal Traffic,1
2026-01-23 14:23:19,6748,qbittorrent,0.999996,Normal Traffic,2
2026-01-23 14:23:19,10484,svchost,0.999993,Normal Traffic,2
2026-01-23 14:23:20,20224,SchildiChatAlpha,0.999998,Normal Traffic,5
2026-01-23 14:23:24,20124,SystemSettings,0.999998,Normal Traffic,12
2026-01-23 14:23:24,6748,qbittorrent,0.999997,Normal Traffic,2
2026-01-23 14:23:29,6748,qbittorrent,0.999997,Normal Traffic,2
2026-01-23 14:23:36,6748,qbittorrent,0.999999,Normal Traffic,2
2026-01-23 14:23:36,3280,msedge,0.999994,Normal Traffic,35
2026-01-23 14:23:37,22292,brave,0.999996,Normal Traffic,6
2026-01-23 14:23:39,6748,qbittorrent,1.000000,Normal Traffic,1
2026-01-23 14:23:40,3280,msedge,0.999987,Normal Traffic,4
2026-01-23 14:23:44,6748,qbittorrent,0.999998,Normal Traffic,2
2026-01-23 14:23:49,5412,svchost,0.999886,Normal Traffic,1
2026-01-23 14:23:49,6748,qbittorrent,0.999997,Normal Traffic,2
2026-01-23 14:23:50,20224,SchildiChatAlpha,0.999998,Normal Traffic,9
2026-01-23 14:23:51,6132,svchost,0.999997,Normal Traffic,15
2026-01-23 14:23:51,6132,svchost,0.999997,Normal Traffic,15
2026-01-23 14:23:51,22292,brave,0.999997,Normal Traffic,33
2026-01-23 14:23:54,6748,qbittorrent,0.999998,Normal Traffic,2
2026-01-23 14:23:59,6748,qbittorrent,1.000000,Normal Traffic,1
2026-01-23 14:24:04,6748,qbittorrent,0.999990,Normal Traffic,2
2026-01-23 14:24:05,11156,gamingservices,0.999997,Normal Traffic,10
2026-01-23 14:24:06,20220,WINWORD,0.999998,Normal Traffic,9
2026-01-23 14:24:07,22292,brave,0.999997,Normal Traffic,6
2026-01-23 14:24:08,22292,brave,0.999997,Normal Traffic,86
2026-01-23 14:24:09,6748,qbittorrent,0.999963,Normal Traffic,2
2026-01-23 14:24:11,16272,Hiddify,0.999997,Normal Traffic,3000
2026-01-23 14:24:13,10832,warp-svc,0.999999,Normal Traffic,2
2026-01-23 14:24:14,25188,Telegram,0.999997,Normal Traffic,12
2026-01-23 14:24:14,6748,qbittorrent,0.999997,Normal Traffic,2
2026-01-23 14:24:14,20124,ExitedProcess,1.000000,Normal Traffic,1
2026-01-23 14:24:14,6284,HiddifyCli,0.999997,Normal Traffic,3000
2026-01-23 14:24:17,7132,SearchHost,0.999998,Normal Traffic,11
2026-01-23 14:24:18,16272,Hiddify,0.005017,DoS,2
2026-01-23 14:24:18,26708,lgc,0.216397,DoS,2
2026-01-23 14:24:19,6748,qbittorrent,0.999998,Normal Traffic,2
2026-01-23 14:24:19,10484,svchost,0.999994,Normal Traffic,2
2026-01-23 14:24:20,2400,svchost,0.999994,Normal Traffic,26
2026-01-23 14:24:20,22292,brave,0.999999,Normal Traffic,23
2026-01-23 14:24:20,20224,SchildiChatAlpha,0.999998,Normal Traffic,5
2026-01-23 14:24:21,12832,svchost,1.000000,Normal Traffic,1
2026-01-23 14:24:22,25584,msedgewebview2,0.999998,Normal Traffic,99
2026-01-23 14:24:24,6748,qbittorrent,0.999998,Normal Traffic,2
2026-01-23 14:24:28,18940,dataspell64,0.999997,Normal Traffic,18
2026-01-23 14:24:28,18940,dataspell64,0.999996,Normal Traffic,7
2026-01-23 14:24:29,18940,dataspell64,0.999999,Normal Traffic,33
2026-01-23 14:24:29,6748,qbittorrent,0.999998,Normal Traffic,2
2026-01-23 14:24:32,12672,Code,0.999977,Normal Traffic,4
2026-01-23 14:24:33,18940,dataspell64,0.999993,Normal Traffic,120
2026-01-23 14:24:34,6748,qbittorrent,0.999996,Normal Traffic,2
2026-01-23 14:24:35,18940,dataspell64,0.999984,Normal Traffic,2211
2026-01-23 14:24:37,16272,Hiddify,1.000000,Normal Traffic,8
2026-01-23 14:24:37,16272,Hiddify,0.999998,Normal Traffic,1
2026-01-23 14:24:38,22292,brave,0.999995,Normal Traffic,5
2026-01-23 14:24:39,22292,brave,1.000000,Normal Traffic,86
2026-01-23 14:24:39,6748,qbittorrent,0.999998,Normal Traffic,2
2026-01-23 14:24:40,2400,svchost,0.999993,Normal Traffic,84
2026-01-23 14:24:40,16272,Hiddify,0.999898,Normal Traffic,189
2026-01-23 14:24:40,2400,svchost,0.999997,Normal Traffic,4
2026-01-23 14:24:41,6132,svchost,0.999997,Normal Traffic,13
2026-01-23 14:24:43,16272,Hiddify,0.999991,Normal Traffic,3000
2026-01-23 14:24:44,6748,qbittorrent,0.999999,Normal Traffic,1
2026-01-23 14:24:49,6748,qbittorrent,0.999999,Normal Traffic,1
2026-01-23 14:24:50,20224,SchildiChatAlpha,0.999998,Normal Traffic,9
2026-01-23 14:24:54,6748,qbittorrent,0.999998,Normal Traffic,2
2026-01-23 14:24:54,16272,Hiddify,0.999985,Normal Traffic,3000
2026-01-23 14:24:59,9632,msedge,1.000000,Normal Traffic,2
2026-01-23 14:24:59,6748,qbittorrent,0.999987,Normal Traffic,2
2026-01-23 14:25:04,25584,msedgewebview2,0.999999,Normal Traffic,112
2026-01-23 14:25:04,6748,qbittorrent,0.999997,Normal Traffic,2
2026-01-23 14:25:06,5612,chrome,0.999997,Normal Traffic,19
2026-01-23 14:25:06,16272,Hiddify,0.999995,Normal Traffic,19
2026-01-23 14:25:08,5612,chrome,0.999996,Normal Traffic,21
2026-01-23 14:25:08,16272,Hiddify,0.999999,Normal Traffic,72
2026-01-23 14:25:08,5612,chrome,0.999997,Normal Traffic,71
2026-01-23 14:25:08,16272,Hiddify,0.999996,Normal Traffic,26
2026-01-23 14:25:08,5612,chrome,0.999996,Normal Traffic,26
2026-01-23 14:25:08,22292,brave,0.999997,Normal Traffic,6
2026-01-23 14:25:09,6748,qbittorrent,0.999998,Normal Traffic,2
2026-01-23 14:25:10,25188,Telegram,0.999986,Normal Traffic,4
2026-01-23 14:25:10,16272,Hiddify,0.999997,Normal Traffic,20
2026-01-23 14:25:10,5612,chrome,0.999997,Normal Traffic,20
2026-01-23 14:25:11,22292,brave,0.999999,Normal Traffic,2
2026-01-23 14:25:12,10832,warp-svc,0.999999,Normal Traffic,2
2026-01-23 14:25:13,16272,Hiddify,0.999999,Normal Traffic,38
2026-01-23 14:25:14,4308,chrome,0.999999,Normal Traffic,11
2026-01-23 14:25:14,6628,nvcontainer,0.999999,Normal Traffic,8
2026-01-23 14:25:14,22292,brave,0.999999,Normal Traffic,8
2026-01-23 14:25:14,2400,svchost,0.999999,Normal Traffic,8
2026-01-23 14:25:14,16128,brave,0.999999,Normal Traffic,8
2026-01-23 14:25:14,4308,chrome,0.999998,Normal Traffic,11
2026-01-23 14:25:14,6628,nvcontainer,0.999999,Normal Traffic,8
2026-01-23 14:25:14,22292,brave,0.999999,Normal Traffic,8
2026-01-23 14:25:14,2400,svchost,0.999999,Normal Traffic,8
2026-01-23 14:25:14,16128,brave,0.999999,Normal Traffic,8
2026-01-23 14:25:14,4308,chrome,0.999997,Normal Traffic,19
2026-01-23 14:25:14,6628,nvcontainer,0.999999,Normal Traffic,8
2026-01-23 14:25:14,2400,svchost,0.999996,Normal Traffic,16
2026-01-23 14:25:14,16128,brave,0.999996,Normal Traffic,16
2026-01-23 14:25:14,5612,chrome,0.999990,Normal Traffic,10
2026-01-23 14:25:14,5612,chrome,0.999981,Normal Traffic,10
2026-01-23 14:25:14,5612,chrome,0.999991,Normal Traffic,15
2026-01-23 14:25:14,5612,chrome,0.999998,Normal Traffic,10
2026-01-23 14:25:14,6748,qbittorrent,0.999999,Normal Traffic,2
2026-01-23 14:25:17,5612,chrome,0.999998,Normal Traffic,979
2026-01-23 14:25:17,16272,Hiddify,0.999998,Normal Traffic,959
2026-01-23 14:25:19,16272,Hiddify,0.999992,Normal Traffic,3000
2026-01-23 14:25:19,6748,qbittorrent,0.999998,Normal Traffic,1
2026-01-23 14:25:19,10484,svchost,0.999991,Normal Traffic,2
2026-01-23 14:25:20,20224,SchildiChatAlpha,0.999998,Normal Traffic,6
2026-01-23 14:25:21,6284,HiddifyCli,0.999994,Normal Traffic,3000
2026-01-23 14:25:23,5612,chrome,0.999997,Normal Traffic,12
2026-01-23 14:25:23,16272,Hiddify,0.999999,Normal Traffic,13
2026-01-23 14:25:23,16272,Hiddify,0.999990,Normal Traffic,46
2026-01-23 14:25:24,6748,qbittorrent,0.999998,Normal Traffic,2
2026-01-23 14:25:25,16272,Hiddify,0.999983,Normal Traffic,3000
2026-01-23 14:25:26,5612,chrome,0.999998,Normal Traffic,21
2026-01-23 14:25:26,5612,chrome,0.999997,Normal Traffic,13
2026-01-23 14:25:26,16272,Hiddify,0.999983,Normal Traffic,29
2026-01-23 14:25:26,16272,Hiddify,0.999994,Normal Traffic,49
2026-01-23 14:25:26,5612,chrome,0.999996,Normal Traffic,10
2026-01-23 14:25:26,16272,Hiddify,0.999980,Normal Traffic,5
2026-01-23 14:25:27,2400,svchost,0.999999,Normal Traffic,7
2026-01-23 14:25:27,12672,Code,0.999984,Normal Traffic,2
2026-01-23 14:25:28,2400,svchost,0.995262,Normal Traffic,14
2026-01-23 14:25:28,16272,Hiddify,0.999961,Normal Traffic,82
2026-01-23 14:25:28,7132,SearchHost,0.999995,Normal Traffic,10
2026-01-23 14:25:29,6748,qbittorrent,0.999991,Normal Traffic,2
2026-01-23 14:25:33,25584,msedgewebview2,0.999998,Normal Traffic,59
2026-01-23 14:25:34,6748,qbittorrent,0.999998,Normal Traffic,2
2026-01-23 14:25:38,22292,brave,0.999996,Normal Traffic,6
2026-01-23 14:25:39,6748,qbittorrent,0.999994,Normal Traffic,2
2026-01-23 14:25:41,6284,HiddifyCli,0.999986,Normal Traffic,3000
2026-01-23 14:25:41,2964,lyrebird,0.999984,Normal Traffic,3000
2026-01-23 14:25:44,6748,qbittorrent,0.999998,Normal Traffic,2
2026-01-23 14:25:49,6748,qbittorrent,0.999981,Normal Traffic,2
2026-01-23 14:25:51,20224,SchildiChatAlpha,0.999998,Normal Traffic,9
2026-01-23 14:25:53,20220,WINWORD,0.999998,Normal Traffic,1
2026-01-23 14:25:54,6748,qbittorrent,0.999983,Normal Traffic,2
2026-01-23 14:25:55,12672,Code,0.999982,Normal Traffic,2
2026-01-23 14:25:55,25188,Telegram,0.999993,Normal Traffic,2
2026-01-23 14:25:59,16272,Hiddify,0.999989,Normal Traffic,3000
2026-01-23 14:25:59,6748,qbittorrent,0.999997,Normal Traffic,2
2026-01-23 14:26:04,6284,HiddifyCli,0.999987,Normal Traffic,3000
2026-01-23 14:26:04,6748,qbittorrent,0.999998,Normal Traffic,2
2026-01-23 14:26:08,22292,brave,0.999996,Normal Traffic,6
2026-01-23 14:26:09,22292,brave,1.000000,Normal Traffic,19
2026-01-23 14:26:09,6748,qbittorrent,0.999999,Normal Traffic,2
2026-01-23 14:26:12,10832,warp-svc,0.999999,Normal Traffic,2
2026-01-23 14:26:14,6748,qbittorrent,1.000000,Normal Traffic,1
2026-01-23 14:26:14,2400,svchost,0.999986,Normal Traffic,4
2026-01-23 14:26:16,5352,MicrosoftStartFeedProvider,0.999994,Normal Traffic,43
2026-01-23 14:26:19,6748,qbittorrent,1.000000,Normal Traffic,1
2026-01-23 14:26:19,10484,svchost,0.999992,Normal Traffic,2
2026-01-23 14:26:21,2400,svchost,0.995582,Normal Traffic,6
2026-01-23 14:26:21,16272,Hiddify,0.999766,Normal Traffic,12
2026-01-23 14:26:21,20224,SchildiChatAlpha,0.999999,Normal Traffic,7
2026-01-23 14:26:24,6748,qbittorrent,0.999998,Normal Traffic,2
2026-01-23 14:26:29,6748,qbittorrent,0.999999,Normal Traffic,1
2026-01-23 14:26:34,6748,qbittorrent,1.000000,Normal Traffic,1
2026-01-23 14:26:37,25188,Telegram,0.999583,Normal Traffic,5
2026-01-23 14:26:37,25188,Telegram,0.999642,Normal Traffic,7
2026-01-23 14:26:39,22292,brave,0.999996,Normal Traffic,5
2026-01-23 14:26:39,6748,qbittorrent,1.000000,Normal Traffic,1
2026-01-23 14:26:41,12672,Code,0.999977,Normal Traffic,4
2026-01-23 14:26:41,22292,brave,0.999999,Normal Traffic,2
2026-01-23 14:26:44,6748,qbittorrent,0.999999,Normal Traffic,1
2026-01-23 14:26:49,6748,qbittorrent,1.000000,Normal Traffic,1
2026-01-23 14:26:51,20224,SchildiChatAlpha,0.999998,Normal Traffic,5
2026-01-23 14:26:52,2964,lyrebird,0.999988,Normal Traffic,2190
2026-01-23 14:26:52,2964,lyrebird,0.999983,Normal Traffic,2093
2026-01-23 14:26:54,6748,qbittorrent,1.000000,Normal Traffic,1
2026-01-23 14:26:55,22292,brave,0.999995,Normal Traffic,556
2026-01-23 14:26:56,2400,svchost,0.999982,Normal Traffic,5
2026-01-23 14:26:56,16272,Hiddify,0.999840,Normal Traffic,12
2026-01-23 14:26:57,12672,Code,0.999992,Normal Traffic,726
2026-01-23 14:26:57,6284,HiddifyCli,0.999995,Normal Traffic,254
2026-01-23 14:26:58,25188,Telegram,1.000000,Normal Traffic,9
2026-01-23 14:26:58,7132,SearchHost,1.000000,Normal Traffic,1
2026-01-23 14:26:58,5352,MicrosoftStartFeedProvider,1.000000,Normal Traffic,1
2026-01-23 14:26:58,16272,Hiddify,0.999998,Normal Traffic,2
2026-01-23 14:26:58,16272,Hiddify,1.000000,Normal Traffic,4
2026-01-23 14:26:58,16272,Hiddify,0.999998,Normal Traffic,2
2026-01-23 14:26:58,25188,Telegram,1.000000,Normal Traffic,5
2026-01-23 14:26:58,26708,lgc,0.999998,Normal Traffic,6
2026-01-23 14:26:58,2844,svchost,0.062935,DoS,2
2026-01-23 14:26:59,16272,Hiddify,0.999994,Normal Traffic,1202
2026-01-23 14:26:59,2400,svchost,0.999999,Normal Traffic,4
2026-01-23 14:26:59,2400,svchost,0.999999,Normal Traffic,4
2026-01-23 14:26:59,3852,svchost,0.999995,Normal Traffic,4
2026-01-23 14:26:59,6748,qbittorrent,0.999999,Normal Traffic,1
2026-01-23 14:27:03,12672,Code,0.999994,Normal Traffic,9
2026-01-23 14:27:04,6748,qbittorrent,0.999999,Normal Traffic,1
2026-01-23 14:27:09,6748,qbittorrent,0.999998,Normal Traffic,1
2026-01-23 14:27:12,10832,warp-svc,0.999980,Normal Traffic,2
2026-01-23 14:27:13,6020,svchost,0.999999,Normal Traffic,22
2026-01-23 14:27:13,6020,svchost,0.999999,Normal Traffic,22
2026-01-23 14:27:13,22292,brave,0.999997,Normal Traffic,11
2026-01-23 14:27:14,22292,brave,0.999995,Normal Traffic,60
2026-01-23 14:27:14,22292,brave,0.999975,Normal Traffic,8
2026-01-23 14:27:14,6748,qbittorrent,0.999998,Normal Traffic,1
2026-01-23 14:27:15,22292,brave,0.999999,Normal Traffic,76
2026-01-23 14:27:15,22292,brave,0.999994,Normal Traffic,11
2026-01-23 14:27:15,22292,brave,0.999998,Normal Traffic,7
2026-01-23 14:27:15,22292,brave,0.999996,Normal Traffic,9
2026-01-23 14:27:17,22292,brave,0.999999,Normal Traffic,19
2026-01-23 14:27:19,22292,brave,0.999996,Normal Traffic,25
2026-01-23 14:27:19,6748,qbittorrent,0.999999,Normal Traffic,1
2026-01-23 14:27:21,22292,brave,0.999998,Normal Traffic,10
2026-01-23 14:27:21,22292,brave,0.999992,Normal Traffic,37
2026-01-23 14:27:22,22292,brave,0.999997,Normal Traffic,1468
2026-01-23 14:27:22,22292,brave,0.999993,Normal Traffic,117
2026-01-23 14:27:23,20224,SchildiChatAlpha,0.999995,Normal Traffic,23
2026-01-23 14:27:23,22292,brave,0.999999,Normal Traffic,48
2026-01-23 14:27:23,22292,brave,0.999993,Normal Traffic,12
2026-01-23 14:27:24,22292,brave,0.999998,Normal Traffic,203
2026-01-23 14:27:24,22292,brave,0.999998,Normal Traffic,44
2026-01-23 14:27:24,22292,brave,0.999997,Normal Traffic,163
2026-01-23 14:27:24,22292,brave,0.999999,Normal Traffic,66
2026-01-23 14:27:24,22292,brave,0.999998,Normal Traffic,72
2026-01-23 14:27:24,22292,brave,0.999994,Normal Traffic,13
2026-01-23 14:27:24,22292,brave,0.999993,Normal Traffic,58
2026-01-23 14:27:25,22292,brave,0.999998,Normal Traffic,137
2026-01-23 14:27:25,22292,brave,1.000000,Normal Traffic,91
2026-01-23 14:27:25,22292,brave,0.999997,Normal Traffic,25
2026-01-23 14:27:25,22292,brave,0.999993,Normal Traffic,11
2026-01-23 14:27:26,22292,brave,0.999997,Normal Traffic,259
2026-01-23 14:27:26,22292,brave,1.000000,Normal Traffic,191
2026-01-23 14:27:26,22292,brave,0.999992,Normal Traffic,610
2026-01-23 14:27:26,22292,brave,0.999998,Normal Traffic,47
2026-01-23 14:27:26,22292,brave,0.999998,Normal Traffic,228
2026-01-23 14:27:27,22292,brave,0.999998,Normal Traffic,18
2026-01-23 14:27:27,22292,brave,0.999994,Normal Traffic,250
2026-01-23 14:27:27,6748,qbittorrent,0.999994,Normal Traffic,2
2026-01-23 14:27:28,22292,brave,1.000000,Normal Traffic,161
2026-01-23 14:27:29,22292,brave,0.999999,Normal Traffic,99
2026-01-23 14:27:29,12672,Code,0.999955,Normal Traffic,2
2026-01-23 14:27:29,6748,qbittorrent,0.999999,Normal Traffic,2
2026-01-23 14:27:30,22292,brave,0.999997,Normal Traffic,444
2026-01-23 14:27:30,22292,brave,0.999999,Normal Traffic,35
2026-01-23 14:27:30,22292,brave,0.999997,Normal Traffic,11
2026-01-23 14:27:31,22292,brave,1.000000,Normal Traffic,99
2026-01-23 14:27:32,6628,nvcontainer,0.999995,Normal Traffic,24
2026-01-23 14:27:32,22292,brave,0.999992,Normal Traffic,15
2026-01-23 14:27:32,16128,brave,0.999995,Normal Traffic,21
2026-01-23 14:27:32,2400,svchost,0.999993,Normal Traffic,15
2026-01-23 14:27:33,22292,brave,0.999990,Normal Traffic,5
2026-01-23 14:27:34,2844,svchost,0.006254,DoS,2
2026-01-23 14:27:35,6748,qbittorrent,0.999997,Normal Traffic,2
2026-01-23 14:27:36,25188,Telegram,0.999996,Normal Traffic,5
2026-01-23 14:27:39,6748,qbittorrent,0.999998,Normal Traffic,2
2026-01-23 14:27:40,6628,nvcontainer,0.999995,Normal Traffic,34
2026-01-23 14:27:40,22292,brave,0.999990,Normal Traffic,20
2026-01-23 14:27:40,16128,brave,0.999997,Normal Traffic,26
2026-01-23 14:27:40,2400,svchost,0.999988,Normal Traffic,20
2026-01-23 14:27:40,22292,brave,0.999984,Normal Traffic,2590
2026-01-23 14:27:41,22292,brave,0.999996,Normal Traffic,30
2026-01-23 14:27:43,12456,svchost,0.999997,Normal Traffic,2
2026-01-23 14:27:44,6748,qbittorrent,0.999995,Normal Traffic,2
2026-01-23 14:27:49,6748,qbittorrent,0.999968,Normal Traffic,2
2026-01-23 14:27:51,22292,brave,0.999998,Normal Traffic,5
2026-01-23 14:27:52,10484,svchost,0.999994,Normal Traffic,2
2026-01-23 14:27:52,22292,brave,0.999999,Normal Traffic,5
2026-01-23 14:27:53,20224,SchildiChatAlpha,0.999998,Normal Traffic,9
2026-01-23 14:27:54,6748,qbittorrent,0.999989,Normal Traffic,2
2026-01-23 14:27:59,6748,qbittorrent,0.999996,Normal Traffic,2
2026-01-23 14:28:04,6628,nvcontainer,0.999975,Normal Traffic,2
2026-01-23 14:28:04,22292,brave,0.999999,Normal Traffic,1
2026-01-23 14:28:04,2400,svchost,0.999999,Normal Traffic,1
2026-01-23 14:28:04,16128,brave,0.999999,Normal Traffic,1
2026-01-23 14:28:04,6628,nvcontainer,0.999999,Normal Traffic,2
2026-01-23 14:28:04,22292,brave,0.999999,Normal Traffic,1
2026-01-23 14:28:04,2400,svchost,0.999999,Normal Traffic,1
2026-01-23 14:28:04,16128,brave,0.999999,Normal Traffic,1
2026-01-23 14:28:04,6748,qbittorrent,0.999998,Normal Traffic,2
2026-01-23 14:28:09,2844,svchost,0.278294,DoS,2
2026-01-23 14:28:09,6748,qbittorrent,0.999998,Normal Traffic,2
2026-01-23 14:28:11,22292,brave,0.999996,Normal Traffic,6
2026-01-23 14:28:12,16272,Hiddify,0.999997,Normal Traffic,6
2026-01-23 14:28:12,22292,brave,0.999997,Normal Traffic,5
2026-01-23 14:28:12,10832,warp-svc,0.999997,Normal Traffic,2
2026-01-23 14:28:13,22292,brave,0.999999,Normal Traffic,37
2026-01-23 14:28:15,6748,qbittorrent,0.999998,Normal Traffic,2
2026-01-23 14:28:15,22292,brave,0.999994,Normal Traffic,1
2026-01-23 14:28:19,6748,qbittorrent,0.999998,Normal Traffic,2
2026-01-23 14:28:20,25188,Telegram,0.999983,Normal Traffic,4
2026-01-23 14:28:21,7132,SearchHost,0.999997,Normal Traffic,14
2026-01-23 14:28:21,22292,brave,0.999992,Normal Traffic,5
2026-01-23 14:28:23,2400,svchost,0.999992,Normal Traffic,60
2026-01-23 14:28:23,20224,SchildiChatAlpha,0.999989,Normal Traffic,5
2026-01-23 14:28:24,12672,Code,0.999963,Normal Traffic,6
2026-01-23 14:28:24,6748,qbittorrent,0.999997,Normal Traffic,2
2026-01-23 14:28:26,25584,msedgewebview2,0.999997,Normal Traffic,643
2026-01-23 14:28:28,22292,brave,0.999997,Normal Traffic,15
2026-01-23 14:28:28,22292,brave,0.999998,Normal Traffic,77
2026-01-23 14:28:28,22292,brave,0.999994,Normal Traffic,40
2026-01-23 14:28:28,22292,brave,0.999994,Normal Traffic,42
2026-01-23 14:28:29,22292,brave,1.000000,Normal Traffic,6
2026-01-23 14:28:29,6748,qbittorrent,0.999988,Normal Traffic,2
2026-01-23 14:28:33,12784,Windscribe,0.999993,Normal Traffic,6
2026-01-23 14:28:35,6748,qbittorrent,0.999998,Normal Traffic,2
2026-01-23 14:28:39,6748,qbittorrent,0.999998,Normal Traffic,2
2026-01-23 14:28:41,22292,brave,0.999995,Normal Traffic,5
2026-01-23 14:28:43,12784,Windscribe,0.999996,Normal Traffic,6
2026-01-23 14:28:43,12784,Windscribe,0.999997,Normal Traffic,6
2026-01-23 14:28:44,12784,Windscribe,0.999989,Normal Traffic,13
2026-01-23 14:28:44,22292,brave,0.999998,Normal Traffic,1
2026-01-23 14:28:44,12784,Windscribe,0.999997,Normal Traffic,7
2026-01-23 14:28:44,2400,svchost,0.999794,Normal Traffic,4
2026-01-23 14:28:44,6748,qbittorrent,0.999995,Normal Traffic,2
2026-01-23 14:28:46,25584,msedgewebview2,0.999998,Normal Traffic,7
2026-01-23 14:28:49,6748,qbittorrent,0.999998,Normal Traffic,2
2026-01-23 14:28:50,22292,brave,0.999998,Normal Traffic,5
2026-01-23 14:28:54,12784,Windscribe,1.000000,Normal Traffic,15
2026-01-23 14:28:54,20224,SchildiChatAlpha,0.999995,Normal Traffic,9
2026-01-23 14:28:54,6748,qbittorrent,0.999997,Normal Traffic,2
2026-01-23 14:28:55,25188,Telegram,0.999991,Normal Traffic,3
2026-01-23 14:28:59,6748,qbittorrent,0.999998,Normal Traffic,2
2026-01-23 14:29:04,12784,Windscribe,0.999992,Normal Traffic,12
2026-01-23 14:29:04,11156,gamingservices,0.999994,Normal Traffic,9
2026-01-23 14:29:04,12784,Windscribe,0.999991,Normal Traffic,6
2026-01-23 14:29:04,12784,Windscribe,0.999991,Normal Traffic,6
2026-01-23 14:29:04,6748,qbittorrent,0.999997,Normal Traffic,2
2026-01-23 14:29:08,6628,nvcontainer,0.999996,Normal Traffic,4
2026-01-23 14:29:08,22292,brave,0.999889,Normal Traffic,2
2026-01-23 14:29:08,2400,svchost,0.999889,Normal Traffic,2
2026-01-23 14:29:08,16128,brave,0.999889,Normal Traffic,2
2026-01-23 14:29:08,6628,nvcontainer,0.999997,Normal Traffic,2
2026-01-23 14:29:08,22292,brave,0.999999,Normal Traffic,1
2026-01-23 14:29:08,2400,svchost,0.999999,Normal Traffic,1
2026-01-23 14:29:08,16128,brave,0.999999,Normal Traffic,1
2026-01-23 14:29:09,6748,qbittorrent,0.999997,Normal Traffic,2
2026-01-23 14:29:10,12672,Code,0.999971,Normal Traffic,2
2026-01-23 14:29:11,22292,brave,0.999999,Normal Traffic,1
2026-01-23 14:29:11,22292,brave,0.999995,Normal Traffic,5
2026-01-23 14:29:12,11212,LestaErrorMonitor,0.999999,Normal Traffic,33
2026-01-23 14:29:12,10832,warp-svc,0.999978,Normal Traffic,2
2026-01-23 14:29:14,6748,qbittorrent,0.999993,Normal Traffic,2
2026-01-23 14:29:14,6748,qbittorrent,0.999997,Normal Traffic,2
2026-01-23 14:29:14,6748,qbittorrent,0.999998,Normal Traffic,2
2026-01-23 14:29:14,6748,qbittorrent,0.999967,Normal Traffic,2
2026-01-23 14:29:14,6748,qbittorrent,0.999998,Normal Traffic,2
2026-01-23 14:29:14,6748,qbittorrent,1.000000,Normal Traffic,1
2026-01-23 14:29:14,6748,qbittorrent,1.000000,Normal Traffic,1
2026-01-23 14:29:14,6748,qbittorrent,1.000000,Normal Traffic,1
2026-01-23 14:29:14,6748,qbittorrent,1.000000,Normal Traffic,1
2026-01-23 14:29:14,6748,qbittorrent,0.999999,Normal Traffic,1
2026-01-23 14:29:14,6748,qbittorrent,1.000000,Normal Traffic,1
2026-01-23 14:29:15,6748,qbittorrent,0.999997,Normal Traffic,2
2026-01-23 14:29:16,6748,qbittorrent,1.000000,Normal Traffic,1
2026-01-23 14:29:16,6748,qbittorrent,0.999999,Normal Traffic,1
2026-01-23 14:29:16,6748,qbittorrent,0.999999,Normal Traffic,1
2026-01-23 14:29:16,6748,qbittorrent,1.000000,Normal Traffic,1
2026-01-23 14:29:16,6748,qbittorrent,1.000000,Normal Traffic,1
2026-01-23 14:29:16,6748,qbittorrent,0.999998,Normal Traffic,1
2026-01-23 14:29:16,6748,qbittorrent,1.000000,Normal Traffic,1
2026-01-23 14:29:17,6748,qbittorrent,0.999999,Normal Traffic,1
2026-01-23 14:29:17,6748,qbittorrent,0.999998,Normal Traffic,2
2026-01-23 14:29:17,6748,qbittorrent,1.000000,Normal Traffic,1
2026-01-23 14:29:17,6748,qbittorrent,1.000000,Normal Traffic,1
2026-01-23 14:29:17,6748,qbittorrent,0.999999,Normal Traffic,2
2026-01-23 14:29:17,6748,qbittorrent,0.999998,Normal Traffic,2
2026-01-23 14:29:17,6748,qbittorrent,0.999998,Normal Traffic,1
2026-01-23 14:29:17,6748,qbittorrent,1.000000,Normal Traffic,1
2026-01-23 14:29:17,6748,qbittorrent,1.000000,Normal Traffic,1
2026-01-23 14:29:18,6748,qbittorrent,0.999998,Normal Traffic,2
2026-01-23 14:29:18,26708,lgc,0.228073,DoS,2
2026-01-23 14:29:19,6748,qbittorrent,0.999996,Normal Traffic,2
2026-01-23 14:29:19,2844,svchost,0.342888,DoS,2
2026-01-23 14:29:23,22292,brave,0.999998,Normal Traffic,11
2026-01-23 14:29:24,6748,qbittorrent,0.999944,Normal Traffic,2
2026-01-23 14:29:25,20224,SchildiChatAlpha,0.999997,Normal Traffic,5
2026-01-23 14:29:29,6748,qbittorrent,0.999926,Normal Traffic,2
2026-01-23 14:29:30,22292,brave,0.999981,Normal Traffic,44
2026-01-23 14:29:30,22292,brave,0.999785,Normal Traffic,4
2026-01-23 14:29:32,6748,qbittorrent,0.999998,Normal Traffic,2
2026-01-23 14:29:32,6748,qbittorrent,0.999999,Normal Traffic,2
2026-01-23 14:29:32,6748,qbittorrent,0.999998,Normal Traffic,2
2026-01-23 14:29:32,6748,qbittorrent,0.999996,Normal Traffic,2
2026-01-23 14:29:32,6748,qbittorrent,0.999997,Normal Traffic,2
2026-01-23 14:29:32,6748,qbittorrent,1.000000,Normal Traffic,1
2026-01-23 14:29:32,6748,qbittorrent,0.999998,Normal Traffic,2
2026-01-23 14:29:32,6748,qbittorrent,0.999997,Normal Traffic,2
2026-01-23 14:29:32,6748,qbittorrent,1.000000,Normal Traffic,1
2026-01-23 14:29:33,7132,SearchHost,0.999998,Normal Traffic,13
2026-01-23 14:29:34,6748,qbittorrent,0.999897,Normal Traffic,2
2026-01-23 14:29:34,6748,qbittorrent,0.999997,Normal Traffic,4
2026-01-23 14:29:37,25584,msedgewebview2,0.999998,Normal Traffic,99
2026-01-23 14:29:39,6748,qbittorrent,1.000000,Normal Traffic,1
2026-01-23 14:29:42,25584,msedgewebview2,0.999998,Normal Traffic,7
2026-01-23 14:29:42,22292,brave,0.999996,Normal Traffic,6
2026-01-23 14:29:43,6132,svchost,0.999996,Normal Traffic,12
2026-01-23 14:29:44,22292,brave,0.999996,Normal Traffic,18
2026-01-23 14:29:44,6748,qbittorrent,0.999998,Normal Traffic,1
2026-01-23 14:29:47,22292,brave,0.999997,Normal Traffic,9
2026-01-23 14:29:49,6748,qbittorrent,1.000000,Normal Traffic,1
2026-01-23 14:29:50,22292,brave,0.999999,Normal Traffic,56
2026-01-23 14:29:54,6748,qbittorrent,1.000000,Normal Traffic,1
2026-01-23 14:29:55,25188,Telegram,0.999988,Normal Traffic,4
2026-01-23 14:29:55,20224,SchildiChatAlpha,0.999994,Normal Traffic,9
2026-01-23 14:29:55,2844,svchost,0.043176,DoS,3
2026-01-23 14:29:56,22292,brave,0.999989,Normal Traffic,2224
2026-01-23 14:29:59,6748,qbittorrent,0.999999,Normal Traffic,1
2026-01-23 14:30:04,6748,qbittorrent,1.000000,Normal Traffic,1
2026-01-23 14:30:05,2400,svchost,0.999994,Normal Traffic,36
2026-01-23 14:30:09,6748,qbittorrent,0.999998,Normal Traffic,1
2026-01-23 14:30:12,22292,brave,0.999996,Normal Traffic,6
2026-01-23 14:30:12,10832,warp-svc,0.999983,Normal Traffic,2
2026-01-23 14:30:13,22292,brave,0.999997,Normal Traffic,5
2026-01-23 14:30:14,6748,qbittorrent,0.999999,Normal Traffic,1
2026-01-23 14:30:19,6748,qbittorrent,1.000000,Normal Traffic,1
2026-01-23 14:30:24,6748,qbittorrent,1.000000,Normal Traffic,1
2026-01-23 14:30:26,20224,SchildiChatAlpha,0.999996,Normal Traffic,5
2026-01-23 14:30:27,25188,Telegram,0.999384,Normal Traffic,2
2026-01-23 14:30:29,6748,qbittorrent,0.999998,Normal Traffic,2
2026-01-23 14:30:30,2400,svchost,0.999974,Normal Traffic,4
2026-01-23 14:30:30,2400,svchost,0.999974,Normal Traffic,4
2026-01-23 14:30:31,22292,brave,0.999992,Normal Traffic,56
2026-01-23 14:30:31,22292,brave,0.999990,Normal Traffic,31
2026-01-23 14:30:31,22292,brave,0.999991,Normal Traffic,37
2026-01-23 14:30:31,22292,brave,0.999996,Normal Traffic,13
2026-01-23 14:30:31,22292,brave,0.999997,Normal Traffic,15
2026-01-23 14:30:33,22292,brave,0.999997,Normal Traffic,22
2026-01-23 14:30:34,6748,qbittorrent,0.999966,Normal Traffic,2
2026-01-23 14:30:35,22292,brave,0.999997,Normal Traffic,48
2026-01-23 14:30:36,22292,brave,1.000000,Normal Traffic,108
2026-01-23 14:30:36,22292,brave,0.999991,Normal Traffic,25
2026-01-23 14:30:37,22292,brave,0.999992,Normal Traffic,509
2026-01-23 14:30:39,6748,qbittorrent,0.999998,Normal Traffic,2
2026-01-23 14:30:40,22292,brave,0.999999,Normal Traffic,63
2026-01-23 14:30:42,22292,brave,0.999997,Normal Traffic,5
2026-01-23 14:30:42,22292,brave,0.999998,Normal Traffic,15
2026-01-23 14:30:44,6748,qbittorrent,0.999998,Normal Traffic,2
2026-01-23 14:30:49,6748,qbittorrent,0.999997,Normal Traffic,2
2026-01-23 14:30:54,6748,qbittorrent,0.999998,Normal Traffic,2
2026-01-23 14:30:56,22292,brave,0.999993,Normal Traffic,3000
2026-01-23 14:30:57,20224,SchildiChatAlpha,0.999997,Normal Traffic,9
2026-01-23 14:30:59,22292,brave,0.999989,Normal Traffic,3000
2026-01-23 14:30:59,22292,brave,0.999994,Normal Traffic,53
2026-01-23 14:30:59,6748,qbittorrent,0.999997,Normal Traffic,2
2026-01-23 14:31:03,22292,brave,0.999996,Normal Traffic,3000
2026-01-23 14:31:03,22292,brave,0.999997,Normal Traffic,5
2026-01-23 14:31:04,6748,qbittorrent,0.999998,Normal Traffic,2
2026-01-23 14:31:05,22292,brave,0.999996,Normal Traffic,3000
2026-01-23 14:31:09,22292,brave,0.999995,Normal Traffic,3000
2026-01-23 14:31:09,22292,brave,0.999995,Normal Traffic,29
2026-01-23 14:31:09,22292,brave,0.999999,Normal Traffic,4
2026-01-23 14:31:09,6748,qbittorrent,0.999998,Normal Traffic,2
2026-01-23 14:31:11,22292,brave,0.999998,Normal Traffic,5
2026-01-23 14:31:12,10832,warp-svc,0.999980,Normal Traffic,2
2026-01-23 14:31:13,22292,brave,1.000000,Normal Traffic,35
2026-01-23 14:31:13,22292,brave,0.999998,Normal Traffic,15
2026-01-23 14:31:14,6748,qbittorrent,0.999998,Normal Traffic,2
2026-01-23 14:31:16,12672,Code,0.999938,Normal Traffic,2
2026-01-23 14:31:19,6748,qbittorrent,0.999997,Normal Traffic,2
2026-01-23 14:31:22,25188,Telegram,0.999997,Normal Traffic,6
2026-01-23 14:31:22,22292,brave,0.999985,Normal Traffic,1
2026-01-23 14:31:23,22292,brave,0.999999,Normal Traffic,1
2026-01-23 14:31:24,6748,qbittorrent,0.999998,Normal Traffic,2
2026-01-23 14:31:24,22292,brave,0.999985,Normal Traffic,1
2026-01-23 14:31:24,22292,brave,0.999985,Normal Traffic,1
2026-01-23 14:31:27,2400,svchost,0.999999,Normal Traffic,6
2026-01-23 14:31:28,22292,brave,0.999978,Normal Traffic,3000
2026-01-23 14:31:28,22292,brave,0.999940,Normal Traffic,3000
2026-01-23 14:31:28,22292,brave,0.999993,Normal Traffic,1678
2026-01-23 14:31:28,20224,SchildiChatAlpha,0.999994,Normal Traffic,6
2026-01-23 14:31:29,6748,qbittorrent,0.999999,Normal Traffic,1
2026-01-23 14:31:34,22292,brave,0.999979,Normal Traffic,3000
2026-01-23 14:31:34,6748,qbittorrent,0.999985,Normal Traffic,2
2026-01-23 14:31:35,22292,brave,0.999953,Normal Traffic,3000
2026-01-23 14:31:36,22292,brave,0.999996,Normal Traffic,15
2026-01-23 14:31:38,22292,brave,0.999991,Normal Traffic,3000
2026-01-23 14:31:38,22292,brave,0.999997,Normal Traffic,78
2026-01-23 14:31:39,6748,qbittorrent,1.000000,Normal Traffic,1
2026-01-23 14:31:40,22292,brave,0.999995,Normal Traffic,55
2026-01-23 14:31:41,22292,brave,0.999998,Normal Traffic,106
2026-01-23 14:31:44,6748,qbittorrent,0.999997,Normal Traffic,2
2026-01-23 14:31:45,22292,brave,0.999989,Normal Traffic,16
2026-01-23 14:31:49,6748,qbittorrent,0.999999,Normal Traffic,1
2026-01-23 14:31:54,6748,qbittorrent,0.999998,Normal Traffic,1
2026-01-23 14:31:57,2400,svchost,0.999801,Normal Traffic,2
2026-01-23 14:31:59,6748,qbittorrent,0.999999,Normal Traffic,1
2026-01-23 14:32:00,20224,SchildiChatAlpha,0.999990,Normal Traffic,11
2026-01-23 14:32:03,12672,Code,0.999999,Normal Traffic,67
2026-01-23 14:32:04,6748,qbittorrent,1.000000,Normal Traffic,1
2026-01-23 14:32:08,22292,brave,0.999997,Normal Traffic,25
2026-01-23 14:32:08,12672,Code,0.999957,Normal Traffic,2
2026-01-23 14:32:09,6748,qbittorrent,1.000000,Normal Traffic,1
2026-01-23 14:32:12,25188,Telegram,0.999986,Normal Traffic,4
2026-01-23 14:32:12,10832,warp-svc,0.999982,Normal Traffic,2
2026-01-23 14:32:14,6748,qbittorrent,1.000000,Normal Traffic,1
2026-01-23 14:32:16,22292,brave,0.999998,Normal Traffic,15
2026-01-23 14:32:19,6748,qbittorrent,1.000000,Normal Traffic,1
2026-01-23 14:32:21,22292,brave,0.999999,Normal Traffic,96
2026-01-23 14:32:22,22292,brave,0.999998,Normal Traffic,377
2026-01-23 14:32:22,22292,brave,0.999962,Normal Traffic,1726
2026-01-23 14:32:22,22292,brave,0.999994,Normal Traffic,19
2026-01-23 14:32:22,22292,brave,0.999978,Normal Traffic,1039
2026-01-23 14:32:22,22292,brave,0.999979,Normal Traffic,1882
2026-01-23 14:32:22,22292,brave,0.999991,Normal Traffic,37
2026-01-23 14:32:24,6748,qbittorrent,0.999996,Normal Traffic,2
2026-01-23 14:32:30,6748,qbittorrent,0.999998,Normal Traffic,2
2026-01-23 14:32:31,2400,svchost,0.999983,Normal Traffic,4
2026-01-23 14:32:31,20224,SchildiChatAlpha,0.999998,Normal Traffic,6
2026-01-23 14:32:35,6748,qbittorrent,0.999988,Normal Traffic,2
2026-01-23 14:32:40,6748,qbittorrent,0.999997,Normal Traffic,2
2026-01-23 14:32:45,6748,qbittorrent,0.999999,Normal Traffic,1
2026-01-23 14:32:47,22292,brave,0.999997,Normal Traffic,6
2026-01-23 14:32:50,6748,qbittorrent,1.000000,Normal Traffic,1
2026-01-23 14:32:55,6748,qbittorrent,0.999982,Normal Traffic,2
2026-01-23 14:32:57,22292,brave,0.999963,Normal Traffic,2
2026-01-23 14:33:00,6748,qbittorrent,0.999996,Normal Traffic,2
2026-01-23 14:33:02,20224,SchildiChatAlpha,0.999996,Normal Traffic,9
2026-01-23 14:33:03,22292,brave,0.999998,Normal Traffic,38
2026-01-23 14:33:05,6748,qbittorrent,1.000000,Normal Traffic,1
2026-01-23 14:33:05,22292,brave,0.999998,Normal Traffic,1
2026-01-23 14:33:05,22292,brave,0.999998,Normal Traffic,1
2026-01-23 14:33:05,6628,nvcontainer,0.999992,Normal Traffic,2
2026-01-23 14:33:05,22292,brave,1.000000,Normal Traffic,1
2026-01-23 14:33:05,2400,svchost,1.000000,Normal Traffic,1
2026-01-23 14:33:05,16128,brave,1.000000,Normal Traffic,1
2026-01-23 14:33:05,22292,brave,0.999760,Normal Traffic,3
2026-01-23 14:33:09,25188,Telegram,0.999986,Normal Traffic,15
2026-01-23 14:33:10,6748,qbittorrent,0.999991,Normal Traffic,2
2026-01-23 14:33:12,14556,SystemSettings,0.999996,Normal Traffic,8
2026-01-23 14:33:12,10832,warp-svc,0.999978,Normal Traffic,2
2026-01-23 14:33:13,2052,svchost,0.999997,Normal Traffic,11
2026-01-23 14:33:15,6748,qbittorrent,0.999998,Normal Traffic,1
2026-01-23 14:33:17,22292,brave,0.999994,Normal Traffic,6
2026-01-23 14:33:19,22292,brave,1.000000,Normal Traffic,27
2026-01-23 14:33:20,6748,qbittorrent,1.000000,Normal Traffic,1
2026-01-23 14:33:23,22292,brave,1.000000,Normal Traffic,78
2026-01-23 14:33:23,22292,brave,0.999993,Normal Traffic,10
2026-01-23 14:33:25,6748,qbittorrent,1.000000,Normal Traffic,1
2026-01-23 14:33:27,19008,DuckDuckGo.Updater,0.999996,Normal Traffic,6
2026-01-23 14:33:27,19008,DuckDuckGo.Updater,0.999997,Normal Traffic,9
2026-01-23 14:33:28,22292,brave,0.999999,Normal Traffic,6
2026-01-23 14:33:28,18296,svchost,0.999997,Normal Traffic,12
2026-01-23 14:33:28,18296,svchost,0.999997,Normal Traffic,7
2026-01-23 14:33:29,12672,Code,0.999997,Normal Traffic,8
2026-01-23 14:33:29,2400,svchost,0.999999,Normal Traffic,4
2026-01-23 14:33:29,6628,nvcontainer,1.000000,Normal Traffic,2
2026-01-23 14:33:29,22292,brave,1.000000,Normal Traffic,2
2026-01-23 14:33:29,16128,brave,1.000000,Normal Traffic,2
2026-01-23 14:33:29,2400,svchost,1.000000,Normal Traffic,4
2026-01-23 14:33:29,6628,nvcontainer,1.000000,Normal Traffic,2
2026-01-23 14:33:29,22292,brave,1.000000,Normal Traffic,2
2026-01-23 14:33:29,16128,brave,1.000000,Normal Traffic,2
2026-01-23 14:33:29,12672,Code,0.999971,Normal Traffic,2
2026-01-23 14:33:29,12672,Code,0.999994,Normal Traffic,1
2026-01-23 14:33:29,18296,svchost,0.999992,Normal Traffic,3000
2026-01-23 14:33:30,6748,qbittorrent,0.999995,Normal Traffic,1
2026-01-23 14:33:31,20224,SchildiChatAlpha,0.999994,Normal Traffic,3
2026-01-23 14:33:32,20224,SchildiChatAlpha,0.999994,Normal Traffic,6
2026-01-23 14:33:33,22292,brave,0.999992,Normal Traffic,1697
2026-01-23 14:33:33,26620,DuckDuckGo,0.999986,Normal Traffic,592
2026-01-23 14:33:33,2400,svchost,0.998593,Normal Traffic,2
2026-01-23 14:33:33,25420,msedgewebview2,0.999992,Normal Traffic,26
2026-01-23 14:33:35,6748,qbittorrent,0.999999,Normal Traffic,1
2026-01-23 14:33:36,18296,svchost,0.999959,Normal Traffic,3000
2026-01-23 14:33:40,6748,qbittorrent,0.999998,Normal Traffic,2
2026-01-23 14:33:43,25188,Telegram,0.999987,Normal Traffic,3
2026-01-23 14:33:43,18296,svchost,0.999979,Normal Traffic,3000
2026-01-23 14:33:44,26620,DuckDuckGo,0.999997,Normal Traffic,11
2026-01-23 14:33:44,26620,DuckDuckGo,0.999998,Normal Traffic,8
2026-01-23 14:33:45,6748,qbittorrent,0.999998,Normal Traffic,2
2026-01-23 14:33:46,25420,msedgewebview2,0.999997,Normal Traffic,75
2026-01-23 14:33:46,25420,msedgewebview2,0.999990,Normal Traffic,509
2026-01-23 14:33:46,25420,msedgewebview2,0.999997,Normal Traffic,469
2026-01-23 14:33:46,25420,msedgewebview2,0.999997,Normal Traffic,22
2026-01-23 14:33:46,25420,msedgewebview2,0.999984,Normal Traffic,21
2026-01-23 14:33:47,19008,DuckDuckGo.Updater,0.999998,Normal Traffic,1
2026-01-23 14:33:48,23040,svchost,0.999997,Normal Traffic,13
2026-01-23 14:33:50,25420,msedgewebview2,0.999996,Normal Traffic,395
2026-01-23 14:33:50,26620,DuckDuckGo,0.999999,Normal Traffic,36
2026-01-23 14:33:50,25420,msedgewebview2,0.999994,Normal Traffic,14
2026-01-23 14:33:50,25420,msedgewebview2,0.999997,Normal Traffic,44
2026-01-23 14:33:50,6748,qbittorrent,0.999999,Normal Traffic,2
2026-01-23 14:33:50,18296,svchost,0.999964,Normal Traffic,3000
2026-01-23 14:33:52,25420,msedgewebview2,0.999994,Normal Traffic,6
2026-01-23 14:33:52,25420,msedgewebview2,0.999956,Normal Traffic,286
2026-01-23 14:33:55,6748,qbittorrent,0.999999,Normal Traffic,1
2026-01-23 14:33:56,18296,svchost,0.999994,Normal Traffic,3000
2026-01-23 14:33:57,19008,DuckDuckGo.Updater,0.999998,Normal Traffic,1
2026-01-23 14:34:00,6748,qbittorrent,0.999998,Normal Traffic,2
2026-01-23 14:34:01,18296,svchost,0.999983,Normal Traffic,3000
2026-01-23 14:34:02,25420,msedgewebview2,1.000000,Normal Traffic,86
2026-01-23 14:34:02,25420,msedgewebview2,0.999997,Normal Traffic,13
2026-01-23 14:34:03,26620,DuckDuckGo,0.999999,Normal Traffic,8
2026-01-23 14:34:03,20224,SchildiChatAlpha,0.999997,Normal Traffic,10
2026-01-23 14:34:03,25420,msedgewebview2,0.999999,Normal Traffic,28
2026-01-23 14:34:04,11156,gamingservices,0.999989,Normal Traffic,9
2026-01-23 14:34:05,26620,DuckDuckGo,0.999997,Normal Traffic,815
2026-01-23 14:34:05,25420,msedgewebview2,0.999993,Normal Traffic,114
2026-01-23 14:34:05,25420,msedgewebview2,0.999984,Normal Traffic,25
2026-01-23 14:34:05,25420,msedgewebview2,0.999992,Normal Traffic,88
2026-01-23 14:34:05,25420,msedgewebview2,0.999996,Normal Traffic,757
2026-01-23 14:34:05,6748,qbittorrent,0.999998,Normal Traffic,2
2026-01-23 14:34:06,22292,brave,0.999991,Normal Traffic,6
2026-01-23 14:34:06,22292,brave,0.999999,Normal Traffic,8
2026-01-23 14:34:06,22292,brave,1.000000,Normal Traffic,4
2026-01-23 14:34:06,22292,brave,0.999999,Normal Traffic,1
2026-01-23 14:34:06,22292,brave,0.999998,Normal Traffic,2
2026-01-23 14:34:06,22292,brave,0.999998,Normal Traffic,1
2026-01-23 14:34:06,22292,brave,0.999999,Normal Traffic,1
2026-01-23 14:34:06,22292,brave,0.999999,Normal Traffic,1
2026-01-23 14:34:06,22292,brave,0.999998,Normal Traffic,1
2026-01-23 14:34:06,12672,Code,0.999958,Normal Traffic,2
2026-01-23 14:34:06,18296,svchost,0.999973,Normal Traffic,3000
2026-01-23 14:34:10,6748,qbittorrent,1.000000,Normal Traffic,1
2026-01-23 14:34:11,18296,svchost,0.999983,Normal Traffic,3000
2026-01-23 14:34:12,10832,warp-svc,0.999997,Normal Traffic,2
2026-01-23 14:34:15,25188,Telegram,0.999981,Normal Traffic,6
2026-01-23 14:34:15,6748,qbittorrent,0.999998,Normal Traffic,2
2026-01-23 14:34:16,18296,svchost,0.999977,Normal Traffic,3000
2026-01-23 14:34:18,25584,msedgewebview2,0.999999,Normal Traffic,12
2026-01-23 14:34:18,12672,Code,0.999998,Normal Traffic,4
2026-01-23 14:34:18,22292,brave,0.999999,Normal Traffic,17
2026-01-23 14:34:18,25584,msedgewebview2,0.999992,Normal Traffic,7
2026-01-23 14:34:18,25584,msedgewebview2,0.999994,Normal Traffic,8
2026-01-23 14:34:18,26708,lgc,0.002202,DoS,2
2026-01-23 14:34:20,6748,qbittorrent,0.999981,Normal Traffic,2
2026-01-23 14:34:22,18296,svchost,0.999977,Normal Traffic,3000
2026-01-23 14:34:25,6748,qbittorrent,0.999997,Normal Traffic,2
2026-01-23 14:34:28,22292,brave,0.999998,Normal Traffic,13
2026-01-23 14:34:28,10208,ExitedProcess,0.999990,Normal Traffic,4
2026-01-23 14:34:28,13840,PerfWatson2,0.999996,Normal Traffic,11
2026-01-23 14:34:28,18296,svchost,0.999981,Normal Traffic,3000
2026-01-23 14:34:29,6748,qbittorrent,0.999997,Normal Traffic,2
2026-01-23 14:34:30,13840,PerfWatson2,0.999996,Normal Traffic,10
2026-01-23 14:34:32,22292,brave,0.999998,Normal Traffic,15
2026-01-23 14:34:32,18812,ServiceHub.VSDetouredHost,0.999991,Normal Traffic,11
2026-01-23 14:34:32,20224,SchildiChatAlpha,0.999996,Normal Traffic,4
2026-01-23 14:34:33,18812,ServiceHub.VSDetouredHost,0.999995,Normal Traffic,16
2026-01-23 14:34:33,20224,SchildiChatAlpha,0.999997,Normal Traffic,6
2026-01-23 14:34:33,22292,brave,0.999992,Normal Traffic,16
2026-01-23 14:34:33,20220,WINWORD,0.999998,Normal Traffic,8
2026-01-23 14:34:33,28400,devenv,0.999996,Normal Traffic,9
2026-01-23 14:34:34,12964,BackgroundDownload,0.999996,Normal Traffic,9
2026-01-23 14:34:34,6748,qbittorrent,0.999999,Normal Traffic,1
2026-01-23 14:34:35,28400,devenv,0.999997,Normal Traffic,12
2026-01-23 14:34:36,28400,devenv,0.999996,Normal Traffic,14
2026-01-23 14:34:37,12964,BackgroundDownload,0.999993,Normal Traffic,10
2026-01-23 14:34:37,18296,svchost,0.999970,Normal Traffic,3000
2026-01-23 14:34:37,12964,BackgroundDownload,0.999971,Normal Traffic,3000
2026-01-23 14:34:38,6120,setup,0.999968,Normal Traffic,3000
2026-01-23 14:34:39,18272,ServiceHub.IdentityHost,0.999998,Normal Traffic,16
2026-01-23 14:34:40,7132,SearchHost,0.999999,Normal Traffic,16
2026-01-23 14:34:40,6748,qbittorrent,0.999998,Normal Traffic,2
2026-01-23 14:34:40,6120,setup,0.999996,Normal Traffic,9
2026-01-23 14:34:41,13840,PerfWatson2,0.999992,Normal Traffic,17
2026-01-23 14:34:43,18296,svchost,0.999959,Normal Traffic,3000
2026-01-23 14:34:43,22292,brave,1.000000,Normal Traffic,48
2026-01-23 14:34:43,27084,Microsoft.ServiceHub.Controller,0.999996,Normal Traffic,16
2026-01-23 14:34:44,2400,svchost,0.999988,Normal Traffic,72
2026-01-23 14:34:44,2400,svchost,1.000000,Normal Traffic,6
2026-01-23 14:34:45,12672,Code,0.999994,Normal Traffic,459
2026-01-23 14:34:45,28400,devenv,0.999998,Normal Traffic,29
2026-01-23 14:34:45,12964,BackgroundDownload,0.999998,Normal Traffic,31
2026-01-23 14:34:45,2312,vsls-agent,0.999999,Normal Traffic,16
2026-01-23 14:34:45,6748,qbittorrent,0.999998,Normal Traffic,2
2026-01-23 14:34:45,6120,setup,0.999996,Normal Traffic,13
2026-01-23 14:34:46,18272,ServiceHub.IdentityHost,0.999990,Normal Traffic,27
2026-01-23 14:34:46,25584,msedgewebview2,0.999998,Normal Traffic,1
2026-01-23 14:34:46,25584,msedgewebview2,0.999998,Normal Traffic,1
2026-01-23 14:34:48,12964,BackgroundDownload,0.999993,Normal Traffic,12
2026-01-23 14:34:48,22292,brave,0.999999,Normal Traffic,11
2026-01-23 14:34:49,17900,ServiceHub.SettingsHost,0.999997,Normal Traffic,38
2026-01-23 14:34:49,6748,qbittorrent,1.000000,Normal Traffic,1
2026-01-23 14:34:50,6120,setup,0.999998,Normal Traffic,27
2026-01-23 14:34:51,18296,svchost,0.999979,Normal Traffic,3000
2026-01-23 14:34:52,2368,ServiceHub.Host.netfx.x86,0.999998,Normal Traffic,40
2026-01-23 14:34:54,6120,setup,0.999978,Normal Traffic,3000
2026-01-23 14:34:54,6120,setup,0.999994,Normal Traffic,17
2026-01-23 14:34:54,12672,Code,0.999999,Normal Traffic,4
2026-01-23 14:34:54,12672,Code,0.999996,Normal Traffic,9
2026-01-23 14:34:54,6748,qbittorrent,0.999999,Normal Traffic,1
2026-01-23 14:34:57,12964,BackgroundDownload,0.999971,Normal Traffic,3000
2026-01-23 14:34:58,18296,svchost,0.999974,Normal Traffic,3000
2026-01-23 14:34:59,6748,qbittorrent,1.000000,Normal Traffic,1
2026-01-23 14:35:04,20224,SchildiChatAlpha,0.999995,Normal Traffic,12
2026-01-23 14:35:04,6748,qbittorrent,1.000000,Normal Traffic,1
2026-01-23 14:35:05,18296,svchost,0.999970,Normal Traffic,3000
2026-01-23 14:35:05,25584,msedgewebview2,0.999997,Normal Traffic,336
2026-01-23 14:35:09,25188,Telegram,0.999997,Normal Traffic,9
2026-01-23 14:35:09,6748,qbittorrent,1.000000,Normal Traffic,1
2026-01-23 14:35:12,18296,svchost,0.999980,Normal Traffic,3000
2026-01-23 14:35:12,10832,warp-svc,0.999991,Normal Traffic,2
2026-01-23 14:35:14,6120,setup,0.999982,Normal Traffic,253
2026-01-23 14:35:15,6748,qbittorrent,0.999966,Normal Traffic,2
2026-01-23 14:35:15,12672,Code,0.999955,Normal Traffic,2
2026-01-23 14:35:16,13840,PerfWatson2,0.999997,Normal Traffic,76
2026-01-23 14:35:16,18296,svchost,0.999995,Normal Traffic,2
2026-01-23 14:35:17,12672,Code,0.999998,Normal Traffic,22
2026-01-23 14:35:18,18296,svchost,0.999960,Normal Traffic,3000
2026-01-23 14:35:18,14556,SystemSettings,1.000000,Normal Traffic,1
2026-01-23 14:35:18,22292,brave,0.999998,Normal Traffic,10
2026-01-23 14:35:19,22292,brave,0.999995,Normal Traffic,6
2026-01-23 14:35:19,6748,qbittorrent,1.000000,Normal Traffic,1
2026-01-23 14:35:20,12964,BackgroundDownload,0.999986,Normal Traffic,1121
2026-01-23 14:35:22,23040,svchost,1.000000,Normal Traffic,1
2026-01-23 14:35:24,6748,qbittorrent,1.000000,Normal Traffic,1
2026-01-23 14:35:25,18296,svchost,0.999969,Normal Traffic,3000
2026-01-23 14:35:26,12672,Code,0.999990,Normal Traffic,21
2026-01-23 14:35:29,6748,qbittorrent,1.000000,Normal Traffic,1
2026-01-23 14:35:32,18296,svchost,0.999958,Normal Traffic,3000
2026-01-23 14:35:34,20224,SchildiChatAlpha,0.999996,Normal Traffic,4
2026-01-23 14:35:36,6748,qbittorrent,0.999998,Normal Traffic,2
2026-01-23 14:35:36,20224,SchildiChatAlpha,0.999993,Normal Traffic,5
2026-01-23 14:35:40,20220,WINWORD,1.000000,Normal Traffic,1
2026-01-23 14:35:40,18296,svchost,0.999969,Normal Traffic,3000
2026-01-23 14:35:41,6748,qbittorrent,0.999997,Normal Traffic,2
2026-01-23 14:35:42,12672,Code,0.999998,Normal Traffic,35
2026-01-23 14:35:42,12672,Code,0.999999,Normal Traffic,37
2026-01-23 14:35:44,12672,Code,0.999996,Normal Traffic,364
2026-01-23 14:35:45,6748,qbittorrent,1.000000,Normal Traffic,1
2026-01-23 14:35:46,18296,svchost,0.999972,Normal Traffic,3000
2026-01-23 14:35:48,12672,Code,0.999983,Normal Traffic,6
2026-01-23 14:35:50,12672,Code,0.999991,Normal Traffic,193
2026-01-23 14:35:50,12672,Code,0.999999,Normal Traffic,139
2026-01-23 14:35:50,12672,Code,0.999996,Normal Traffic,66
2026-01-23 14:35:50,22292,brave,0.999995,Normal Traffic,5
2026-01-23 14:35:50,22292,brave,0.999998,Normal Traffic,1
2026-01-23 14:35:50,6748,qbittorrent,0.999998,Normal Traffic,2
2026-01-23 14:35:51,12672,Code,0.999999,Normal Traffic,119
2026-01-23 14:35:52,18296,svchost,0.999958,Normal Traffic,3000
2026-01-23 14:35:55,25188,Telegram,0.999991,Normal Traffic,5
2026-01-23 14:35:56,6748,qbittorrent,0.999996,Normal Traffic,2
2026-01-23 14:35:59,18296,svchost,0.999959,Normal Traffic,3000
2026-01-23 14:36:00,12672,Code,0.999981,Normal Traffic,2196
2026-01-23 14:36:00,6748,qbittorrent,1.000000,Normal Traffic,1
2026-01-23 14:36:04,27376,Code,0.999996,Normal Traffic,8
2026-01-23 14:36:05,2400,svchost,0.998277,Normal Traffic,8
2026-01-23 14:36:05,23040,svchost,0.999992,Normal Traffic,9
2026-01-23 14:36:05,2400,svchost,0.999992,Normal Traffic,1
2026-01-23 14:36:05,6748,qbittorrent,0.999998,Normal Traffic,1
2026-01-23 14:36:05,18296,svchost,0.999961,Normal Traffic,3000
2026-01-23 14:36:07,13840,PerfWatson2,0.999997,Normal Traffic,12
2026-01-23 14:36:08,20224,SchildiChatAlpha,0.999999,Normal Traffic,13
2026-01-23 14:36:10,6748,qbittorrent,1.000000,Normal Traffic,1
2026-01-23 14:36:10,18296,svchost,0.999980,Normal Traffic,3000
2026-01-23 14:36:12,12672,Code,0.999999,Normal Traffic,2
2026-01-23 14:36:12,10832,warp-svc,0.999997,Normal Traffic,2
2026-01-23 14:36:15,6748,qbittorrent,1.000000,Normal Traffic,1
2026-01-23 14:36:15,18296,svchost,0.999985,Normal Traffic,3000
2026-01-23 14:36:20,22292,brave,0.999997,Normal Traffic,15
2026-01-23 14:36:20,22292,brave,0.999995,Normal Traffic,5
2026-01-23 14:36:21,6748,qbittorrent,0.999998,Normal Traffic,2
2026-01-23 14:36:22,12672,Code,0.999999,Normal Traffic,4
2026-01-23 14:36:25,6748,qbittorrent,0.999990,Normal Traffic,2
2026-01-23 14:36:30,25584,msedgewebview2,0.999999,Normal Traffic,4
2026-01-23 14:36:30,25188,Telegram,0.999984,Normal Traffic,3
2026-01-23 14:36:30,6748,qbittorrent,0.999998,Normal Traffic,2
2026-01-23 14:36:31,18296,svchost,0.999990,Normal Traffic,3000
2026-01-23 14:36:32,7132,SearchHost,0.999999,Normal Traffic,15
2026-01-23 14:36:33,4380,chrome,0.999997,Normal Traffic,10
2026-01-23 14:36:33,4380,chrome,0.999995,Normal Traffic,11
2026-01-23 14:36:34,4,System,0.999954,Normal Traffic,2
2026-01-23 14:36:34,4,System,0.999993,Normal Traffic,2
2026-01-23 14:36:35,4380,chrome,0.999993,Normal Traffic,11
2026-01-23 14:36:35,6748,qbittorrent,1.000000,Normal Traffic,1
2026-01-23 14:36:36,4380,chrome,0.999996,Normal Traffic,11
2026-01-23 14:36:36,4380,chrome,0.999995,Normal Traffic,7
2026-01-23 14:36:36,4380,chrome,0.999948,Normal Traffic,14
2026-01-23 14:36:36,18296,svchost,0.999985,Normal Traffic,3000
2026-01-23 14:36:37,4380,chrome,0.999997,Normal Traffic,16
2026-01-23 14:36:37,4380,chrome,0.999986,Normal Traffic,65
2026-01-23 14:36:38,4380,chrome,0.999999,Normal Traffic,51
2026-01-23 14:36:38,4380,chrome,0.999992,Normal Traffic,24
2026-01-23 14:36:38,20224,SchildiChatAlpha,0.999997,Normal Traffic,6
2026-01-23 14:36:38,20224,SchildiChatAlpha,0.999997,Normal Traffic,4
2026-01-23 14:36:38,4380,chrome,0.999993,Normal Traffic,5
2026-01-23 14:36:38,4380,chrome,0.999994,Normal Traffic,11
2026-01-23 14:36:38,4380,chrome,0.999999,Normal Traffic,17
2026-01-23 14:36:40,25584,msedgewebview2,0.999997,Normal Traffic,6
2026-01-23 14:36:40,4380,chrome,0.999998,Normal Traffic,26
2026-01-23 14:36:40,4380,chrome,0.999997,Normal Traffic,48
2026-01-23 14:36:40,4380,chrome,0.999999,Normal Traffic,27
2026-01-23 14:36:40,4380,chrome,0.999999,Normal Traffic,31
2026-01-23 14:36:40,4380,chrome,0.999998,Normal Traffic,16
2026-01-23 14:36:40,4380,chrome,0.999998,Normal Traffic,46
2026-01-23 14:36:40,4380,chrome,0.999998,Normal Traffic,27
2026-01-23 14:36:40,4380,chrome,0.999995,Normal Traffic,23
2026-01-23 14:36:40,4380,chrome,0.999995,Normal Traffic,7
2026-01-23 14:36:40,4380,chrome,0.999999,Normal Traffic,19
2026-01-23 14:36:40,6748,qbittorrent,0.999992,Normal Traffic,2
2026-01-23 14:36:41,4380,chrome,0.999998,Normal Traffic,12
2026-01-23 14:36:41,4380,chrome,0.999996,Normal Traffic,13
2026-01-23 14:36:42,4380,chrome,0.999999,Normal Traffic,19
2026-01-23 14:36:42,22292,brave,0.999996,Normal Traffic,11
2026-01-23 14:36:42,18296,svchost,0.999978,Normal Traffic,3000
2026-01-23 14:36:43,4380,chrome,0.999999,Normal Traffic,29
2026-01-23 14:36:46,4380,chrome,1.000000,Normal Traffic,88
2026-01-23 14:36:46,4380,chrome,0.999999,Normal Traffic,40
2026-01-23 14:36:46,4380,chrome,1.000000,Normal Traffic,69
2026-01-23 14:36:46,6748,qbittorrent,0.999998,Normal Traffic,2
2026-01-23 14:36:48,4380,chrome,0.999997,Normal Traffic,21
2026-01-23 14:36:48,4380,chrome,0.999995,Normal Traffic,25
2026-01-23 14:36:48,18296,svchost,0.999978,Normal Traffic,3000
2026-01-23 14:36:49,4380,chrome,1.000000,Normal Traffic,391
2026-01-23 14:36:49,4380,chrome,0.999998,Normal Traffic,175
2026-01-23 14:36:49,13164,chrome,0.999997,Normal Traffic,11
2026-01-23 14:36:49,6628,nvcontainer,0.999998,Normal Traffic,8
2026-01-23 14:36:49,22292,brave,0.999998,Normal Traffic,8
2026-01-23 14:36:49,2400,svchost,0.999998,Normal Traffic,8
2026-01-23 14:36:49,16128,brave,0.999998,Normal Traffic,8
2026-01-23 14:36:49,13164,chrome,0.999998,Normal Traffic,11
2026-01-23 14:36:49,6628,nvcontainer,0.999998,Normal Traffic,8
2026-01-23 14:36:49,22292,brave,0.999998,Normal Traffic,8
2026-01-23 14:36:49,2400,svchost,0.999998,Normal Traffic,8
2026-01-23 14:36:49,16128,brave,0.999998,Normal Traffic,8
2026-01-23 14:36:49,4380,chrome,0.999974,Normal Traffic,2151
2026-01-23 14:36:49,4380,chrome,0.999998,Normal Traffic,45
2026-01-23 14:36:49,4380,chrome,0.999994,Normal Traffic,1246
2026-01-23 14:36:49,4380,chrome,0.999997,Normal Traffic,55
2026-01-23 14:36:49,4380,chrome,0.999992,Normal Traffic,10
2026-01-23 14:36:49,4380,chrome,0.999995,Normal Traffic,10
2026-01-23 14:36:49,4380,chrome,0.999999,Normal Traffic,42
2026-01-23 14:36:50,4380,chrome,0.999998,Normal Traffic,521
2026-01-23 14:36:50,4380,chrome,1.000000,Normal Traffic,21
2026-01-23 14:36:50,4380,chrome,0.999999,Normal Traffic,57
2026-01-23 14:36:50,22292,brave,0.999996,Normal Traffic,6
2026-01-23 14:36:50,6748,qbittorrent,0.999999,Normal Traffic,1
2026-01-23 14:36:50,12672,Code,0.999955,Normal Traffic,2
2026-01-23 14:36:55,6748,qbittorrent,0.999960,Normal Traffic,2
2026-01-23 14:36:56,18296,svchost,0.999991,Normal Traffic,3000
2026-01-23 14:36:56,22292,brave,0.999998,Normal Traffic,54
2026-01-23 14:36:56,25584,msedgewebview2,0.999997,Normal Traffic,221
2026-01-23 14:36:56,12672,Code,0.999994,Normal Traffic,1
2026-01-23 14:37:00,12672,Code,0.999999,Normal Traffic,7
2026-01-23 14:37:00,12672,Code,0.999994,Normal Traffic,36
2026-01-23 14:37:00,6748,qbittorrent,0.999998,Normal Traffic,2
2026-01-23 14:37:01,18296,svchost,0.999959,Normal Traffic,3000
2026-01-23 14:37:05,6748,qbittorrent,0.999997,Normal Traffic,2
2026-01-23 14:37:08,18296,svchost,0.999959,Normal Traffic,3000
2026-01-23 14:37:09,20224,SchildiChatAlpha,0.999997,Normal Traffic,13
2026-01-23 14:37:10,6748,qbittorrent,0.999997,Normal Traffic,2
2026-01-23 14:37:12,10832,warp-svc,0.999996,Normal Traffic,2
2026-01-23 14:37:12,23040,svchost,1.000000,Normal Traffic,1
2026-01-23 14:37:13,2400,svchost,0.999836,Normal Traffic,2
2026-01-23 14:37:13,2400,svchost,0.999996,Normal Traffic,1
2026-01-23 14:37:13,21512,PhoneExperienceHost,0.999993,Normal Traffic,9
2026-01-23 14:37:14,18296,svchost,0.999961,Normal Traffic,3000
2026-01-23 14:37:15,6748,qbittorrent,0.999998,Normal Traffic,2
2026-01-23 14:37:20,22292,brave,0.999997,Normal Traffic,6
2026-01-23 14:37:20,6748,qbittorrent,0.999999,Normal Traffic,1
2026-01-23 14:37:22,18296,svchost,0.999949,Normal Traffic,3000
2026-01-23 14:37:23,22292,brave,0.999999,Normal Traffic,20
2026-01-23 14:37:23,12672,Code,0.999999,Normal Traffic,4
2026-01-23 14:37:23,22292,brave,0.999991,Normal Traffic,37
2026-01-23 14:37:26,6748,qbittorrent,0.999998,Normal Traffic,2
2026-01-23 14:37:27,18296,svchost,0.999978,Normal Traffic,3000
2026-01-23 14:37:30,25188,Telegram,0.999999,Normal Traffic,12
2026-01-23 14:37:30,6748,qbittorrent,0.999997,Normal Traffic,2
2026-01-23 14:37:33,18296,svchost,0.999979,Normal Traffic,3000
2026-01-23 14:37:35,6748,qbittorrent,0.999973,Normal Traffic,2
2026-01-23 14:37:36,25188,Telegram,0.999999,Normal Traffic,315
2026-01-23 14:37:37,12672,Code,0.999971,Normal Traffic,2
2026-01-23 14:37:39,20224,SchildiChatAlpha,0.999997,Normal Traffic,4
2026-01-23 14:37:40,18296,svchost,0.999949,Normal Traffic,3000
2026-01-23 14:37:40,20224,SchildiChatAlpha,0.999997,Normal Traffic,12
2026-01-23 14:37:40,6748,qbittorrent,0.999995,Normal Traffic,2
2026-01-23 14:37:42,25188,Telegram,0.999998,Normal Traffic,122
2026-01-23 14:37:45,22292,brave,0.999993,Normal Traffic,9
2026-01-23 14:37:46,25188,Telegram,0.999999,Normal Traffic,155
2026-01-23 14:37:46,6748,qbittorrent,0.999998,Normal Traffic,2
2026-01-23 14:37:46,18296,svchost,0.999962,Normal Traffic,3000
2026-01-23 14:37:47,22292,brave,0.999999,Normal Traffic,67
2026-01-23 14:37:48,22292,brave,0.999991,Normal Traffic,53
2026-01-23 14:37:50,6748,qbittorrent,0.999998,Normal Traffic,2
2026-01-23 14:37:51,22292,brave,0.999999,Normal Traffic,24
2026-01-23 14:37:56,6748,qbittorrent,0.999999,Normal Traffic,2
2026-01-23 14:38:00,6748,qbittorrent,0.999949,Normal Traffic,2
2026-01-23 14:38:06,6748,qbittorrent,0.999998,Normal Traffic,2
2026-01-23 14:38:06,18296,svchost,0.999976,Normal Traffic,101
2026-01-23 14:38:08,19008,ExitedProcess,0.999995,Normal Traffic,5
2026-01-23 14:38:10,20224,SchildiChatAlpha,0.999949,Normal Traffic,5
2026-01-23 14:38:10,6748,qbittorrent,0.999999,Normal Traffic,1
2026-01-23 14:38:12,10832,warp-svc,0.999980,Normal Traffic,2
2026-01-23 14:38:15,6748,qbittorrent,0.999998,Normal Traffic,2
2026-01-23 14:38:20,6748,qbittorrent,0.999989,Normal Traffic,2
2026-01-23 14:38:20,22292,brave,0.999996,Normal Traffic,7
2026-01-23 14:38:21,22292,brave,0.999997,Normal Traffic,40
2026-01-23 14:38:22,2400,svchost,0.994778,Normal Traffic,8
2026-01-23 14:38:22,2400,svchost,0.999996,Normal Traffic,1
2026-01-23 14:38:22,4268,EtwHostServiceUpdater,0.999991,Normal Traffic,15
2026-01-23 14:38:23,12672,Code,0.999999,Normal Traffic,4
2026-01-23 14:38:25,6748,qbittorrent,0.999998,Normal Traffic,2
2026-01-23 14:38:30,12672,Code,0.999994,Normal Traffic,1
2026-01-23 14:38:30,6748,qbittorrent,0.999990,Normal Traffic,2
2026-01-23 14:38:31,25188,Telegram,0.999992,Normal Traffic,197
2026-01-23 14:38:35,6748,qbittorrent,0.999937,Normal Traffic,2
2026-01-23 14:38:40,20224,SchildiChatAlpha,0.999996,Normal Traffic,4
2026-01-23 14:38:40,6748,qbittorrent,0.999989,Normal Traffic,2
2026-01-23 14:38:41,20224,SchildiChatAlpha,0.999997,Normal Traffic,9
2026-01-23 14:38:45,6748,qbittorrent,0.999983,Normal Traffic,2
2026-01-23 14:38:50,6748,qbittorrent,0.999994,Normal Traffic,2
2026-01-23 14:38:50,22292,brave,0.999998,Normal Traffic,1
2026-01-23 14:38:52,22292,brave,0.999996,Normal Traffic,6
2026-01-23 14:38:55,6748,qbittorrent,0.999930,Normal Traffic,2
2026-01-23 14:39:00,6748,qbittorrent,0.999998,Normal Traffic,1
2026-01-23 14:39:04,11156,gamingservices,0.999986,Normal Traffic,11
2026-01-23 14:39:05,6748,qbittorrent,0.999980,Normal Traffic,2
2026-01-23 14:39:07,6132,svchost,0.999998,Normal Traffic,16
2026-01-23 14:39:09,25188,Telegram,0.999997,Normal Traffic,4
2026-01-23 14:39:10,6748,qbittorrent,1.000000,Normal Traffic,1
2026-01-23 14:39:11,20224,SchildiChatAlpha,0.999996,Normal Traffic,5
2026-01-23 14:39:12,2400,svchost,0.999383,Normal Traffic,6
2026-01-23 14:39:12,10832,warp-svc,0.999978,Normal Traffic,2
2026-01-23 14:39:15,6748,qbittorrent,0.999998,Normal Traffic,2
2026-01-23 14:39:17,7132,SearchHost,1.000000,Normal Traffic,1
2026-01-23 14:39:18,26708,lgc,0.007869,DoS,2
2026-01-23 14:39:20,6748,qbittorrent,0.999994,Normal Traffic,2
2026-01-23 14:39:22,22292,brave,1.000000,Normal Traffic,2
2026-01-23 14:39:22,22292,brave,0.999996,Normal Traffic,11
2026-01-23 14:39:22,22292,brave,0.999995,Normal Traffic,6
2026-01-23 14:39:22,4268,EtwHostServiceUpdater,0.999999,Normal Traffic,1
2026-01-23 14:39:25,6748,qbittorrent,0.999974,Normal Traffic,2
2026-01-23 14:39:30,6748,qbittorrent,0.999960,Normal Traffic,2
2026-01-23 14:39:31,12672,Code,0.999999,Normal Traffic,8
2026-01-23 14:39:36,6748,qbittorrent,0.999998,Normal Traffic,2
2026-01-23 14:39:40,6748,qbittorrent,0.999998,Normal Traffic,1
2026-01-23 14:39:41,20224,SchildiChatAlpha,0.999977,Normal Traffic,4
2026-01-23 14:39:42,20224,SchildiChatAlpha,0.999997,Normal Traffic,9
2026-01-23 14:39:45,6748,qbittorrent,0.999998,Normal Traffic,2
2026-01-23 14:39:49,12672,Code,0.999978,Normal Traffic,4
2026-01-23 14:39:50,6132,svchost,0.999997,Normal Traffic,8
2026-01-23 14:39:50,6748,qbittorrent,0.999998,Normal Traffic,2
2026-01-23 14:39:52,22292,brave,0.999996,Normal Traffic,6
2026-01-23 14:39:52,22292,brave,0.999998,Normal Traffic,1
2026-01-23 14:39:55,6748,qbittorrent,0.999998,Normal Traffic,2
2026-01-23 14:39:59,25188,Telegram,0.999998,Normal Traffic,4
2026-01-23 14:40:00,6748,qbittorrent,0.999998,Normal Traffic,2
2026-01-23 14:40:05,6748,qbittorrent,1.000000,Normal Traffic,1
2026-01-23 14:40:06,2400,svchost,0.994392,Normal Traffic,6
2026-01-23 14:40:07,20220,WINWORD,0.999998,Normal Traffic,7
2026-01-23 14:40:10,6748,qbittorrent,0.999998,Normal Traffic,2
2026-01-23 14:40:11,27376,Code,0.999998,Normal Traffic,25
2026-01-23 14:40:12,20224,SchildiChatAlpha,0.999998,Normal Traffic,5
2026-01-23 14:40:12,10832,warp-svc,0.999997,Normal Traffic,2
2026-01-23 14:40:15,6748,qbittorrent,0.999997,Normal Traffic,2
2026-01-23 14:40:20,6748,qbittorrent,0.999997,Normal Traffic,2
2026-01-23 14:40:22,22292,brave,0.999997,Normal Traffic,11
2026-01-23 14:40:23,22292,brave,0.999995,Normal Traffic,6
2026-01-23 14:40:25,6748,qbittorrent,0.999996,Normal Traffic,2
2026-01-23 14:40:28,12672,Code,0.999999,Normal Traffic,4
2026-01-23 14:40:30,6748,qbittorrent,1.000000,Normal Traffic,1
2026-01-23 14:40:33,25188,Telegram,0.999995,Normal Traffic,3
2026-01-23 14:40:35,6748,qbittorrent,0.999997,Normal Traffic,2
2026-01-23 14:40:40,6748,qbittorrent,0.999997,Normal Traffic,2
2026-01-23 14:40:42,20224,SchildiChatAlpha,0.999997,Normal Traffic,9
2026-01-23 14:40:42,20224,SchildiChatAlpha,0.999971,Normal Traffic,4
2026-01-23 14:40:45,6748,qbittorrent,0.999999,Normal Traffic,1
2026-01-23 14:40:47,25584,msedgewebview2,0.999995,Normal Traffic,4
2026-01-23 14:40:50,6748,qbittorrent,0.999997,Normal Traffic,2
2026-01-23 14:40:51,12672,Code,0.999997,Normal Traffic,369
2026-01-23 14:40:53,25584,msedgewebview2,0.999997,Normal Traffic,207
2026-01-23 14:40:55,22292,brave,0.999996,Normal Traffic,6
2026-01-23 14:40:55,6748,qbittorrent,0.999997,Normal Traffic,2
2026-01-23 14:40:55,12672,Code,0.999997,Normal Traffic,11
2026-01-23 14:40:55,12672,Code,0.999999,Normal Traffic,11
2026-01-23 14:40:55,22292,brave,0.999999,Normal Traffic,6
2026-01-23 14:40:55,22292,brave,0.999998,Normal Traffic,1
2026-01-23 14:40:55,12672,Code,0.999998,Normal Traffic,1
2026-01-23 14:40:55,12672,Code,0.999998,Normal Traffic,1
2026-01-23 14:40:55,12672,Code,0.999999,Normal Traffic,2
2026-01-23 14:40:56,3852,svchost,0.999991,Normal Traffic,8
2026-01-23 14:40:58,7132,SearchHost,0.999998,Normal Traffic,14
2026-01-23 14:40:58,22292,brave,1.000000,Normal Traffic,31
2026-01-23 14:40:58,26708,lgc,0.999998,Normal Traffic,55
2026-01-23 14:40:59,2400,svchost,0.999998,Normal Traffic,4
2026-01-23 14:40:59,2400,svchost,0.999998,Normal Traffic,4
2026-01-23 14:41:00,6748,qbittorrent,0.999998,Normal Traffic,2
2026-01-23 14:41:03,22292,brave,0.999998,Normal Traffic,119
2026-01-23 14:41:03,12672,Code,0.999999,Normal Traffic,8
2026-01-23 14:41:03,12672,Code,0.999997,Normal Traffic,15
2026-01-23 14:41:03,22292,brave,0.999990,Normal Traffic,9
2026-01-23 14:41:03,2400,svchost,0.999990,Normal Traffic,9
2026-01-23 14:41:03,22292,brave,0.999991,Normal Traffic,11
2026-01-23 14:41:03,2400,svchost,0.999991,Normal Traffic,11
2026-01-23 14:41:05,6748,qbittorrent,0.999999,Normal Traffic,1
2026-01-23 14:41:06,16128,brave,0.999998,Normal Traffic,17
2026-01-23 14:41:06,16128,brave,0.999998,Normal Traffic,19
2026-01-23 14:41:10,6748,qbittorrent,0.999999,Normal Traffic,1
2026-01-23 14:41:11,6020,svchost,0.999999,Normal Traffic,31
2026-01-23 14:41:11,6020,svchost,0.999999,Normal Traffic,31
2026-01-23 14:41:12,20224,SchildiChatAlpha,0.999998,Normal Traffic,11
2026-01-23 14:41:15,6748,qbittorrent,1.000000,Normal Traffic,1
2026-01-23 14:41:17,2400,svchost,0.999996,Normal Traffic,1
2026-01-23 14:41:20,6748,qbittorrent,1.000000,Normal Traffic,1
2026-01-23 14:41:25,6748,qbittorrent,1.000000,Normal Traffic,1
2026-01-23 14:41:30,6748,qbittorrent,0.999999,Normal Traffic,1
2026-01-23 14:41:33,6628,nvcontainer,0.999993,Normal Traffic,18
2026-01-23 14:41:35,6748,qbittorrent,1.000000,Normal Traffic,1
2026-01-23 14:41:38,9360,xray,0.999980,Normal Traffic,3000
2026-01-23 14:41:39,6132,svchost,1.000000,Normal Traffic,1
2026-01-23 14:41:40,6748,qbittorrent,1.000000,Normal Traffic,1
2026-01-23 14:41:41,6628,nvcontainer,0.999995,Normal Traffic,25
2026-01-23 14:41:43,20224,SchildiChatAlpha,0.999997,Normal Traffic,10
2026-01-23 14:41:45,6748,qbittorrent,1.000000,Normal Traffic,1
2026-01-23 14:41:50,6748,qbittorrent,0.999999,Normal Traffic,1
2026-01-23 14:41:55,6748,qbittorrent,1.000000,Normal Traffic,1
2026-01-23 14:42:00,6748,qbittorrent,1.000000,Normal Traffic,1
2026-01-23 14:42:01,2400,svchost,0.999955,Normal Traffic,3
2026-01-23 14:42:05,6628,nvcontainer,0.999999,Normal Traffic,1
2026-01-23 14:42:05,6628,nvcontainer,0.999999,Normal Traffic,1
2026-01-23 14:42:05,6748,qbittorrent,1.000000,Normal Traffic,1
2026-01-23 14:42:06,9360,xray,0.999955,Normal Traffic,3000
2026-01-23 14:42:10,6748,qbittorrent,0.999999,Normal Traffic,1
2026-01-23 14:42:13,9360,xray,0.999948,Normal Traffic,3000
2026-01-23 14:42:13,20224,SchildiChatAlpha,0.999991,Normal Traffic,5
2026-01-23 14:42:15,6748,qbittorrent,1.000000,Normal Traffic,1
2026-01-23 14:42:19,9360,xray,0.999793,Normal Traffic,3000
2026-01-23 14:42:20,6748,qbittorrent,0.999999,Normal Traffic,1
2026-01-23 14:42:24,2400,svchost,0.999996,Normal Traffic,1
2026-01-23 14:42:25,6748,qbittorrent,1.000000,Normal Traffic,1
2026-01-23 14:42:30,6748,qbittorrent,0.999999,Normal Traffic,1
2026-01-23 14:42:31,9360,xray,0.999939,Normal Traffic,3000
2026-01-23 14:42:32,2400,svchost,0.999997,Normal Traffic,42
2026-01-23 14:42:35,6748,qbittorrent,1.000000,Normal Traffic,1
2026-01-23 14:42:39,9360,xray,0.999784,Normal Traffic,3000
2026-01-23 14:42:40,6748,qbittorrent,0.999999,Normal Traffic,1
2026-01-23 14:42:43,9360,xray,0.999703,Normal Traffic,3000
2026-01-23 14:42:43,20224,SchildiChatAlpha,0.999998,Normal Traffic,9
2026-01-23 14:42:45,6748,qbittorrent,0.999999,Normal Traffic,1
2026-01-23 14:42:47,9360,xray,0.999944,Normal Traffic,3000
2026-01-23 14:42:50,6748,qbittorrent,1.000000,Normal Traffic,1
2026-01-23 14:42:53,9360,xray,0.999952,Normal Traffic,3000
2026-01-23 14:42:55,6748,qbittorrent,0.999999,Normal Traffic,1
2026-01-23 14:42:57,9360,xray,0.999985,Normal Traffic,3000
2026-01-23 14:43:00,6748,qbittorrent,0.999999,Normal Traffic,1
2026-01-23 14:43:05,6748,qbittorrent,1.000000,Normal Traffic,1
2026-01-23 14:43:09,9360,xray,0.999971,Normal Traffic,3000
2026-01-23 14:43:09,6628,nvcontainer,0.999880,Normal Traffic,2
2026-01-23 14:43:09,6628,nvcontainer,0.999999,Normal Traffic,1
2026-01-23 14:43:10,6748,qbittorrent,1.000000,Normal Traffic,1
2026-01-23 14:43:13,2400,svchost,1.000000,Normal Traffic,3
2026-01-23 14:43:13,20224,SchildiChatAlpha,0.999995,Normal Traffic,6
2026-01-23 14:43:15,6748,qbittorrent,1.000000,Normal Traffic,1
2026-01-23 14:43:20,6748,qbittorrent,1.000000,Normal Traffic,1
2026-01-23 14:43:25,6748,qbittorrent,0.999999,Normal Traffic,1
2026-01-23 14:43:30,6748,qbittorrent,1.000000,Normal Traffic,1
2026-01-23 14:43:35,6748,qbittorrent,1.000000,Normal Traffic,1
2026-01-23 14:43:40,6748,qbittorrent,1.000000,Normal Traffic,1
2026-01-23 14:43:44,20224,SchildiChatAlpha,0.999997,Normal Traffic,9
2026-01-23 14:43:45,6748,qbittorrent,1.000000,Normal Traffic,1
2026-01-23 14:43:51,6748,qbittorrent,1.000000,Normal Traffic,1
2026-01-23 14:43:56,6748,qbittorrent,0.999999,Normal Traffic,1
2026-01-23 14:44:01,6748,qbittorrent,1.000000,Normal Traffic,1
2026-01-23 14:44:06,6748,qbittorrent,0.999999,Normal Traffic,1
2026-01-23 14:44:11,6748,qbittorrent,1.000000,Normal Traffic,1
2026-01-23 14:44:15,20224,SchildiChatAlpha,0.999997,Normal Traffic,6
2026-01-23 14:44:16,6748,qbittorrent,0.999999,Normal Traffic,1
2026-01-23 14:44:19,2400,svchost,1.000000,Normal Traffic,5
2026-01-23 14:44:21,6748,qbittorrent,0.999997,Normal Traffic,1
2026-01-23 14:44:26,6748,qbittorrent,0.999999,Normal Traffic,1
2026-01-23 14:44:31,6748,qbittorrent,0.999999,Normal Traffic,1
2026-01-23 14:44:36,6748,qbittorrent,0.999999,Normal Traffic,1
2026-01-23 14:44:41,6748,qbittorrent,0.999998,Normal Traffic,1
2026-01-23 14:44:45,20224,SchildiChatAlpha,0.999997,Normal Traffic,9
2026-01-23 14:44:46,6748,qbittorrent,0.999999,Normal Traffic,1
2026-01-23 14:44:51,6748,qbittorrent,1.000000,Normal Traffic,1
2026-01-23 14:44:56,6748,qbittorrent,1.000000,Normal Traffic,1
2026-01-23 14:45:01,6748,qbittorrent,1.000000,Normal Traffic,1
2026-01-23 14:45:06,6748,qbittorrent,0.999997,Normal Traffic,1
2026-01-23 14:45:11,6748,qbittorrent,0.999999,Normal Traffic,1
2026-01-23 14:45:16,20224,SchildiChatAlpha,0.999996,Normal Traffic,6
2026-01-23 14:45:16,6748,qbittorrent,0.999999,Normal Traffic,1
2026-01-23 14:45:21,6748,qbittorrent,1.000000,Normal Traffic,1
2026-01-23 14:45:26,6748,qbittorrent,0.999999,Normal Traffic,1
2026-01-23 14:45:27,9360,xray,0.999975,Normal Traffic,1556
2026-01-23 14:45:27,2400,svchost,1.000000,Normal Traffic,2
2026-01-23 14:45:27,2400,svchost,1.000000,Normal Traffic,2
2026-01-23 14:45:27,25188,Telegram,1.000000,Normal Traffic,10
2026-01-23 14:45:27,25188,Telegram,1.000000,Normal Traffic,10
2026-01-23 14:45:27,26708,lgc,0.999997,Normal Traffic,14
2026-01-23 14:45:27,2844,svchost,0.434962,DoS,2
2026-01-23 14:45:28,26708,lgc,0.999998,Normal Traffic,56
2026-01-23 14:45:28,3852,svchost,0.999995,Normal Traffic,4
2026-01-23 14:45:28,10484,svchost,0.999998,Normal Traffic,16
2026-01-23 14:45:29,12672,Code,0.999995,Normal Traffic,7
2026-01-23 14:45:31,22292,brave,0.999998,Normal Traffic,9
2026-01-23 14:45:31,6748,qbittorrent,1.000000,Normal Traffic,1
2026-01-23 14:45:33,6020,svchost,0.999999,Normal Traffic,19
2026-01-23 14:45:33,6020,svchost,0.999999,Normal Traffic,19
2026-01-23 14:45:35,22292,brave,0.999995,Normal Traffic,13
2026-01-23 14:45:36,6748,qbittorrent,0.999999,Normal Traffic,1
2026-01-23 14:45:37,22292,brave,1.000000,Normal Traffic,71
2026-01-23 14:45:37,22292,brave,0.999994,Normal Traffic,9
2026-01-23 14:45:41,6748,qbittorrent,0.999998,Normal Traffic,2
2026-01-23 14:45:46,20224,SchildiChatAlpha,0.999998,Normal Traffic,15
2026-01-23 14:45:46,6748,qbittorrent,0.999998,Normal Traffic,2
2026-01-23 14:45:51,6748,qbittorrent,0.999998,Normal Traffic,2
2026-01-23 14:45:56,6748,qbittorrent,0.999999,Normal Traffic,1
2026-01-23 14:46:01,22292,brave,0.999996,Normal Traffic,6
2026-01-23 14:46:01,6748,qbittorrent,0.999998,Normal Traffic,2
2026-01-23 14:46:02,12672,Code,0.999980,Normal Traffic,4
2026-01-23 14:46:02,6628,nvcontainer,0.999999,Normal Traffic,24
2026-01-23 14:46:02,27932,setup,0.999996,Normal Traffic,6
2026-01-23 14:46:02,2844,svchost,0.057679,DoS,3
2026-01-23 14:46:03,27932,setup,0.002875,DoS,2
2026-01-23 14:46:03,14860,NVIDIA Web Helper,0.999981,Normal Traffic,3000
2026-01-23 14:46:04,27932,setup,0.999997,Normal Traffic,10
2026-01-23 14:46:05,6628,nvcontainer,0.999994,Normal Traffic,34
2026-01-23 14:46:05,6628,nvcontainer,0.999996,Normal Traffic,26
2026-01-23 14:46:06,22292,brave,0.999993,Normal Traffic,7
2026-01-23 14:46:06,6748,qbittorrent,1.000000,Normal Traffic,1
2026-01-23 14:46:08,22292,brave,0.999999,Normal Traffic,3
2026-01-23 14:46:08,14860,NVIDIA Web Helper,0.999976,Normal Traffic,3000
2026-01-23 14:46:11,6748,qbittorrent,0.999998,Normal Traffic,2
2026-01-23 14:46:12,23240,svchost,0.999995,Normal Traffic,11
2026-01-23 14:46:12,25188,Telegram,0.999993,Normal Traffic,2
2026-01-23 14:46:12,10832,warp-svc,0.999981,Normal Traffic,2
2026-01-23 14:46:12,14860,NVIDIA Web Helper,0.999978,Normal Traffic,3000
2026-01-23 14:46:13,17896,WindowsPackageManagerServer,0.999998,Normal Traffic,27
2026-01-23 14:46:16,768,nvcontainer,0.999998,Normal Traffic,8
2026-01-23 14:46:16,20224,SchildiChatAlpha,0.999998,Normal Traffic,5
2026-01-23 14:46:16,6748,qbittorrent,0.999991,Normal Traffic,2
2026-01-23 14:46:16,14860,NVIDIA Web Helper,0.999977,Normal Traffic,3000
2026-01-23 14:46:17,18988,NVIDIA GeForce Experience,0.999994,Normal Traffic,3000
2026-01-23 14:46:20,14860,NVIDIA Web Helper,0.999976,Normal Traffic,3000
2026-01-23 14:46:21,6748,qbittorrent,0.999997,Normal Traffic,2
2026-01-23 14:46:23,14860,NVIDIA Web Helper,0.999998,Normal Traffic,11
2026-01-23 14:46:23,1640,NVIDIA Share,0.999999,Normal Traffic,11
2026-01-23 14:46:23,18988,NVIDIA GeForce Experience,0.999997,Normal Traffic,14
2026-01-23 14:46:23,1640,NVIDIA Share,0.999997,Normal Traffic,12
2026-01-23 14:46:23,14860,NVIDIA Web Helper,0.999984,Normal Traffic,3000
2026-01-23 14:46:24,1640,NVIDIA Share,1.000000,Normal Traffic,22
2026-01-23 14:46:24,18988,NVIDIA GeForce Experience,0.999995,Normal Traffic,6
2026-01-23 14:46:25,14860,NVIDIA Web Helper,0.999999,Normal Traffic,27
2026-01-23 14:46:25,768,nvcontainer,1.000000,Normal Traffic,16
2026-01-23 14:46:25,14860,NVIDIA Web Helper,0.999924,Normal Traffic,3000
2026-01-23 14:46:26,6748,qbittorrent,0.999998,Normal Traffic,2
2026-01-23 14:46:28,14860,NVIDIA Web Helper,0.999950,Normal Traffic,3000
2026-01-23 14:46:29,27932,setup,0.999994,Normal Traffic,3
2026-01-23 14:46:29,27932,setup,0.999997,Normal Traffic,11
2026-01-23 14:46:29,1640,NVIDIA Share,0.999999,Normal Traffic,9
2026-01-23 14:46:29,27932,ExitedProcess,0.999886,Normal Traffic,1
2026-01-23 14:46:30,14860,NVIDIA Web Helper,0.999959,Normal Traffic,3000
2026-01-23 14:46:30,18988,NVIDIA GeForce Experience,0.999992,Normal Traffic,708
2026-01-23 14:46:30,18988,NVIDIA GeForce Experience,0.999993,Normal Traffic,40
2026-01-23 14:46:31,22292,brave,0.999994,Normal Traffic,5
2026-01-23 14:46:31,18988,NVIDIA GeForce Experience,0.999997,Normal Traffic,6
2026-01-23 14:46:31,6748,qbittorrent,0.999999,Normal Traffic,1
2026-01-23 14:46:33,14860,NVIDIA Web Helper,0.999958,Normal Traffic,3000
2026-01-23 14:46:35,14860,NVIDIA Web Helper,0.999971,Normal Traffic,3000
2026-01-23 14:46:35,18988,NVIDIA GeForce Experience,0.999997,Normal Traffic,291
2026-01-23 14:46:36,28372,nvcontainer,0.999999,Normal Traffic,73
2026-01-23 14:46:36,6748,qbittorrent,1.000000,Normal Traffic,1
2026-01-23 14:46:37,22292,brave,0.999996,Normal Traffic,8
2026-01-23 14:46:38,14860,NVIDIA Web Helper,0.999948,Normal Traffic,3000
2026-01-23 14:46:38,18988,NVIDIA GeForce Experience,0.999999,Normal Traffic,308
2026-01-23 14:46:38,18988,NVIDIA GeForce Experience,1.000000,Normal Traffic,79
2026-01-23 14:46:38,18988,NVIDIA GeForce Experience,0.999998,Normal Traffic,34
2026-01-23 14:46:38,18988,NVIDIA GeForce Experience,0.999995,Normal Traffic,344
2026-01-23 14:46:38,2844,svchost,0.000884,DoS,2
2026-01-23 14:46:39,12672,Code,0.999955,Normal Traffic,2
2026-01-23 14:46:40,14860,NVIDIA Web Helper,0.999934,Normal Traffic,3000
2026-01-23 14:46:40,28372,nvcontainer,0.999999,Normal Traffic,56
2026-01-23 14:46:41,6748,qbittorrent,1.000000,Normal Traffic,1
2026-01-23 14:46:42,22292,brave,0.999998,Normal Traffic,17
2026-01-23 14:46:43,14860,NVIDIA Web Helper,0.999919,Normal Traffic,3000
2026-01-23 14:46:44,14860,NVIDIA Web Helper,0.999934,Normal Traffic,3000
2026-01-23 14:46:44,26708,lgc,1.000000,Normal Traffic,2
2026-01-23 14:46:46,27376,Code,0.999998,Normal Traffic,9
2026-01-23 14:46:46,6748,qbittorrent,0.999999,Normal Traffic,2
2026-01-23 14:46:47,14860,NVIDIA Web Helper,0.999941,Normal Traffic,3000
2026-01-23 14:46:47,20224,SchildiChatAlpha,0.999992,Normal Traffic,11
2026-01-23 14:46:47,12672,Code,0.999998,Normal Traffic,14
2026-01-23 14:46:49,14860,NVIDIA Web Helper,0.999922,Normal Traffic,3000
2026-01-23 14:46:50,27376,Code,0.999998,Normal Traffic,37
2026-01-23 14:46:50,2400,svchost,0.999992,Normal Traffic,1
2026-01-23 14:46:51,14860,NVIDIA Web Helper,0.999968,Normal Traffic,3000
2026-01-23 14:46:51,6748,qbittorrent,0.999996,Normal Traffic,2
2026-01-23 14:46:52,27376,Code,0.999998,Normal Traffic,11
2026-01-23 14:46:53,22292,brave,0.999995,Normal Traffic,28
2026-01-23 14:46:53,16128,brave,0.999997,Normal Traffic,34
2026-01-23 14:46:53,2400,svchost,0.999997,Normal Traffic,31
2026-01-23 14:46:53,28372,nvcontainer,0.999996,Normal Traffic,21
2026-01-23 14:46:53,1640,NVIDIA Share,0.999998,Normal Traffic,2
2026-01-23 14:46:54,14860,NVIDIA Web Helper,0.999980,Normal Traffic,3000
2026-01-23 14:46:56,27376,Code,0.999990,Normal Traffic,17
2026-01-23 14:46:56,6748,qbittorrent,0.999998,Normal Traffic,2
2026-01-23 14:46:57,14860,NVIDIA Web Helper,0.999928,Normal Traffic,3000
2026-01-23 14:47:00,14860,NVIDIA Web Helper,0.999975,Normal Traffic,3000
2026-01-23 14:47:00,22292,brave,0.999995,Normal Traffic,37
2026-01-23 14:47:00,16128,brave,0.999997,Normal Traffic,43
2026-01-23 14:47:00,2400,svchost,0.999997,Normal Traffic,40
2026-01-23 14:47:00,28372,nvcontainer,0.999995,Normal Traffic,31
2026-01-23 14:47:01,6748,qbittorrent,0.999995,Normal Traffic,2
2026-01-23 14:47:02,22292,brave,0.999995,Normal Traffic,7
2026-01-23 14:47:02,12672,Code,0.999994,Normal Traffic,40
2026-01-23 14:47:03,14860,NVIDIA Web Helper,0.999992,Normal Traffic,3000
2026-01-23 14:47:06,6748,qbittorrent,0.999997,Normal Traffic,2
2026-01-23 14:47:08,22292,brave,0.999994,Normal Traffic,8
2026-01-23 14:47:11,6748,qbittorrent,0.999998,Normal Traffic,2
2026-01-23 14:47:12,10832,warp-svc,0.999979,Normal Traffic,2
2026-01-23 14:47:13,2400,svchost,1.000000,Normal Traffic,4
2026-01-23 14:47:13,17896,WindowsPackageManagerServer,0.999997,Normal Traffic,2
2026-01-23 14:47:13,2400,svchost,0.999984,Normal Traffic,4
2026-01-23 14:47:15,768,nvcontainer,0.999998,Normal Traffic,8
2026-01-23 14:47:16,6748,qbittorrent,0.999999,Normal Traffic,2
2026-01-23 14:47:17,20224,SchildiChatAlpha,0.999994,Normal Traffic,6
2026-01-23 14:47:21,6748,qbittorrent,0.999999,Normal Traffic,2
2026-01-23 14:47:24,768,nvcontainer,0.999969,Normal Traffic,2482
2026-01-23 14:47:24,27376,Code,0.999997,Normal Traffic,28
2026-01-23 14:47:24,28372,nvcontainer,0.999996,Normal Traffic,14
2026-01-23 14:47:24,28372,nvcontainer,0.999931,Normal Traffic,2
2026-01-23 14:47:24,22292,brave,0.999999,Normal Traffic,1
2026-01-23 14:47:24,2400,svchost,0.999999,Normal Traffic,1
2026-01-23 14:47:24,16128,brave,0.999999,Normal Traffic,1
2026-01-23 14:47:24,28372,nvcontainer,0.999996,Normal Traffic,2
2026-01-23 14:47:24,22292,brave,0.999999,Normal Traffic,1
2026-01-23 14:47:24,2400,svchost,0.999999,Normal Traffic,1
2026-01-23 14:47:24,16128,brave,0.999999,Normal Traffic,1
2026-01-23 14:47:25,22292,brave,0.999990,Normal Traffic,18
2026-01-23 14:47:26,14860,NVIDIA Web Helper,0.999982,Normal Traffic,2918
2026-01-23 14:47:26,6748,qbittorrent,0.999998,Normal Traffic,2
2026-01-23 14:47:29,1640,NVIDIA Share,0.999994,Normal Traffic,1
2026-01-23 14:47:30,22292,brave,0.999997,Normal Traffic,72
2026-01-23 14:47:30,25188,Telegram,0.999997,Normal Traffic,11
2026-01-23 14:47:31,22292,brave,1.000000,Normal Traffic,29
2026-01-23 14:47:31,6748,qbittorrent,0.999999,Normal Traffic,2
2026-01-23 14:47:31,22292,brave,0.999996,Normal Traffic,6
2026-01-23 14:47:33,28372,nvcontainer,0.999998,Normal Traffic,13
2026-01-23 14:47:35,25188,Telegram,0.999999,Normal Traffic,6
2026-01-23 14:47:36,6748,qbittorrent,0.999985,Normal Traffic,2
2026-01-23 14:47:39,22292,brave,0.999995,Normal Traffic,6
2026-01-23 14:47:41,6748,qbittorrent,0.999999,Normal Traffic,2
2026-01-23 14:47:42,23240,svchost,1.000000,Normal Traffic,1
2026-01-23 14:47:46,6748,qbittorrent,0.999999,Normal Traffic,2
2026-01-23 14:47:47,20224,SchildiChatAlpha,0.999997,Normal Traffic,11
2026-01-23 14:47:48,2400,svchost,1.000000,Normal Traffic,153
2026-01-23 14:47:48,2844,svchost,0.279960,DoS,2
2026-01-23 14:47:49,768,nvcontainer,0.999994,Normal Traffic,13
2026-01-23 14:47:51,6748,qbittorrent,0.999999,Normal Traffic,2
2026-01-23 14:47:56,6748,qbittorrent,1.000000,Normal Traffic,1
2026-01-23 14:47:58,22292,brave,0.999997,Normal Traffic,11
2026-01-23 14:48:01,6748,qbittorrent,0.999999,Normal Traffic,2
2026-01-23 14:48:01,22292,brave,0.999998,Normal Traffic,1
2026-01-23 14:48:02,22292,brave,0.999994,Normal Traffic,6
2026-01-23 14:48:06,6748,qbittorrent,0.999999,Normal Traffic,2
2026-01-23 14:48:09,28372,nvcontainer,0.999998,Normal Traffic,72
2026-01-23 14:48:09,22292,brave,0.999997,Normal Traffic,12
2026-01-23 14:48:11,6748,qbittorrent,1.000000,Normal Traffic,1
2026-01-23 14:48:12,10832,warp-svc,0.999980,Normal Traffic,2
2026-01-23 14:48:13,28372,nvcontainer,0.999998,Normal Traffic,40
2026-01-23 14:48:14,12672,Code,0.999965,Normal Traffic,2
2026-01-23 14:48:16,6748,qbittorrent,0.999999,Normal Traffic,1
2026-01-23 14:48:16,2400,svchost,0.999992,Normal Traffic,1
2026-01-23 14:48:17,27376,Code,0.999998,Normal Traffic,8
2026-01-23 14:48:17,20224,SchildiChatAlpha,0.999992,Normal Traffic,5
2026-01-23 14:48:21,6748,qbittorrent,0.999978,Normal Traffic,2
2026-01-23 14:48:22,1640,NVIDIA Share,0.999999,Normal Traffic,2
2026-01-23 14:48:22,1640,NVIDIA Share,0.999998,Normal Traffic,1
2026-01-23 14:48:23,2844,svchost,0.297328,DoS,2
2026-01-23 14:48:25,22292,brave,0.999999,Normal Traffic,4
2026-01-23 14:48:26,6748,qbittorrent,0.999998,Normal Traffic,2
2026-01-23 14:48:28,28372,nvcontainer,0.999997,Normal Traffic,4
2026-01-23 14:48:28,22292,brave,0.999880,Normal Traffic,2
2026-01-23 14:48:28,2400,svchost,0.999880,Normal Traffic,2
2026-01-23 14:48:28,16128,brave,0.999880,Normal Traffic,2
2026-01-23 14:48:28,28372,nvcontainer,0.999998,Normal Traffic,2
2026-01-23 14:48:28,22292,brave,0.999999,Normal Traffic,1
2026-01-23 14:48:28,2400,svchost,0.999999,Normal Traffic,1
2026-01-23 14:48:28,16128,brave,0.999999,Normal Traffic,1
2026-01-23 14:48:31,6748,qbittorrent,0.999999,Normal Traffic,1
2026-01-23 14:48:32,12672,Code,0.999994,Normal Traffic,1
2026-01-23 14:48:32,22292,brave,0.999997,Normal Traffic,10
2026-01-23 14:48:33,22292,brave,0.999998,Normal Traffic,16
2026-01-23 14:48:34,4,System,0.999879,Normal Traffic,2
2026-01-23 14:48:34,4,System,0.999990,Normal Traffic,2
2026-01-23 14:48:36,6748,qbittorrent,0.999998,Normal Traffic,2
2026-01-23 14:48:40,22292,brave,0.999993,Normal Traffic,7
2026-01-23 14:48:41,6748,qbittorrent,0.999993,Normal Traffic,2
2026-01-23 14:48:46,6748,qbittorrent,0.999994,Normal Traffic,2
2026-01-23 14:48:47,12672,Code,0.999979,Normal Traffic,4
2026-01-23 14:48:48,20224,SchildiChatAlpha,0.999998,Normal Traffic,9
2026-01-23 14:48:51,6748,qbittorrent,0.999998,Normal Traffic,2
2026-01-23 14:48:53,22292,brave,0.999998,Normal Traffic,12
2026-01-23 14:48:56,6748,qbittorrent,0.999996,Normal Traffic,2
2026-01-23 14:48:58,2400,svchost,0.999976,Normal Traffic,4
2026-01-23 14:49:01,6748,qbittorrent,0.999993,Normal Traffic,2
2026-01-23 14:49:03,22292,brave,0.999995,Normal Traffic,5
2026-01-23 14:49:03,22292,brave,0.999998,Normal Traffic,1
2026-01-23 14:49:03,11156,gamingservices,0.999987,Normal Traffic,10
2026-01-23 14:49:06,6748,qbittorrent,1.000000,Normal Traffic,1
2026-01-23 14:49:11,6748,qbittorrent,0.999999,Normal Traffic,1
2026-01-23 14:49:11,22292,brave,0.999995,Normal Traffic,5
2026-01-23 14:49:12,10832,warp-svc,0.999982,Normal Traffic,2
2026-01-23 14:49:16,6748,qbittorrent,1.000000,Normal Traffic,1
2026-01-23 14:49:18,20224,SchildiChatAlpha,0.999998,Normal Traffic,6
2026-01-23 14:49:18,26708,lgc,0.004136,DoS,2
2026-01-23 14:49:21,25188,Telegram,0.999997,Normal Traffic,34
2026-01-23 14:49:21,22292,brave,0.999996,Normal Traffic,5
2026-01-23 14:49:21,6748,qbittorrent,1.000000,Normal Traffic,1
2026-01-23 14:49:26,6748,qbittorrent,0.999996,Normal Traffic,2
2026-01-23 14:49:31,6748,qbittorrent,1.000000,Normal Traffic,1
2026-01-23 14:49:33,22292,brave,0.999998,Normal Traffic,10
2026-01-23 14:49:33,22292,brave,0.999996,Normal Traffic,6
2026-01-23 14:49:36,6748,qbittorrent,1.000000,Normal Traffic,1
2026-01-23 14:49:37,22292,brave,0.999985,Normal Traffic,1
2026-01-23 14:49:41,6748,qbittorrent,0.999992,Normal Traffic,2
2026-01-23 14:49:42,22292,brave,0.999993,Normal Traffic,7
2026-01-23 14:49:46,6748,qbittorrent,0.999997,Normal Traffic,2
2026-01-23 14:49:48,20224,SchildiChatAlpha,0.999998,Normal Traffic,9
2026-01-23 14:49:51,6748,qbittorrent,0.999999,Normal Traffic,1
2026-01-23 14:49:56,6748,qbittorrent,0.999997,Normal Traffic,2
2026-01-23 14:49:58,2400,svchost,0.999994,Normal Traffic,26
2026-01-23 14:49:59,27376,Code,0.999996,Normal Traffic,5
2026-01-23 14:49:59,22292,brave,0.999997,Normal Traffic,7
2026-01-23 14:49:59,22292,brave,0.999996,Normal Traffic,12
2026-01-23 14:50:01,6748,qbittorrent,0.999998,Normal Traffic,2
2026-01-23 14:50:03,22292,brave,0.999994,Normal Traffic,6
2026-01-23 14:50:06,6748,qbittorrent,0.999999,Normal Traffic,1
2026-01-23 14:50:11,6748,qbittorrent,0.999999,Normal Traffic,1
2026-01-23 14:50:11,10832,warp-svc,0.999982,Normal Traffic,2
2026-01-23 14:50:13,22292,brave,0.999994,Normal Traffic,7
2026-01-23 14:50:16,25188,Telegram,0.999990,Normal Traffic,3
2026-01-23 14:50:16,6748,qbittorrent,0.999959,Normal Traffic,2
2026-01-23 14:50:18,20224,SchildiChatAlpha,0.999999,Normal Traffic,7
2026-01-23 14:50:21,6748,qbittorrent,0.999995,Normal Traffic,2
2026-01-23 14:50:26,6748,qbittorrent,0.999997,Normal Traffic,2
2026-01-23 14:50:30,2400,svchost,0.999559,Normal Traffic,2
2026-01-23 14:50:32,6748,qbittorrent,1.000000,Normal Traffic,1
2026-01-23 14:50:32,27376,Code,0.999995,Normal Traffic,7
2026-01-23 14:50:34,22292,brave,1.000000,Normal Traffic,18
2026-01-23 14:50:35,22292,brave,0.999996,Normal Traffic,6
2026-01-23 14:50:37,6748,qbittorrent,1.000000,Normal Traffic,1
2026-01-23 14:50:42,6748,qbittorrent,0.999998,Normal Traffic,2
2026-01-23 14:50:45,22292,brave,0.999995,Normal Traffic,6
2026-01-23 14:50:47,6748,qbittorrent,0.999996,Normal Traffic,2
2026-01-23 14:50:49,2400,svchost,0.995619,Normal Traffic,2
2026-01-23 14:50:50,20224,SchildiChatAlpha,0.999997,Normal Traffic,9
2026-01-23 14:50:52,6748,qbittorrent,0.999999,Normal Traffic,2
2026-01-23 14:50:55,22292,brave,0.999999,Normal Traffic,28
2026-01-23 14:50:57,6748,qbittorrent,0.999998,Normal Traffic,2
2026-01-23 14:51:02,6748,qbittorrent,0.999998,Normal Traffic,2
2026-01-23 14:51:05,22292,brave,0.999994,Normal Traffic,6
2026-01-23 14:51:05,22292,brave,0.999998,Normal Traffic,1
2026-01-23 14:51:07,6748,qbittorrent,0.999997,Normal Traffic,2
2026-01-23 14:51:12,6748,qbittorrent,0.999997,Normal Traffic,2
2026-01-23 14:51:12,2400,svchost,0.980255,Normal Traffic,2
2026-01-23 14:51:12,10832,warp-svc,0.999978,Normal Traffic,2
2026-01-23 14:51:17,6748,qbittorrent,0.999998,Normal Traffic,2
2026-01-23 14:51:20,25188,Telegram,0.999997,Normal Traffic,7
2026-01-23 14:51:20,20224,SchildiChatAlpha,0.999997,Normal Traffic,5
2026-01-23 14:51:22,6748,qbittorrent,0.999915,Normal Traffic,2
2026-01-23 14:51:26,22292,brave,0.999985,Normal Traffic,1
2026-01-23 14:51:27,6748,qbittorrent,0.999998,Normal Traffic,2
2026-01-23 14:51:32,6748,qbittorrent,0.999997,Normal Traffic,2
2026-01-23 14:51:35,22292,brave,0.999996,Normal Traffic,6
2026-01-23 14:51:37,6748,qbittorrent,0.999998,Normal Traffic,2
2026-01-23 14:51:41,27376,Code,0.999998,Normal Traffic,16
2026-01-23 14:51:42,22292,brave,0.999998,Normal Traffic,13
2026-01-23 14:51:42,22292,brave,0.999997,Normal Traffic,18
2026-01-23 14:51:42,6748,qbittorrent,0.999995,Normal Traffic,2
2026-01-23 14:51:47,6748,qbittorrent,0.999999,Normal Traffic,2
2026-01-23 14:51:50,20224,SchildiChatAlpha,0.999998,Normal Traffic,9
2026-01-23 14:51:52,6748,qbittorrent,0.999971,Normal Traffic,2
2026-01-23 14:51:52,25188,Telegram,0.999699,Normal Traffic,2
2026-01-23 14:51:57,6748,qbittorrent,0.999999,Normal Traffic,2
2026-01-23 14:52:02,6748,qbittorrent,0.999997,Normal Traffic,2
2026-01-23 14:52:03,12672,Code,0.999992,Normal Traffic,30
2026-01-23 14:52:05,22292,brave,0.999995,Normal Traffic,5
2026-01-23 14:52:07,6748,qbittorrent,0.999999,Normal Traffic,2
2026-01-23 14:52:08,22292,brave,0.999996,Normal Traffic,5
2026-01-23 14:52:12,6748,qbittorrent,0.999997,Normal Traffic,2
2026-01-23 14:52:12,10832,warp-svc,0.999980,Normal Traffic,2
2026-01-23 14:52:13,28344,ms-teamsupdate,0.999987,Normal Traffic,22
2026-01-23 14:52:14,25188,Telegram,0.999994,Normal Traffic,2
2026-01-23 14:52:15,27376,Code,0.999998,Normal Traffic,24
2026-01-23 14:52:17,6748,qbittorrent,0.999997,Normal Traffic,2
2026-01-23 14:52:20,20224,SchildiChatAlpha,0.999985,Normal Traffic,5
2026-01-23 14:52:20,16272,Hiddify,0.999999,Normal Traffic,2
2026-01-23 14:52:22,6748,qbittorrent,0.999998,Normal Traffic,2
2026-01-23 14:52:25,12672,Code,0.999994,Normal Traffic,411
2026-01-23 14:52:25,12672,Code,0.999994,Normal Traffic,8
2026-01-23 14:52:25,26708,lgc,0.999997,Normal Traffic,18
2026-01-23 14:52:25,26708,lgc,0.999996,Normal Traffic,6
2026-01-23 14:52:26,22292,brave,0.999997,Normal Traffic,29
2026-01-23 14:52:26,22292,brave,0.999998,Normal Traffic,1
2026-01-23 14:52:27,3852,svchost,0.999989,Normal Traffic,12
2026-01-23 14:52:27,2400,svchost,0.999999,Normal Traffic,4
2026-01-23 14:52:27,2400,svchost,0.999999,Normal Traffic,4
2026-01-23 14:52:27,2400,svchost,0.999999,Normal Traffic,4
2026-01-23 14:52:27,2400,svchost,0.999996,Normal Traffic,2
2026-01-23 14:52:27,2844,svchost,0.106259,DoS,3
2026-01-23 14:52:27,6748,qbittorrent,0.999996,Normal Traffic,2
2026-01-23 14:52:28,4,System,0.999971,Normal Traffic,36
2026-01-23 14:52:29,22292,brave,0.999998,Normal Traffic,40
2026-01-23 14:52:30,16272,Hiddify,0.999587,Normal Traffic,10
2026-01-23 14:52:32,6748,qbittorrent,0.999995,Normal Traffic,2
2026-01-23 14:52:36,16272,Hiddify,0.999999,Normal Traffic,15
2026-01-23 14:52:37,22292,brave,0.999998,Normal Traffic,9
2026-01-23 14:52:37,6748,qbittorrent,0.999997,Normal Traffic,2
2026-01-23 14:52:39,22292,brave,0.999999,Normal Traffic,9
2026-01-23 14:52:40,6020,svchost,0.999999,Normal Traffic,26
2026-01-23 14:52:40,6020,svchost,0.999999,Normal Traffic,26
2026-01-23 14:52:40,6020,svchost,0.999997,Normal Traffic,25
2026-01-23 14:52:41,22292,brave,1.000000,Normal Traffic,95
2026-01-23 14:52:42,6748,qbittorrent,0.999999,Normal Traffic,2
2026-01-23 14:52:47,6748,qbittorrent,0.999998,Normal Traffic,2
2026-01-23 14:52:48,25188,Telegram,0.999991,Normal Traffic,2
2026-01-23 14:52:50,20224,SchildiChatAlpha,0.999994,Normal Traffic,2
2026-01-23 14:52:51,2400,svchost,0.999983,Normal Traffic,48
2026-01-23 14:52:52,2400,svchost,1.000000,Normal Traffic,8
2026-01-23 14:52:52,16272,Hiddify,0.999348,Normal Traffic,8
2026-01-23 14:52:52,20224,SchildiChatAlpha,0.999998,Normal Traffic,13
2026-01-23 14:52:52,6748,qbittorrent,0.999999,Normal Traffic,2
2026-01-23 14:52:55,27376,Code,0.999984,Normal Traffic,9
2026-01-23 14:52:57,6748,qbittorrent,0.999998,Normal Traffic,2
2026-01-23 14:53:00,28372,nvcontainer,0.999996,Normal Traffic,43
2026-01-23 14:53:00,2400,svchost,0.999997,Normal Traffic,34
2026-01-23 14:53:00,28372,nvcontainer,0.999996,Normal Traffic,26
2026-01-23 14:53:00,22292,brave,0.999990,Normal Traffic,17
2026-01-23 14:53:00,16128,brave,0.999995,Normal Traffic,25
2026-01-23 14:53:00,2400,svchost,0.999990,Normal Traffic,17
2026-01-23 14:53:00,16128,brave,0.999998,Normal Traffic,32
2026-01-23 14:53:00,22292,brave,1.000000,Normal Traffic,3
2026-01-23 14:53:02,6748,qbittorrent,0.999999,Normal Traffic,2
2026-01-23 14:53:07,6748,qbittorrent,0.999998,Normal Traffic,2
2026-01-23 14:53:07,22292,brave,0.999997,Normal Traffic,6
2026-01-23 14:53:08,28372,nvcontainer,0.999998,Normal Traffic,38
2026-01-23 14:53:08,22292,brave,0.999991,Normal Traffic,23
2026-01-23 14:53:08,2400,svchost,0.999991,Normal Traffic,23
2026-01-23 14:53:08,16128,brave,0.999997,Normal Traffic,31
2026-01-23 14:53:12,6748,qbittorrent,0.999999,Normal Traffic,2
2026-01-23 14:53:13,10832,warp-svc,0.999999,Normal Traffic,2
2026-01-23 14:53:17,6748,qbittorrent,0.999999,Normal Traffic,2
2026-01-23 14:53:22,6748,qbittorrent,1.000000,Normal Traffic,2
2026-01-23 14:53:22,20224,SchildiChatAlpha,0.999998,Normal Traffic,5
2026-01-23 14:53:24,22292,brave,0.999999,Normal Traffic,3
2026-01-23 14:53:27,6748,qbittorrent,0.999999,Normal Traffic,1
2026-01-23 14:53:31,16272,Hiddify,0.999592,Normal Traffic,8
2026-01-23 14:53:31,2400,svchost,0.999998,Normal Traffic,4
2026-01-23 14:53:32,28372,nvcontainer,0.999430,Normal Traffic,3
2026-01-23 14:53:32,2400,svchost,0.999823,Normal Traffic,2
2026-01-23 14:53:32,16128,brave,0.999961,Normal Traffic,2
2026-01-23 14:53:32,28372,nvcontainer,0.999998,Normal Traffic,2
2026-01-23 14:53:32,22292,brave,0.999999,Normal Traffic,1
2026-01-23 14:53:32,2400,svchost,0.999999,Normal Traffic,1
2026-01-23 14:53:32,16128,brave,0.999999,Normal Traffic,1
2026-01-23 14:53:32,28372,nvcontainer,0.999994,Normal Traffic,2
2026-01-23 14:53:32,22292,brave,0.999999,Normal Traffic,1
2026-01-23 14:53:32,2400,svchost,0.999999,Normal Traffic,1
2026-01-23 14:53:32,16128,brave,0.999999,Normal Traffic,1
2026-01-23 14:53:32,6748,qbittorrent,0.999987,Normal Traffic,2
2026-01-23 14:53:33,25188,Telegram,0.999993,Normal Traffic,2
2026-01-23 14:53:37,22292,brave,1.000000,Normal Traffic,26
2026-01-23 14:53:37,6748,qbittorrent,0.999998,Normal Traffic,2
2026-01-23 14:53:37,22292,brave,0.999997,Normal Traffic,6
2026-01-23 14:53:42,6748,qbittorrent,0.999999,Normal Traffic,2
2026-01-23 14:53:48,6748,qbittorrent,0.999999,Normal Traffic,2
2026-01-23 14:53:52,6748,qbittorrent,1.000000,Normal Traffic,1
2026-01-23 14:53:53,20224,SchildiChatAlpha,0.999998,Normal Traffic,9
2026-01-23 14:53:55,6748,qbittorrent,0.999995,Normal Traffic,20
2026-01-23 14:53:57,22292,brave,0.999999,Normal Traffic,6
2026-01-23 14:53:57,6748,qbittorrent,1.000000,Normal Traffic,1
2026-01-23 14:53:59,27376,Code,0.999956,Normal Traffic,17
2026-01-23 14:54:02,6748,qbittorrent,0.999999,Normal Traffic,2
2026-01-23 14:54:07,6748,qbittorrent,0.999997,Normal Traffic,2
2026-01-23 14:54:08,22292,brave,0.999994,Normal Traffic,5
2026-01-23 14:54:10,11156,gamingservices,0.999998,Normal Traffic,12
2026-01-23 14:54:10,22292,brave,0.999999,Normal Traffic,2
2026-01-23 14:54:12,27376,Code,0.999930,Normal Traffic,17
2026-01-23 14:54:12,6748,qbittorrent,0.999989,Normal Traffic,2
2026-01-23 14:54:13,10832,warp-svc,0.999999,Normal Traffic,2
2026-01-23 14:54:15,6748,qbittorrent,0.999884,Normal Traffic,2
2026-01-23 14:54:17,6748,qbittorrent,0.999989,Normal Traffic,2
2026-01-23 14:54:19,16272,Hiddify,0.386861,DoS,2
2026-01-23 14:54:19,26708,lgc,0.217383,DoS,2
2026-01-23 14:54:22,6748,qbittorrent,0.999999,Normal Traffic,2
2026-01-23 14:54:23,20224,SchildiChatAlpha,0.999997,Normal Traffic,5
2026-01-23 14:54:27,6748,qbittorrent,0.999999,Normal Traffic,2
2026-01-23 14:54:28,25188,Telegram,0.999988,Normal Traffic,3
2026-01-23 14:54:32,6748,qbittorrent,0.999999,Normal Traffic,2
2026-01-23 14:54:33,2400,svchost,0.987137,Normal Traffic,22
2026-01-23 14:54:34,2400,svchost,0.999993,Normal Traffic,6
2026-01-23 14:54:36,28372,nvcontainer,0.999997,Normal Traffic,4
2026-01-23 14:54:36,22292,brave,0.999880,Normal Traffic,2
2026-01-23 14:54:36,2400,svchost,0.999880,Normal Traffic,2
2026-01-23 14:54:36,16128,brave,0.999880,Normal Traffic,2
2026-01-23 14:54:36,28372,nvcontainer,0.999693,Normal Traffic,3
2026-01-23 14:54:36,2400,svchost,0.999926,Normal Traffic,2
2026-01-23 14:54:36,16128,brave,0.999928,Normal Traffic,2
2026-01-23 14:54:36,28372,nvcontainer,0.999997,Normal Traffic,2
2026-01-23 14:54:36,22292,brave,0.999999,Normal Traffic,1
2026-01-23 14:54:36,2400,svchost,0.999999,Normal Traffic,1
2026-01-23 14:54:36,16128,brave,0.999999,Normal Traffic,1
2026-01-23 14:54:37,6748,qbittorrent,0.999998,Normal Traffic,2
2026-01-23 14:54:37,6748,qbittorrent,0.999914,Normal Traffic,2
2026-01-23 14:54:38,22292,brave,0.999996,Normal Traffic,6
2026-01-23 14:54:42,6748,qbittorrent,0.999998,Normal Traffic,2
2026-01-23 14:54:47,6748,qbittorrent,0.999999,Normal Traffic,2
2026-01-23 14:54:51,22292,brave,0.999998,Normal Traffic,30
2026-01-23 14:54:52,6748,qbittorrent,0.999999,Normal Traffic,2
2026-01-23 14:54:53,20224,SchildiChatAlpha,0.999998,Normal Traffic,9
2026-01-23 14:54:57,6748,qbittorrent,0.999999,Normal Traffic,2
2026-01-23 14:55:00,27376,Code,0.999995,Normal Traffic,9
2026-01-23 14:55:02,27376,Code,0.999995,Normal Traffic,9
2026-01-23 14:55:02,6748,qbittorrent,0.999999,Normal Traffic,2
2026-01-23 14:55:07,25188,Telegram,1.000000,Normal Traffic,7
2026-01-23 14:55:07,6748,qbittorrent,0.999999,Normal Traffic,2
2026-01-23 14:55:08,22292,brave,0.999997,Normal Traffic,6
2026-01-23 14:55:09,27376,Code,0.999990,Normal Traffic,9
2026-01-23 14:55:12,6748,qbittorrent,1.000000,Normal Traffic,1
2026-01-23 14:55:12,10832,warp-svc,0.999999,Normal Traffic,2
2026-01-23 14:55:17,6748,qbittorrent,1.000000,Normal Traffic,1
2026-01-23 14:55:18,25188,Telegram,0.999995,Normal Traffic,4
2026-01-23 14:55:20,2400,svchost,1.000000,Normal Traffic,16
2026-01-23 14:55:22,6748,qbittorrent,1.000000,Normal Traffic,1
2026-01-23 14:55:23,20224,SchildiChatAlpha,0.999998,Normal Traffic,5
2026-01-23 14:55:26,22292,brave,1.000000,Normal Traffic,27
2026-01-23 14:55:26,22292,brave,0.999998,Normal Traffic,59
2026-01-23 14:55:27,22292,brave,0.999998,Normal Traffic,28
2026-01-23 14:55:27,6748,qbittorrent,0.999999,Normal Traffic,1
2026-01-23 14:55:31,27376,Code,0.999932,Normal Traffic,18
2026-01-23 14:55:32,6748,qbittorrent,0.999999,Normal Traffic,1
2026-01-23 14:55:37,6748,qbittorrent,0.999997,Normal Traffic,2
2026-01-23 14:55:38,22292,brave,0.999996,Normal Traffic,5
2026-01-23 14:55:42,6748,qbittorrent,1.000000,Normal Traffic,1
2026-01-23 14:55:47,6748,qbittorrent,0.999998,Normal Traffic,2
2026-01-23 14:55:52,6748,qbittorrent,0.999996,Normal Traffic,2
2026-01-23 14:55:54,20224,SchildiChatAlpha,0.999998,Normal Traffic,9
2026-01-23 14:55:55,6132,svchost,0.999998,Normal Traffic,15
2026-01-23 14:55:57,6748,qbittorrent,0.999998,Normal Traffic,2
2026-01-23 14:56:01,2400,svchost,0.999998,Normal Traffic,6
2026-01-23 14:56:02,6748,qbittorrent,0.999998,Normal Traffic,2
2026-01-23 14:56:03,25188,Telegram,0.999992,Normal Traffic,2
2026-01-23 14:56:05,27376,Code,0.999985,Normal Traffic,9
2026-01-23 14:56:07,6748,qbittorrent,0.999985,Normal Traffic,2
2026-01-23 14:56:09,22292,brave,0.999999,Normal Traffic,19
2026-01-23 14:56:09,22292,brave,0.999997,Normal Traffic,6
2026-01-23 14:56:12,6748,qbittorrent,0.999998,Normal Traffic,2
2026-01-23 14:56:12,10832,warp-svc,0.999999,Normal Traffic,2
2026-01-23 14:56:17,6748,qbittorrent,0.999998,Normal Traffic,1
2026-01-23 14:56:19,25188,Telegram,0.999526,Normal Traffic,7
2026-01-23 14:56:22,6748,qbittorrent,1.000000,Normal Traffic,1
2026-01-23 14:56:24,20224,SchildiChatAlpha,0.999998,Normal Traffic,5
2026-01-23 14:56:25,27376,Code,0.999936,Normal Traffic,17
2026-01-23 14:56:27,6748,qbittorrent,1.000000,Normal Traffic,1
2026-01-23 14:56:32,6748,qbittorrent,1.000000,Normal Traffic,1
2026-01-23 14:56:37,6748,qbittorrent,0.999999,Normal Traffic,1
2026-01-23 14:56:39,22292,brave,0.999997,Normal Traffic,6
2026-01-23 14:56:42,6748,qbittorrent,0.999999,Normal Traffic,1
2026-01-23 14:56:44,5352,MicrosoftStartFeedProvider,0.999994,Normal Traffic,38
2026-01-23 14:56:45,2400,svchost,0.999998,Normal Traffic,14
2026-01-23 14:56:47,6748,qbittorrent,0.999997,Normal Traffic,2
2026-01-23 14:56:48,27376,Code,0.999984,Normal Traffic,9
2026-01-23 14:56:48,25188,Telegram,0.999993,Normal Traffic,2
2026-01-23 14:56:50,22292,brave,0.999999,Normal Traffic,19
2026-01-23 14:56:51,22292,brave,0.999998,Normal Traffic,6
2026-01-23 14:56:51,16272,Hiddify,0.999995,Normal Traffic,6
2026-01-23 14:56:52,6748,qbittorrent,0.999999,Normal Traffic,2
2026-01-23 14:56:54,20224,SchildiChatAlpha,0.999998,Normal Traffic,9
2026-01-23 14:56:55,5352,MicrosoftStartFeedProvider,0.999999,Normal Traffic,12
2026-01-23 14:56:56,27376,Code,0.999989,Normal Traffic,8
2026-01-23 14:56:57,6748,qbittorrent,0.999999,Normal Traffic,2
2026-01-23 14:57:02,6748,qbittorrent,0.999998,Normal Traffic,2
2026-01-23 14:57:04,25188,Telegram,1.000000,Normal Traffic,7
2026-01-23 14:57:07,6748,qbittorrent,0.999984,Normal Traffic,2
2026-01-23 14:57:09,22292,brave,0.999994,Normal Traffic,5
2026-01-23 14:57:12,10832,warp-svc,0.999999,Normal Traffic,2
2026-01-23 14:57:12,6748,qbittorrent,0.999998,Normal Traffic,2
2026-01-23 14:57:15,27376,Code,0.999992,Normal Traffic,9
2026-01-23 14:57:17,6748,qbittorrent,0.999990,Normal Traffic,2
2026-01-23 14:57:21,27376,Code,0.999950,Normal Traffic,17
2026-01-23 14:57:22,6748,qbittorrent,1.000000,Normal Traffic,1
2026-01-23 14:57:24,20224,SchildiChatAlpha,0.999998,Normal Traffic,5
2026-01-23 14:57:27,6748,qbittorrent,0.999998,Normal Traffic,2
2026-01-23 14:57:30,12672,Code,0.999993,Normal Traffic,9
2026-01-23 14:57:32,6748,qbittorrent,1.000000,Normal Traffic,1
2026-01-23 14:57:37,6748,qbittorrent,0.999999,Normal Traffic,2
2026-01-23 14:57:39,22292,brave,0.999996,Normal Traffic,6
2026-01-23 14:57:42,6748,qbittorrent,0.999999,Normal Traffic,2
2026-01-23 14:57:43,25188,Telegram,0.999997,Normal Traffic,6
2026-01-23 14:57:45,25188,Telegram,1.000000,Normal Traffic,7
2026-01-23 14:57:47,6748,qbittorrent,0.999999,Normal Traffic,2
2026-01-23 14:57:50,22292,brave,1.000000,Normal Traffic,40
2026-01-23 14:57:51,2400,svchost,0.999991,Normal Traffic,7
2026-01-23 14:57:52,6748,qbittorrent,0.999999,Normal Traffic,2
2026-01-23 14:57:54,22292,brave,1.000000,Normal Traffic,47
2026-01-23 14:57:55,20224,SchildiChatAlpha,0.999998,Normal Traffic,9
2026-01-23 14:57:56,16272,Hiddify,0.999998,Normal Traffic,1
2026-01-23 14:57:56,22292,brave,0.999998,Normal Traffic,1
2026-01-23 14:57:57,6748,qbittorrent,0.999998,Normal Traffic,2
2026-01-23 14:57:59,27376,Code,0.999967,Normal Traffic,18
2026-01-23 14:58:02,6748,qbittorrent,0.999990,Normal Traffic,2
2026-01-23 14:58:07,6748,qbittorrent,0.999999,Normal Traffic,2
2026-01-23 14:58:10,22292,brave,0.999996,Normal Traffic,6
2026-01-23 14:58:12,10832,warp-svc,0.999999,Normal Traffic,2
2026-01-23 14:58:12,6748,qbittorrent,0.999999,Normal Traffic,1
2026-01-23 14:58:17,27376,Code,0.999974,Normal Traffic,8
2026-01-23 14:58:17,6748,qbittorrent,0.999998,Normal Traffic,2
2026-01-23 14:58:17,25188,Telegram,0.999992,Normal Traffic,2
2026-01-23 14:58:22,22292,brave,0.999999,Normal Traffic,2
2026-01-23 14:58:22,6748,qbittorrent,0.999999,Normal Traffic,2
2026-01-23 14:58:25,20224,SchildiChatAlpha,0.999998,Normal Traffic,5
2026-01-23 14:58:27,6748,qbittorrent,1.000000,Normal Traffic,1
2026-01-23 14:58:32,5352,MicrosoftStartFeedProvider,0.999998,Normal Traffic,2
2026-01-23 14:58:32,5352,MicrosoftStartFeedProvider,0.999992,Normal Traffic,2
2026-01-23 14:58:32,6748,qbittorrent,0.999997,Normal Traffic,2
2026-01-23 14:58:32,28372,nvcontainer,0.999995,Normal Traffic,2
2026-01-23 14:58:32,22292,brave,1.000000,Normal Traffic,1
2026-01-23 14:58:32,2400,svchost,1.000000,Normal Traffic,1
2026-01-23 14:58:32,16128,brave,1.000000,Normal Traffic,1
2026-01-23 14:58:37,6748,qbittorrent,0.999999,Normal Traffic,1
2026-01-23 14:58:38,27376,Code,0.999946,Normal Traffic,17
2026-01-23 14:58:40,22292,brave,0.999996,Normal Traffic,6
2026-01-23 14:58:42,6748,qbittorrent,1.000000,Normal Traffic,1
2026-01-23 14:58:44,25188,Telegram,0.999996,Normal Traffic,3
2026-01-23 14:58:45,22292,brave,0.999997,Normal Traffic,8
2026-01-23 14:58:47,6748,qbittorrent,0.999998,Normal Traffic,2
2026-01-23 14:58:52,6748,qbittorrent,0.999998,Normal Traffic,2
2026-01-23 14:58:55,20224,SchildiChatAlpha,0.999998,Normal Traffic,9
2026-01-23 14:58:57,6748,qbittorrent,0.999997,Normal Traffic,2
2026-01-23 14:59:02,6748,qbittorrent,1.000000,Normal Traffic,1
2026-01-23 14:59:03,2400,svchost,0.999994,Normal Traffic,10
2026-01-23 14:59:04,11156,gamingservices,0.999996,Normal Traffic,10
2026-01-23 14:59:07,6748,qbittorrent,0.999999,Normal Traffic,1
2026-01-23 14:59:10,22292,brave,0.999997,Normal Traffic,6
2026-01-23 14:59:10,22292,brave,0.999999,Normal Traffic,9
2026-01-23 14:59:12,6748,qbittorrent,0.999998,Normal Traffic,2
2026-01-23 14:59:16,10832,warp-svc,1.000000,Normal Traffic,3
2026-01-23 14:59:17,6748,qbittorrent,0.999998,Normal Traffic,2
2026-01-23 14:59:18,16272,Hiddify,0.004050,DoS,2
2026-01-23 14:59:18,26708,lgc,0.216397,DoS,2
2026-01-23 14:59:21,25188,Telegram,0.999994,Normal Traffic,3
2026-01-23 14:59:22,6748,qbittorrent,0.999985,Normal Traffic,2
2026-01-23 14:59:25,14716,taskhostw,0.999999,Normal Traffic,32
2026-01-23 14:59:26,20224,SchildiChatAlpha,0.999995,Normal Traffic,5
2026-01-23 14:59:28,2400,svchost,1.000000,Normal Traffic,3
2026-01-23 14:59:28,6748,qbittorrent,0.999999,Normal Traffic,1
2026-01-23 14:59:29,20220,WINWORD,0.999998,Normal Traffic,7
2026-01-23 14:59:31,27376,Code,0.999960,Normal Traffic,1
2026-01-23 14:59:33,6748,qbittorrent,0.999999,Normal Traffic,1
2026-01-23 14:59:38,6748,qbittorrent,0.999998,Normal Traffic,1
2026-01-23 14:59:41,22292,brave,0.999997,Normal Traffic,6
2026-01-23 14:59:43,27376,Code,0.999977,Normal Traffic,8
2026-01-23 14:59:43,22292,brave,0.999999,Normal Traffic,2
2026-01-23 14:59:43,6748,qbittorrent,0.999997,Normal Traffic,2
2026-01-23 14:59:44,12672,Code,0.999998,Normal Traffic,1
2026-01-23 14:59:45,6132,svchost,0.999997,Normal Traffic,12
2026-01-23 14:59:48,6748,qbittorrent,1.000000,Normal Traffic,1
2026-01-23 14:59:53,6748,qbittorrent,1.000000,Normal Traffic,1
2026-01-23 14:59:57,20224,SchildiChatAlpha,0.999998,Normal Traffic,9
2026-01-23 14:59:58,6748,qbittorrent,1.000000,Normal Traffic,1
2026-01-23 15:00:03,27376,Code,0.999979,Normal Traffic,7
2026-01-23 15:00:03,6748,qbittorrent,1.000000,Normal Traffic,1
2026-01-23 15:00:08,6748,qbittorrent,0.999985,Normal Traffic,2
2026-01-23 15:00:12,22292,brave,0.999996,Normal Traffic,6
2026-01-23 15:00:12,22292,brave,0.999999,Normal Traffic,16
2026-01-23 15:00:13,6748,qbittorrent,1.000000,Normal Traffic,1
2026-01-23 15:00:14,27376,Code,0.999982,Normal Traffic,8
2026-01-23 15:00:16,10832,warp-svc,1.000000,Normal Traffic,3
2026-01-23 15:00:17,25188,Telegram,0.999996,Normal Traffic,6
2026-01-23 15:00:18,25188,Telegram,0.999999,Normal Traffic,13
2026-01-23 15:00:18,6748,qbittorrent,1.000000,Normal Traffic,1
2026-01-23 15:00:23,6748,qbittorrent,0.999999,Normal Traffic,1
2026-01-23 15:00:27,16272,Hiddify,0.999894,Normal Traffic,214
2026-01-23 15:00:27,2400,svchost,0.985053,Normal Traffic,94
2026-01-23 15:00:27,2400,svchost,0.999999,Normal Traffic,7
2026-01-23 15:00:27,20224,SchildiChatAlpha,0.999998,Normal Traffic,6
2026-01-23 15:00:28,6748,qbittorrent,0.999998,Normal Traffic,1
2026-01-23 15:00:41,6748,qbittorrent,0.999998,Normal Traffic,4
2026-01-23 15:00:42,22292,brave,0.999997,Normal Traffic,6
2026-01-23 15:00:43,6748,qbittorrent,0.999963,Normal Traffic,4
2026-01-23 15:00:43,6748,qbittorrent,1.000000,Normal Traffic,1
2026-01-23 15:00:46,25188,Telegram,0.999983,Normal Traffic,3
2026-01-23 15:00:48,6748,qbittorrent,0.999999,Normal Traffic,1
2026-01-23 15:00:49,22292,brave,1.000000,Normal Traffic,17
2026-01-23 15:00:49,2400,svchost,0.999561,Normal Traffic,2
2026-01-23 15:00:50,16272,Hiddify,0.998968,Normal Traffic,4
2026-01-23 15:00:50,2400,svchost,0.999647,Normal Traffic,2
2026-01-23 15:00:53,6748,qbittorrent,0.999988,Normal Traffic,2
2026-01-23 15:00:56,25188,Telegram,0.999548,Normal Traffic,7
2026-01-23 15:00:57,20224,SchildiChatAlpha,0.999998,Normal Traffic,9
2026-01-23 15:00:58,6748,qbittorrent,1.000000,Normal Traffic,1
2026-01-23 15:01:03,6748,qbittorrent,1.000000,Normal Traffic,1
2026-01-23 15:01:08,6748,qbittorrent,0.999998,Normal Traffic,1
2026-01-23 15:01:12,22292,brave,0.999996,Normal Traffic,5
2026-01-23 15:01:13,10832,warp-svc,0.999999,Normal Traffic,2
2026-01-23 15:01:13,6748,qbittorrent,0.999995,Normal Traffic,2
2026-01-23 15:01:18,6748,qbittorrent,0.999999,Normal Traffic,1
2026-01-23 15:01:18,20220,WINWORD,0.999998,Normal Traffic,1
2026-01-23 15:01:23,6748,qbittorrent,1.000000,Normal Traffic,1
2026-01-23 15:01:27,2400,svchost,0.999998,Normal Traffic,3
2026-01-23 15:01:27,20224,SchildiChatAlpha,0.999997,Normal Traffic,5
2026-01-23 15:01:28,6748,qbittorrent,1.000000,Normal Traffic,1
2026-01-23 15:01:33,6748,qbittorrent,1.000000,Normal Traffic,1
2026-01-23 15:01:38,6748,qbittorrent,0.999998,Normal Traffic,2
2026-01-23 15:01:41,27376,Code,0.999997,Normal Traffic,19
2026-01-23 15:01:41,25188,Telegram,0.998274,Normal Traffic,11
2026-01-23 15:01:42,22292,brave,1.000000,Normal Traffic,38
2026-01-23 15:01:42,22292,brave,0.999997,Normal Traffic,6
2026-01-23 15:01:43,6748,qbittorrent,0.999999,Normal Traffic,1
2026-01-23 15:01:44,22292,brave,0.999970,Normal Traffic,7
2026-01-23 15:01:45,25188,Telegram,0.999985,Normal Traffic,4
2026-01-23 15:01:48,6748,qbittorrent,1.000000,Normal Traffic,1
2026-01-23 15:01:50,2400,svchost,0.999992,Normal Traffic,1
2026-01-23 15:01:51,27376,Code,0.999996,Normal Traffic,18
2026-01-23 15:01:52,16272,Hiddify,0.999986,Normal Traffic,3000
2026-01-23 15:01:53,6748,qbittorrent,0.999999,Normal Traffic,1
2026-01-23 15:01:54,27376,Code,0.999988,Normal Traffic,9
2026-01-23 15:01:58,20224,SchildiChatAlpha,0.999998,Normal Traffic,9
2026-01-23 15:01:58,6748,qbittorrent,0.999998,Normal Traffic,2
2026-01-23 15:02:01,27376,Code,0.999885,Normal Traffic,16
2026-01-23 15:02:03,6748,qbittorrent,0.999997,Normal Traffic,2
2026-01-23 15:02:08,6748,qbittorrent,0.999993,Normal Traffic,2
2026-01-23 15:02:12,22292,brave,0.999997,Normal Traffic,6
2026-01-23 15:02:13,27376,Code,0.999985,Normal Traffic,19
2026-01-23 15:02:13,10832,warp-svc,0.999999,Normal Traffic,2
2026-01-23 15:02:13,6748,qbittorrent,0.999999,Normal Traffic,1
2026-01-23 15:02:15,22292,brave,0.999999,Normal Traffic,4
2026-01-23 15:02:18,6748,qbittorrent,1.000000,Normal Traffic,1
2026-01-23 15:02:21,27376,Code,0.999992,Normal Traffic,18
2026-01-23 15:02:23,6748,qbittorrent,0.999995,Normal Traffic,1
2026-01-23 15:02:26,27376,Code,0.999999,Normal Traffic,18
2026-01-23 15:02:28,6748,qbittorrent,0.999998,Normal Traffic,2
2026-01-23 15:02:28,20224,SchildiChatAlpha,0.999997,Normal Traffic,5
2026-01-23 15:02:30,6896,MpDefenderCoreService,0.999997,Normal Traffic,8
2026-01-23 15:02:31,2400,svchost,0.999991,Normal Traffic,43
2026-01-23 15:02:31,16272,Hiddify,0.999893,Normal Traffic,84
2026-01-23 15:02:31,2400,svchost,1.000000,Normal Traffic,8
2026-01-23 15:02:33,12672,Code,0.999998,Normal Traffic,9
2026-01-23 15:02:33,6748,qbittorrent,1.000000,Normal Traffic,1
2026-01-23 15:02:38,6748,qbittorrent,0.999972,Normal Traffic,2
2026-01-23 15:02:40,25188,Telegram,0.999994,Normal Traffic,8
2026-01-23 15:02:43,22292,brave,0.999996,Normal Traffic,5
2026-01-23 15:02:43,6748,qbittorrent,0.999998,Normal Traffic,1
2026-01-23 15:02:48,6748,qbittorrent,0.999999,Normal Traffic,2
2026-01-23 15:02:51,22292,brave,0.999999,Normal Traffic,25
2026-01-23 15:02:52,22292,brave,0.999997,Normal Traffic,18
2026-01-23 15:02:53,6748,qbittorrent,1.000000,Normal Traffic,1
2026-01-23 15:02:55,27376,Code,0.999980,Normal Traffic,9
2026-01-23 15:02:58,6748,qbittorrent,0.999999,Normal Traffic,1
2026-01-23 15:02:58,20224,SchildiChatAlpha,0.999998,Normal Traffic,9
2026-01-23 15:03:01,2400,svchost,0.999998,Normal Traffic,4
2026-01-23 15:03:03,6748,qbittorrent,0.999999,Normal Traffic,1
2026-01-23 15:03:08,6748,qbittorrent,0.999999,Normal Traffic,1
2026-01-23 15:03:10,25188,Telegram,1.000000,Normal Traffic,4
2026-01-23 15:03:11,27376,Code,0.999982,Normal Traffic,27
2026-01-23 15:03:13,10832,warp-svc,0.999999,Normal Traffic,2
2026-01-23 15:03:13,6748,qbittorrent,0.999999,Normal Traffic,2
2026-01-23 15:03:13,22292,brave,0.999997,Normal Traffic,6
2026-01-23 15:03:18,6748,qbittorrent,0.999998,Normal Traffic,1
2026-01-23 15:03:20,25188,Telegram,1.000000,Normal Traffic,8
2026-01-23 15:03:21,2400,svchost,0.999999,Normal Traffic,4
2026-01-23 15:03:22,7528,MicrosoftEdgeUpdate,0.999997,Normal Traffic,11
2026-01-23 15:03:22,27652,ExitedProcess,0.999997,Normal Traffic,13
2026-01-23 15:03:23,6748,qbittorrent,0.999996,Normal Traffic,2
2026-01-23 15:03:24,27376,Code,0.999986,Normal Traffic,9
2026-01-23 15:03:28,6748,qbittorrent,1.000000,Normal Traffic,1
2026-01-23 15:03:28,20224,SchildiChatAlpha,0.999998,Normal Traffic,5
2026-01-23 15:03:33,6748,qbittorrent,0.999996,Normal Traffic,2
2026-01-23 15:03:34,27376,Code,0.999988,Normal Traffic,10
2026-01-23 15:03:35,6896,MpDefenderCoreService,0.999999,Normal Traffic,6
2026-01-23 15:03:38,6748,qbittorrent,0.999999,Normal Traffic,1
2026-01-23 15:03:41,16272,Hiddify,0.999859,Normal Traffic,42
2026-01-23 15:03:41,2400,svchost,0.999652,Normal Traffic,2
2026-01-23 15:03:43,6748,qbittorrent,1.000000,Normal Traffic,1
2026-01-23 15:03:43,22292,brave,0.999997,Normal Traffic,6
2026-01-23 15:03:44,27376,Code,0.999987,Normal Traffic,8
2026-01-23 15:03:49,6748,qbittorrent,0.999997,Normal Traffic,2
2026-01-23 15:03:50,25188,Telegram,0.999996,Normal Traffic,31
2026-01-23 15:03:51,22292,brave,0.999997,Normal Traffic,38
2026-01-23 15:03:53,6748,qbittorrent,1.000000,Normal Traffic,1
2026-01-23 15:03:58,6748,qbittorrent,0.999998,Normal Traffic,2
2026-01-23 15:03:59,20224,SchildiChatAlpha,0.999998,Normal Traffic,9
2026-01-23 15:04:03,6748,qbittorrent,1.000000,Normal Traffic,1
2026-01-23 15:04:08,6748,qbittorrent,0.999930,Normal Traffic,2
2026-01-23 15:04:08,22292,brave,0.999998,Normal Traffic,1
2026-01-23 15:04:09,11156,gamingservices,0.999996,Normal Traffic,10
2026-01-23 15:04:13,6748,qbittorrent,0.999998,Normal Traffic,2
2026-01-23 15:04:15,22292,brave,0.999999,Normal Traffic,10
2026-01-23 15:04:16,10832,warp-svc,1.000000,Normal Traffic,3
2026-01-23 15:04:16,22292,brave,0.999997,Normal Traffic,31
2026-01-23 15:04:17,22292,brave,0.999998,Normal Traffic,37
2026-01-23 15:04:18,22292,brave,1.000000,Normal Traffic,129
2026-01-23 15:04:18,6748,qbittorrent,0.999999,Normal Traffic,2
2026-01-23 15:04:18,16272,Hiddify,0.047848,DoS,2
2026-01-23 15:04:18,26708,lgc,0.236298,DoS,2
2026-01-23 15:04:20,22292,brave,1.000000,Normal Traffic,87
2026-01-23 15:04:23,25188,Telegram,0.999997,Normal Traffic,6
2026-01-23 15:04:23,6748,qbittorrent,0.999998,Normal Traffic,2
2026-01-23 15:04:28,6748,qbittorrent,0.999943,Normal Traffic,2
2026-01-23 15:04:29,2400,svchost,0.996714,Normal Traffic,32
2026-01-23 15:04:29,16272,Hiddify,0.999885,Normal Traffic,20
2026-01-23 15:04:29,2400,svchost,0.999997,Normal Traffic,8
2026-01-23 15:04:29,20224,SchildiChatAlpha,0.999997,Normal Traffic,5
2026-01-23 15:04:33,6748,qbittorrent,0.999998,Normal Traffic,2
2026-01-23 15:04:38,6748,qbittorrent,0.999999,Normal Traffic,2
2026-01-23 15:04:43,6748,qbittorrent,0.999999,Normal Traffic,2
2026-01-23 15:04:43,6896,MpDefenderCoreService,0.999998,Normal Traffic,1
2026-01-23 15:04:45,12672,Code,0.999998,Normal Traffic,1
2026-01-23 15:04:45,22292,brave,0.999997,Normal Traffic,6
2026-01-23 15:04:48,6748,qbittorrent,0.999992,Normal Traffic,2
2026-01-23 15:04:50,22292,brave,0.999999,Normal Traffic,2
2026-01-23 15:04:53,6748,qbittorrent,0.999985,Normal Traffic,2
2026-01-23 15:04:58,6748,qbittorrent,0.999999,Normal Traffic,2
2026-01-23 15:04:59,20224,SchildiChatAlpha,0.999996,Normal Traffic,10
2026-01-23 15:05:03,6748,qbittorrent,0.999986,Normal Traffic,2
2026-01-23 15:05:04,10484,svchost,0.999993,Normal Traffic,2
2026-01-23 15:05:05,2400,svchost,1.000000,Normal Traffic,2
2026-01-23 15:05:05,2400,svchost,0.999998,Normal Traffic,4
2026-01-23 15:05:05,664,AsusSoftwareManagerAgent,0.999991,Normal Traffic,18
2026-01-23 15:05:08,25188,Telegram,1.000000,Normal Traffic,7
2026-01-23 15:05:08,6748,qbittorrent,0.999999,Normal Traffic,2
2026-01-23 15:05:12,10832,warp-svc,0.999999,Normal Traffic,2
2026-01-23 15:05:13,6748,qbittorrent,0.999997,Normal Traffic,1
2026-01-23 15:05:16,22292,brave,0.999994,Normal Traffic,5
2026-01-23 15:05:18,27376,Code,0.999999,Normal Traffic,10
2026-01-23 15:05:18,25188,Telegram,0.999998,Normal Traffic,7
2026-01-23 15:05:18,6748,qbittorrent,0.999999,Normal Traffic,2
2026-01-23 15:05:23,6748,qbittorrent,0.999999,Normal Traffic,2
2026-01-23 15:05:28,6748,qbittorrent,0.999999,Normal Traffic,2
2026-01-23 15:05:29,2400,svchost,0.999998,Normal Traffic,12
2026-01-23 15:05:29,16272,Hiddify,0.999926,Normal Traffic,26
2026-01-23 15:05:29,20224,SchildiChatAlpha,0.999997,Normal Traffic,5
2026-01-23 15:05:29,2400,svchost,0.999997,Normal Traffic,4
2026-01-23 15:05:33,6748,qbittorrent,0.999998,Normal Traffic,2
2026-01-23 15:05:38,6748,qbittorrent,0.999997,Normal Traffic,2
2026-01-23 15:05:42,25188,Telegram,1.000000,Normal Traffic,7
2026-01-23 15:05:43,6748,qbittorrent,1.000000,Normal Traffic,1
2026-01-23 15:05:46,22292,brave,0.999997,Normal Traffic,6
2026-01-23 15:05:48,22292,brave,0.999991,Normal Traffic,262
2026-01-23 15:05:48,22292,brave,0.999997,Normal Traffic,32
2026-01-23 15:05:48,6748,qbittorrent,1.000000,Normal Traffic,1
2026-01-23 15:05:50,25188,Telegram,0.999990,Normal Traffic,5
2026-01-23 15:05:53,6748,qbittorrent,0.999997,Normal Traffic,2
2026-01-23 15:05:58,6748,qbittorrent,0.999998,Normal Traffic,2
2026-01-23 15:06:00,20224,SchildiChatAlpha,0.999998,Normal Traffic,9
2026-01-23 15:06:03,6748,qbittorrent,0.999999,Normal Traffic,2
2026-01-23 15:06:04,10484,svchost,0.999994,Normal Traffic,2
2026-01-23 15:06:08,6748,qbittorrent,1.000000,Normal Traffic,1
2026-01-23 15:06:08,2400,svchost,0.999561,Normal Traffic,2
2026-01-23 15:06:08,16272,Hiddify,0.999675,Normal Traffic,4
2026-01-23 15:06:12,10832,warp-svc,0.999999,Normal Traffic,2
2026-01-23 15:06:13,6748,qbittorrent,1.000000,Normal Traffic,1
2026-01-23 15:06:16,22292,brave,0.999996,Normal Traffic,5
2026-01-23 15:06:18,6748,qbittorrent,0.999998,Normal Traffic,2
2026-01-23 15:06:21,25188,Telegram,0.999999,Normal Traffic,11
2026-01-23 15:06:21,22292,brave,0.999999,Normal Traffic,2
2026-01-23 15:06:23,6748,qbittorrent,0.999999,Normal Traffic,2
2026-01-23 15:06:25,25188,Telegram,0.999986,Normal Traffic,6
2026-01-23 15:06:28,6748,qbittorrent,0.999998,Normal Traffic,2
2026-01-23 15:06:30,20224,SchildiChatAlpha,0.999997,Normal Traffic,5
2026-01-23 15:06:30,2400,svchost,0.995488,Normal Traffic,2
2026-01-23 15:06:30,2400,svchost,1.000000,Normal Traffic,4
2026-01-23 15:06:30,16272,Hiddify,0.999807,Normal Traffic,4
2026-01-23 15:06:33,6748,qbittorrent,0.999998,Normal Traffic,2
2026-01-23 15:06:38,6748,qbittorrent,0.999998,Normal Traffic,2
2026-01-23 15:06:43,6748,qbittorrent,0.999995,Normal Traffic,2
2026-01-23 15:06:46,22292,brave,0.999996,Normal Traffic,5
2026-01-23 15:06:47,22292,brave,1.000000,Normal Traffic,18
2026-01-23 15:06:48,6748,qbittorrent,0.999997,Normal Traffic,2
2026-01-23 15:06:54,6748,qbittorrent,0.999999,Normal Traffic,2
2026-01-23 15:06:58,6748,qbittorrent,0.999980,Normal Traffic,2
2026-01-23 15:06:58,25188,Telegram,0.999995,Normal Traffic,2
2026-01-23 15:07:00,20224,SchildiChatAlpha,0.999997,Normal Traffic,10
2026-01-23 15:07:03,6748,qbittorrent,0.999998,Normal Traffic,2
2026-01-23 15:07:04,10484,svchost,0.999994,Normal Traffic,2
2026-01-23 15:07:05,25188,Telegram,1.000000,Normal Traffic,7
2026-01-23 15:07:12,10832,warp-svc,0.999999,Normal Traffic,2
2026-01-23 15:07:13,6748,qbittorrent,0.999995,Normal Traffic,4
2026-01-23 15:07:13,6748,qbittorrent,0.999998,Normal Traffic,2
2026-01-23 15:07:17,22292,brave,0.999996,Normal Traffic,6
2026-01-23 15:07:18,6748,qbittorrent,1.000000,Normal Traffic,1
2026-01-23 15:07:19,22292,brave,0.999999,Normal Traffic,2
2026-01-23 15:07:19,25188,Telegram,0.999992,Normal Traffic,2
2026-01-23 15:07:23,6748,qbittorrent,0.999998,Normal Traffic,2
2026-01-23 15:07:28,6748,qbittorrent,0.999999,Normal Traffic,2
2026-01-23 15:07:30,20224,SchildiChatAlpha,0.999998,Normal Traffic,5
2026-01-23 15:07:32,2400,svchost,0.998743,Normal Traffic,10
2026-01-23 15:07:32,16272,Hiddify,0.999827,Normal Traffic,28
2026-01-23 15:07:32,2400,svchost,1.000000,Normal Traffic,9
2026-01-23 15:07:33,6748,qbittorrent,0.999997,Normal Traffic,2
2026-01-23 15:07:38,6748,qbittorrent,0.999998,Normal Traffic,2
2026-01-23 15:07:39,12672,Code,0.999996,Normal Traffic,10
2026-01-23 15:07:43,6748,qbittorrent,0.999999,Normal Traffic,1
2026-01-23 15:07:47,22292,brave,0.999997,Normal Traffic,6
2026-01-23 15:07:48,6748,qbittorrent,0.999999,Normal Traffic,2
2026-01-23 15:07:53,6748,qbittorrent,0.999999,Normal Traffic,2
2026-01-23 15:07:58,6748,qbittorrent,0.999999,Normal Traffic,2
2026-01-23 15:08:01,20224,SchildiChatAlpha,0.999998,Normal Traffic,9
2026-01-23 15:08:03,6748,qbittorrent,0.999998,Normal Traffic,2
2026-01-23 15:08:04,25188,Telegram,0.999992,Normal Traffic,2
2026-01-23 15:08:04,10484,svchost,0.999994,Normal Traffic,2
2026-01-23 15:08:08,6748,qbittorrent,0.999989,Normal Traffic,2
2026-01-23 15:08:13,10832,warp-svc,0.999998,Normal Traffic,2
2026-01-23 15:08:13,6748,qbittorrent,0.999993,Normal Traffic,2
2026-01-23 15:08:17,22292,brave,0.999996,Normal Traffic,5
2026-01-23 15:08:18,22292,brave,0.999999,Normal Traffic,17
2026-01-23 15:08:18,6748,qbittorrent,0.999997,Normal Traffic,2
2026-01-23 15:08:23,6748,qbittorrent,1.000000,Normal Traffic,1
2026-01-23 15:08:28,6748,qbittorrent,0.999999,Normal Traffic,1
2026-01-23 15:08:31,2400,svchost,0.993431,Normal Traffic,6
2026-01-23 15:08:31,16272,Hiddify,0.999949,Normal Traffic,10
2026-01-23 15:08:31,20224,SchildiChatAlpha,0.999998,Normal Traffic,5
2026-01-23 15:08:31,2400,svchost,0.999999,Normal Traffic,4
2026-01-23 15:08:33,6748,qbittorrent,0.999997,Normal Traffic,2
2026-01-23 15:08:36,6896,MpDefenderCoreService,0.999998,Normal Traffic,6
2026-01-23 15:08:38,6748,qbittorrent,0.999998,Normal Traffic,2
2026-01-23 15:08:43,6748,qbittorrent,0.999998,Normal Traffic,2
2026-01-23 15:08:47,22292,brave,0.999996,Normal Traffic,6
2026-01-23 15:08:48,6748,qbittorrent,0.999999,Normal Traffic,2
2026-01-23 15:08:49,25188,Telegram,0.999993,Normal Traffic,2
2026-01-23 15:08:51,22292,brave,0.999999,Normal Traffic,17
2026-01-23 15:08:51,22292,brave,0.999997,Normal Traffic,38
2026-01-23 15:08:53,6748,qbittorrent,0.999980,Normal Traffic,2
2026-01-23 15:08:58,6748,qbittorrent,0.999999,Normal Traffic,2
2026-01-23 15:09:01,20224,SchildiChatAlpha,0.999998,Normal Traffic,9
2026-01-23 15:09:03,6748,qbittorrent,0.999998,Normal Traffic,2
2026-01-23 15:09:03,2400,svchost,0.999996,Normal Traffic,1
2026-01-23 15:09:04,11156,gamingservices,0.999996,Normal Traffic,10
2026-01-23 15:09:04,10484,svchost,0.999993,Normal Traffic,2
2026-01-23 15:09:08,6748,qbittorrent,0.999998,Normal Traffic,2
2026-01-23 15:09:12,10832,warp-svc,0.999999,Normal Traffic,2
2026-01-23 15:09:13,11212,LestaErrorMonitor,0.999994,Normal Traffic,7
2026-01-23 15:09:13,6748,qbittorrent,0.999998,Normal Traffic,2
2026-01-23 15:09:18,22292,brave,0.999996,Normal Traffic,5
2026-01-23 15:09:18,16272,Hiddify,0.001031,DoS,2
2026-01-23 15:09:18,26708,lgc,0.217383,DoS,2
2026-01-23 15:09:18,6748,qbittorrent,0.999999,Normal Traffic,1
2026-01-23 15:09:23,22292,brave,0.999999,Normal Traffic,2
2026-01-23 15:09:23,6748,qbittorrent,0.999999,Normal Traffic,2
2026-01-23 15:09:28,6748,qbittorrent,1.000000,Normal Traffic,1
2026-01-23 15:09:31,2400,svchost,0.992738,Normal Traffic,10
2026-01-23 15:09:31,16272,Hiddify,0.999924,Normal Traffic,22
2026-01-23 15:09:31,2400,svchost,0.999989,Normal Traffic,3
2026-01-23 15:09:31,20224,SchildiChatAlpha,0.999997,Normal Traffic,5
2026-01-23 15:09:33,6748,qbittorrent,0.999997,Normal Traffic,2
2026-01-23 15:09:34,25188,Telegram,0.999993,Normal Traffic,2
2026-01-23 15:09:38,6748,qbittorrent,0.999997,Normal Traffic,2
2026-01-23 15:09:39,6896,MpDefenderCoreService,0.999998,Normal Traffic,1
2026-01-23 15:09:44,6748,qbittorrent,0.999997,Normal Traffic,1
2026-01-23 15:09:49,22292,brave,0.999997,Normal Traffic,6
2026-01-23 15:09:49,22292,brave,1.000000,Normal Traffic,16
2026-01-23 15:09:49,6748,qbittorrent,0.999999,Normal Traffic,1
2026-01-23 15:09:52,12672,Code,0.999998,Normal Traffic,1
2026-01-23 15:09:54,6748,qbittorrent,0.999999,Normal Traffic,1
2026-01-23 15:09:59,6748,qbittorrent,0.999999,Normal Traffic,1
2026-01-23 15:10:03,20224,SchildiChatAlpha,0.999997,Normal Traffic,10
2026-01-23 15:10:04,6748,qbittorrent,0.999986,Normal Traffic,2
2026-01-23 15:10:05,10484,svchost,0.999993,Normal Traffic,2
2026-01-23 15:10:09,6748,qbittorrent,0.999986,Normal Traffic,2
2026-01-23 15:10:13,10832,warp-svc,0.999998,Normal Traffic,2
2026-01-23 15:10:14,6748,qbittorrent,1.000000,Normal Traffic,1
2026-01-23 15:10:19,6748,qbittorrent,0.999982,Normal Traffic,2
2026-01-23 15:10:19,22292,brave,0.999997,Normal Traffic,6
2026-01-23 15:10:24,6748,qbittorrent,0.999998,Normal Traffic,2
2026-01-23 15:10:26,2400,svchost,0.999652,Normal Traffic,2
2026-01-23 15:10:29,6748,qbittorrent,0.999998,Normal Traffic,2
2026-01-23 15:10:30,25188,Telegram,0.999992,Normal Traffic,3
2026-01-23 15:10:33,2400,svchost,0.997931,Normal Traffic,4
2026-01-23 15:10:33,16272,Hiddify,0.999384,Normal Traffic,8
2026-01-23 15:10:33,20224,SchildiChatAlpha,0.999997,Normal Traffic,5
2026-01-23 15:10:34,22292,brave,1.000000,Normal Traffic,10
2026-01-23 15:10:34,6748,qbittorrent,0.999999,Normal Traffic,2
2026-01-23 15:10:39,6748,qbittorrent,0.999998,Normal Traffic,2
2026-01-23 15:10:43,28372,nvcontainer,0.999979,Normal Traffic,2
2026-01-23 15:10:43,22292,brave,1.000000,Normal Traffic,1
2026-01-23 15:10:43,2400,svchost,1.000000,Normal Traffic,1
2026-01-23 15:10:43,16128,brave,1.000000,Normal Traffic,1
2026-01-23 15:10:44,6748,qbittorrent,1.000000,Normal Traffic,1
2026-01-23 15:10:49,6748,qbittorrent,0.999987,Normal Traffic,2
2026-01-23 15:10:49,22292,brave,0.999997,Normal Traffic,6
2026-01-23 15:10:54,6748,qbittorrent,0.999952,Normal Traffic,2
2026-01-23 15:10:57,25188,Telegram,1.000000,Normal Traffic,7
2026-01-23 15:10:59,6748,qbittorrent,0.999997,Normal Traffic,2
2026-01-23 15:11:04,6748,qbittorrent,0.999990,Normal Traffic,2
2026-01-23 15:11:05,20224,SchildiChatAlpha,0.999998,Normal Traffic,15
2026-01-23 15:11:05,10484,svchost,0.999993,Normal Traffic,2
2026-01-23 15:11:09,6748,qbittorrent,0.999990,Normal Traffic,2
2026-01-23 15:11:13,10832,warp-svc,0.999999,Normal Traffic,2
2026-01-23 15:11:14,6748,qbittorrent,0.999989,Normal Traffic,2
2026-01-23 15:11:19,6748,qbittorrent,0.999937,Normal Traffic,2
2026-01-23 15:11:20,22292,brave,0.999995,Normal Traffic,19
2026-01-23 15:11:20,22292,brave,0.999997,Normal Traffic,6
2026-01-23 15:11:24,6748,qbittorrent,0.999930,Normal Traffic,2
2026-01-23 15:11:29,6748,qbittorrent,0.999980,Normal Traffic,2
2026-01-23 15:11:30,25188,Telegram,0.999992,Normal Traffic,7
2026-01-23 15:11:33,20224,SchildiChatAlpha,0.999997,Normal Traffic,5
2026-01-23 15:11:34,6748,qbittorrent,0.999930,Normal Traffic,2
2026-01-23 15:11:39,6748,qbittorrent,0.999965,Normal Traffic,2
2026-01-23 15:11:42,25188,Telegram,1.000000,Normal Traffic,7
2026-01-23 15:11:44,6748,qbittorrent,0.999995,Normal Traffic,2
2026-01-23 15:11:49,6748,qbittorrent,0.999996,Normal Traffic,2
2026-01-23 15:11:50,22292,brave,0.999997,Normal Traffic,6
2026-01-23 15:11:52,22292,brave,1.000000,Normal Traffic,22
2026-01-23 15:11:52,16272,Hiddify,0.999994,Normal Traffic,6
2026-01-23 15:11:52,22292,brave,0.999996,Normal Traffic,6
2026-01-23 15:11:54,6748,qbittorrent,0.999999,Normal Traffic,1
2026-01-23 15:11:59,6748,qbittorrent,0.999999,Normal Traffic,1
2026-01-23 15:12:04,20224,SchildiChatAlpha,0.999998,Normal Traffic,9
2026-01-23 15:12:04,6748,qbittorrent,1.000000,Normal Traffic,1
2026-01-23 15:12:04,10484,svchost,0.999994,Normal Traffic,2
2026-01-23 15:12:06,2400,svchost,0.999994,Normal Traffic,9
2026-01-23 15:12:09,6748,qbittorrent,1.000000,Normal Traffic,1
2026-01-23 15:12:12,16272,Hiddify,0.999884,Normal Traffic,22
2026-01-23 15:12:13,10832,warp-svc,0.999998,Normal Traffic,2
2026-01-23 15:12:14,6748,qbittorrent,0.999986,Normal Traffic,2
2026-01-23 15:12:15,25188,Telegram,0.999998,Normal Traffic,5
2026-01-23 15:12:19,6748,qbittorrent,0.999999,Normal Traffic,2
2026-01-23 15:12:20,22292,brave,0.999997,Normal Traffic,6
2026-01-23 15:12:24,22292,brave,0.999999,Normal Traffic,2
2026-01-23 15:12:24,6748,qbittorrent,0.999998,Normal Traffic,2
2026-01-23 15:12:29,6748,qbittorrent,0.999997,Normal Traffic,1
2026-01-23 15:12:34,2400,svchost,0.999999,Normal Traffic,4
2026-01-23 15:12:34,20224,SchildiChatAlpha,0.999999,Normal Traffic,7
2026-01-23 15:12:39,2400,svchost,0.987258,Normal Traffic,16
2026-01-23 15:12:39,16272,Hiddify,0.999916,Normal Traffic,16
2026-01-23 15:12:39,6748,qbittorrent,0.999935,Normal Traffic,2
2026-01-23 15:12:39,6748,qbittorrent,0.999998,Normal Traffic,2
2026-01-23 15:12:40,12672,Code,0.999997,Normal Traffic,10
2026-01-23 15:12:44,6748,qbittorrent,1.000000,Normal Traffic,1
2026-01-23 15:12:49,6748,qbittorrent,0.999995,Normal Traffic,2
2026-01-23 15:12:49,25188,Telegram,0.999988,Normal Traffic,3
2026-01-23 15:12:49,6284,HiddifyCli,0.999996,Normal Traffic,3000
2026-01-23 15:12:50,22292,brave,0.999994,Normal Traffic,5
2026-01-23 15:12:54,22292,brave,1.000000,Normal Traffic,20
2026-01-23 15:12:54,6748,qbittorrent,0.999999,Normal Traffic,2
2026-01-23 15:12:57,16272,Hiddify,0.999998,Normal Traffic,1
2026-01-23 15:12:57,22292,brave,0.999998,Normal Traffic,1
2026-01-23 15:12:59,6748,qbittorrent,0.999997,Normal Traffic,2
2026-01-23 15:13:04,6748,qbittorrent,0.999998,Normal Traffic,2
2026-01-23 15:13:04,20224,SchildiChatAlpha,0.999997,Normal Traffic,10
2026-01-23 15:13:04,10484,svchost,0.999992,Normal Traffic,2
2026-01-23 15:13:09,6748,qbittorrent,0.999997,Normal Traffic,2
2026-01-23 15:13:11,25188,Telegram,1.000000,Normal Traffic,7
2026-01-23 15:13:11,25188,Telegram,1.000000,Normal Traffic,5
2026-01-23 15:13:12,2400,svchost,0.982123,Normal Traffic,2
2026-01-23 15:13:12,2400,svchost,0.999963,Normal Traffic,2
2026-01-23 15:13:12,16272,Hiddify,0.999079,Normal Traffic,2
2026-01-23 15:13:13,10832,warp-svc,0.999998,Normal Traffic,2
2026-01-23 15:13:14,6748,qbittorrent,0.999997,Normal Traffic,1
2026-01-23 15:13:18,22292,brave,0.999999,Normal Traffic,9
2026-01-23 15:13:20,22292,brave,0.999997,Normal Traffic,6
2026-01-23 15:13:21,25188,Telegram,0.999598,Normal Traffic,2
2026-01-23 15:13:24,6748,qbittorrent,0.999957,Normal Traffic,2
2026-01-23 15:13:24,6748,qbittorrent,0.999997,Normal Traffic,2
2026-01-23 15:13:29,6748,qbittorrent,0.999997,Normal Traffic,2
2026-01-23 15:13:34,6748,qbittorrent,0.999997,Normal Traffic,2
2026-01-23 15:13:34,20224,SchildiChatAlpha,0.999998,Normal Traffic,5
2026-01-23 15:13:34,16272,Hiddify,0.999473,Normal Traffic,8
2026-01-23 15:13:34,2400,svchost,0.999955,Normal Traffic,2
2026-01-23 15:13:37,6896,MpDefenderCoreService,0.999997,Normal Traffic,5
2026-01-23 15:13:39,6748,qbittorrent,0.999998,Normal Traffic,2
2026-01-23 15:13:44,2400,svchost,0.998543,Normal Traffic,6
2026-01-23 15:13:44,6748,qbittorrent,0.999999,Normal Traffic,1
2026-01-23 15:13:45,16272,Hiddify,0.999995,Normal Traffic,3000
2026-01-23 15:13:49,6748,qbittorrent,0.999997,Normal Traffic,2
2026-01-23 15:13:49,25188,Telegram,0.999994,Normal Traffic,2
2026-01-23 15:13:50,22292,brave,0.999996,Normal Traffic,17
2026-01-23 15:13:51,22292,brave,0.999996,Normal Traffic,29
2026-01-23 15:13:51,22292,brave,0.999997,Normal Traffic,6
2026-01-23 15:13:54,6748,qbittorrent,0.999996,Normal Traffic,2
2026-01-23 15:13:59,6748,qbittorrent,0.999997,Normal Traffic,2
2026-01-23 15:14:04,6748,qbittorrent,0.999999,Normal Traffic,1
2026-01-23 15:14:04,2400,svchost,0.999999,Normal Traffic,4
2026-01-23 15:14:04,20224,SchildiChatAlpha,0.999998,Normal Traffic,9
2026-01-23 15:14:04,10484,svchost,0.999992,Normal Traffic,2
2026-01-23 15:14:05,11156,gamingservices,0.999996,Normal Traffic,10
2026-01-23 15:14:09,6748,qbittorrent,0.999998,Normal Traffic,2
2026-01-23 15:14:13,10832,warp-svc,0.999999,Normal Traffic,2
2026-01-23 15:14:14,6748,qbittorrent,0.999997,Normal Traffic,2
2026-01-23 15:14:18,16272,Hiddify,0.005190,DoS,2
2026-01-23 15:14:18,26708,lgc,0.217383,DoS,2
2026-01-23 15:14:19,6748,qbittorrent,0.999998,Normal Traffic,2
2026-01-23 15:14:21,22292,brave,0.999994,Normal Traffic,5
2026-01-23 15:14:22,22292,brave,0.999998,Normal Traffic,18
2026-01-23 15:14:24,6748,qbittorrent,0.999997,Normal Traffic,2
2026-01-23 15:14:29,6748,qbittorrent,0.999998,Normal Traffic,2
2026-01-23 15:14:33,25188,Telegram,0.999997,Normal Traffic,6
2026-01-23 15:14:34,6748,qbittorrent,0.999998,Normal Traffic,2
2026-01-23 15:14:35,2400,svchost,0.983117,Normal Traffic,10
2026-01-23 15:14:35,16272,Hiddify,0.999835,Normal Traffic,18
2026-01-23 15:14:35,20224,SchildiChatAlpha,0.999998,Normal Traffic,5
2026-01-23 15:14:35,2400,svchost,0.999997,Normal Traffic,4
2026-01-23 15:14:39,6748,qbittorrent,0.999997,Normal Traffic,2
2026-01-23 15:14:41,6132,svchost,0.999996,Normal Traffic,12
2026-01-23 15:14:42,6896,MpDefenderCoreService,0.999998,Normal Traffic,1
2026-01-23 15:14:44,6748,qbittorrent,0.999998,Normal Traffic,2
2026-01-23 15:14:49,6748,qbittorrent,0.999998,Normal Traffic,2
2026-01-23 15:14:51,22292,brave,0.999997,Normal Traffic,29
2026-01-23 15:14:51,22292,brave,0.999997,Normal Traffic,6
2026-01-23 15:14:52,12672,Code,0.999998,Normal Traffic,1
2026-01-23 15:14:54,22292,brave,0.999999,Normal Traffic,2
2026-01-23 15:14:54,6748,qbittorrent,0.999999,Normal Traffic,2
2026-01-23 15:14:59,6748,qbittorrent,0.999999,Normal Traffic,2
2026-01-23 15:15:04,6748,qbittorrent,0.999999,Normal Traffic,2
2026-01-23 15:15:04,10484,svchost,0.999994,Normal Traffic,2
2026-01-23 15:15:05,20224,SchildiChatAlpha,0.999998,Normal Traffic,9
2026-01-23 15:15:09,25188,Telegram,1.000000,Normal Traffic,7
2026-01-23 15:15:09,6748,qbittorrent,0.999993,Normal Traffic,2
2026-01-23 15:15:12,2400,svchost,0.982123,Normal Traffic,2
2026-01-23 15:15:12,2400,svchost,0.999963,Normal Traffic,2
2026-01-23 15:15:12,16272,Hiddify,0.999235,Normal Traffic,2
2026-01-23 15:15:13,10832,warp-svc,0.999999,Normal Traffic,2
2026-01-23 15:15:14,6748,qbittorrent,0.999998,Normal Traffic,2
2026-01-23 15:15:18,25188,Telegram,0.999915,Normal Traffic,3
2026-01-23 15:15:19,6748,qbittorrent,0.999999,Normal Traffic,2
2026-01-23 15:15:22,22292,brave,0.999995,Normal Traffic,6
2026-01-23 15:15:24,6748,qbittorrent,0.999998,Normal Traffic,2
2026-01-23 15:15:29,6748,qbittorrent,0.999997,Normal Traffic,2
2026-01-23 15:15:34,6748,qbittorrent,0.999997,Normal Traffic,2
2026-01-23 15:15:35,20224,SchildiChatAlpha,0.999995,Normal Traffic,5
2026-01-23 15:15:35,2400,svchost,0.999955,Normal Traffic,2
2026-01-23 15:15:39,6748,qbittorrent,0.999996,Normal Traffic,2
2026-01-23 15:15:40,2400,svchost,0.999152,Normal Traffic,4
2026-01-23 15:15:40,16272,Hiddify,0.999415,Normal Traffic,8
2026-01-23 15:15:40,25188,Telegram,0.999985,Normal Traffic,4
2026-01-23 15:15:43,25188,Telegram,1.000000,Normal Traffic,7
2026-01-23 15:15:44,6748,qbittorrent,0.999998,Normal Traffic,2
2026-01-23 15:15:49,6748,qbittorrent,0.999999,Normal Traffic,2
2026-01-23 15:15:52,22292,brave,0.999997,Normal Traffic,6
2026-01-23 15:15:52,22292,brave,0.999998,Normal Traffic,17
2026-01-23 15:15:54,6748,qbittorrent,0.999999,Normal Traffic,2
2026-01-23 15:15:59,6748,qbittorrent,0.999999,Normal Traffic,2
2026-01-23 15:16:04,2400,svchost,0.999403,Normal Traffic,2
2026-01-23 15:16:04,2400,svchost,0.999994,Normal Traffic,4
2026-01-23 15:16:04,2400,svchost,0.999996,Normal Traffic,1
2026-01-23 15:16:04,6748,qbittorrent,0.999999,Normal Traffic,2
2026-01-23 15:16:04,16272,Hiddify,0.999853,Normal Traffic,4
2026-01-23 15:16:04,5412,svchost,0.041739,DoS,2
2026-01-23 15:16:04,10484,svchost,0.999994,Normal Traffic,2
2026-01-23 15:16:05,20224,SchildiChatAlpha,0.999997,Normal Traffic,9
2026-01-23 15:16:09,6748,qbittorrent,0.999998,Normal Traffic,2
2026-01-23 15:16:12,10832,warp-svc,0.999999,Normal Traffic,2
2026-01-23 15:16:13,25188,Telegram,0.999935,Normal Traffic,2
2026-01-23 15:16:14,6748,qbittorrent,0.999999,Normal Traffic,1
2026-01-23 15:16:19,6748,qbittorrent,0.999999,Normal Traffic,1
2026-01-23 15:16:22,25188,Telegram,1.000000,Normal Traffic,7
2026-01-23 15:16:22,22292,brave,0.999996,Normal Traffic,6
2026-01-23 15:16:24,6748,qbittorrent,0.999999,Normal Traffic,2
2026-01-23 15:16:26,22292,brave,0.999999,Normal Traffic,2
2026-01-23 15:16:29,6748,qbittorrent,0.999999,Normal Traffic,2
2026-01-23 15:16:34,6748,qbittorrent,0.999997,Normal Traffic,2
2026-01-23 15:16:36,20224,SchildiChatAlpha,0.999998,Normal Traffic,5
2026-01-23 15:16:39,6748,qbittorrent,0.999999,Normal Traffic,2
2026-01-23 15:16:40,25188,Telegram,0.999994,Normal Traffic,2
2026-01-23 15:16:44,6748,qbittorrent,0.999998,Normal Traffic,2
2026-01-23 15:16:49,6748,qbittorrent,0.999998,Normal Traffic,2
2026-01-23 15:16:50,2400,svchost,1.000000,Normal Traffic,7
2026-01-23 15:16:50,2400,svchost,1.000000,Normal Traffic,2
2026-01-23 15:16:52,22292,brave,0.999997,Normal Traffic,6
2026-01-23 15:16:53,27376,Code,0.999983,Normal Traffic,9
2026-01-23 15:16:54,27376,Code,0.999996,Normal Traffic,33
2026-01-23 15:16:54,6748,qbittorrent,0.999998,Normal Traffic,2
2026-01-23 15:16:59,6748,qbittorrent,0.999999,Normal Traffic,1
2026-01-23 15:17:04,6748,qbittorrent,1.000000,Normal Traffic,1
2026-01-23 15:17:04,10484,svchost,0.999993,Normal Traffic,2
2026-01-23 15:17:04,5412,svchost,0.999886,Normal Traffic,1
2026-01-23 15:17:05,25188,Telegram,0.999666,Normal Traffic,7
2026-01-23 15:17:06,20224,SchildiChatAlpha,0.999998,Normal Traffic,9
2026-01-23 15:17:07,2400,svchost,0.999998,Normal Traffic,15
2026-01-23 15:17:07,16272,Hiddify,0.999816,Normal Traffic,32
2026-01-23 15:17:09,6748,qbittorrent,0.999988,Normal Traffic,2
2026-01-23 15:17:10,20220,WINWORD,0.999997,Normal Traffic,7
2026-01-23 15:17:12,10832,warp-svc,0.999999,Normal Traffic,2
2026-01-23 15:17:14,6748,qbittorrent,0.999993,Normal Traffic,2
2026-01-23 15:17:19,6748,qbittorrent,0.999995,Normal Traffic,2
2026-01-23 15:17:23,22292,brave,0.999994,Normal Traffic,5
2026-01-23 15:17:23,22292,brave,1.000000,Normal Traffic,15
2026-01-23 15:17:24,6748,qbittorrent,0.999998,Normal Traffic,2
2026-01-23 15:17:29,6748,qbittorrent,0.999996,Normal Traffic,2
2026-01-23 15:17:34,6748,qbittorrent,1.000000,Normal Traffic,1
2026-01-23 15:17:35,25188,Telegram,0.999996,Normal Traffic,4
2026-01-23 15:17:36,20224,SchildiChatAlpha,0.999998,Normal Traffic,5
2026-01-23 15:17:39,6748,qbittorrent,0.999999,Normal Traffic,1
2026-01-23 15:17:40,2400,svchost,0.999992,Normal Traffic,1
2026-01-23 15:17:43,2400,svchost,0.999998,Normal Traffic,4
2026-01-23 15:17:43,2400,svchost,0.999997,Normal Traffic,6
2026-01-23 15:17:43,16272,Hiddify,0.999535,Normal Traffic,12
2026-01-23 15:17:44,6748,qbittorrent,0.999999,Normal Traffic,2
2026-01-23 15:17:45,12672,Code,0.999997,Normal Traffic,11
2026-01-23 15:17:49,6748,qbittorrent,0.999999,Normal Traffic,2
2026-01-23 15:17:53,22292,brave,0.999997,Normal Traffic,6
2026-01-23 15:17:54,22292,brave,0.999999,Normal Traffic,5
2026-01-23 15:17:54,6748,qbittorrent,0.999996,Normal Traffic,2
2026-01-23 15:17:59,6748,qbittorrent,0.999997,Normal Traffic,2
2026-01-23 15:18:04,6748,qbittorrent,0.999999,Normal Traffic,1
2026-01-23 15:18:04,10484,svchost,0.999994,Normal Traffic,2
2026-01-23 15:18:06,20224,SchildiChatAlpha,0.999997,Normal Traffic,10
2026-01-23 15:18:09,6748,qbittorrent,0.999981,Normal Traffic,2
2026-01-23 15:18:10,25188,Telegram,0.999994,Normal Traffic,2
2026-01-23 15:18:10,5412,svchost,0.108201,DoS,2
2026-01-23 15:18:12,2400,svchost,0.997793,Normal Traffic,6
2026-01-23 15:18:12,16272,Hiddify,0.999893,Normal Traffic,14
2026-01-23 15:18:12,2400,svchost,1.000000,Normal Traffic,2
2026-01-23 15:18:12,10832,warp-svc,0.999999,Normal Traffic,2
2026-01-23 15:18:14,6748,qbittorrent,0.999957,Normal Traffic,2
2026-01-23 15:18:19,6748,qbittorrent,0.999990,Normal Traffic,2
2026-01-23 15:18:23,22292,brave,0.999996,Normal Traffic,6
2026-01-23 15:18:24,6748,qbittorrent,0.999997,Normal Traffic,2
2026-01-23 15:18:26,22292,brave,0.999999,Normal Traffic,2
2026-01-23 15:18:29,6748,qbittorrent,0.999953,Normal Traffic,2
2026-01-23 15:18:29,25188,Telegram,0.999991,Normal Traffic,2
2026-01-23 15:18:34,6748,qbittorrent,0.999997,Normal Traffic,2
2026-01-23 15:18:36,20224,SchildiChatAlpha,0.999998,Normal Traffic,5
2026-01-23 15:18:39,6748,qbittorrent,0.999967,Normal Traffic,2
2026-01-23 15:18:43,6896,MpDefenderCoreService,0.999985,Normal Traffic,8
2026-01-23 15:18:44,6748,qbittorrent,0.999997,Normal Traffic,2
2026-01-23 15:18:45,2400,svchost,0.999992,Normal Traffic,1
2026-01-23 15:18:49,6748,qbittorrent,0.999998,Normal Traffic,2
2026-01-23 15:18:53,22292,brave,0.999996,Normal Traffic,6
2026-01-23 15:18:54,22292,brave,0.999996,Normal Traffic,26
2026-01-23 15:18:54,6748,qbittorrent,0.999996,Normal Traffic,2
2026-01-23 15:18:55,22292,brave,0.999996,Normal Traffic,30
2026-01-23 15:18:59,6748,qbittorrent,1.000000,Normal Traffic,1
2026-01-23 15:18:59,20220,WINWORD,0.999998,Normal Traffic,1
2026-01-23 15:19:01,12672,Code,0.999771,Normal Traffic,2
2026-01-23 15:19:04,11156,gamingservices,0.999995,Normal Traffic,10
2026-01-23 15:19:04,6748,qbittorrent,0.999992,Normal Traffic,2
2026-01-23 15:19:04,10484,svchost,0.999993,Normal Traffic,2
2026-01-23 15:19:07,20224,SchildiChatAlpha,0.999998,Normal Traffic,9
2026-01-23 15:19:09,6748,qbittorrent,0.999998,Normal Traffic,2
2026-01-23 15:19:10,5412,svchost,0.999886,Normal Traffic,1
2026-01-23 15:19:12,10832,warp-svc,0.999999,Normal Traffic,2
2026-01-23 15:19:14,6748,qbittorrent,0.999998,Normal Traffic,2
2026-01-23 15:19:18,16272,Hiddify,0.001031,DoS,2
2026-01-23 15:19:18,26708,lgc,0.217383,DoS,2
2026-01-23 15:19:20,6748,qbittorrent,0.999997,Normal Traffic,2
2026-01-23 15:19:24,2400,svchost,0.999997,Normal Traffic,12
2026-01-23 15:19:25,22292,brave,0.999995,Normal Traffic,5
2026-01-23 15:19:25,6748,qbittorrent,0.999996,Normal Traffic,2
2026-01-23 15:19:27,22292,brave,0.999999,Normal Traffic,2
2026-01-23 15:19:30,6748,qbittorrent,0.999995,Normal Traffic,2
2026-01-23 15:19:32,27376,Code,0.999998,Normal Traffic,18
2026-01-23 15:19:35,6748,qbittorrent,0.999998,Normal Traffic,2
2026-01-23 15:19:38,20224,SchildiChatAlpha,0.999998,Normal Traffic,5
2026-01-23 15:19:40,27376,Code,0.999988,Normal Traffic,9
2026-01-23 15:19:40,6748,qbittorrent,0.999999,Normal Traffic,2
2026-01-23 15:19:45,6748,qbittorrent,0.999997,Normal Traffic,2
2026-01-23 15:19:47,25188,Telegram,0.999990,Normal Traffic,12
2026-01-23 15:19:49,16272,Hiddify,0.999838,Normal Traffic,46
2026-01-23 15:19:50,6748,qbittorrent,0.999999,Normal Traffic,2
2026-01-23 15:19:51,22292,brave,0.999997,Normal Traffic,29
2026-01-23 15:19:55,22292,brave,0.999997,Normal Traffic,6
2026-01-23 15:19:55,6748,qbittorrent,0.999998,Normal Traffic,2
2026-01-23 15:20:00,6748,qbittorrent,0.999998,Normal Traffic,2
2026-01-23 15:20:05,6748,qbittorrent,0.999998,Normal Traffic,2
2026-01-23 15:20:05,10484,svchost,0.999993,Normal Traffic,2
2026-01-23 15:20:08,20224,SchildiChatAlpha,0.999998,Normal Traffic,9
2026-01-23 15:20:10,6748,qbittorrent,0.999999,Normal Traffic,1
2026-01-23 15:20:12,2400,svchost,0.999995,Normal Traffic,21
2026-01-23 15:20:12,2400,svchost,0.999994,Normal Traffic,7
2026-01-23 15:20:12,16272,Hiddify,0.999914,Normal Traffic,10
2026-01-23 15:20:13,10832,warp-svc,0.999999,Normal Traffic,2
2026-01-23 15:20:15,6748,qbittorrent,1.000000,Normal Traffic,1
2026-01-23 15:20:20,6748,qbittorrent,0.999998,Normal Traffic,2
2026-01-23 15:20:25,6748,qbittorrent,0.999999,Normal Traffic,2
2026-01-23 15:20:25,22292,brave,0.999997,Normal Traffic,6
2026-01-23 15:20:26,22292,brave,1.000000,Normal Traffic,17
2026-01-23 15:20:30,6748,qbittorrent,1.000000,Normal Traffic,1
2026-01-23 15:20:35,6748,qbittorrent,0.999997,Normal Traffic,2
2026-01-23 15:20:37,25188,Telegram,0.999997,Normal Traffic,117
2026-01-23 15:20:38,12672,Code,0.999972,Normal Traffic,2
2026-01-23 15:20:38,20224,SchildiChatAlpha,0.999998,Normal Traffic,5
2026-01-23 15:20:40,6748,qbittorrent,0.999985,Normal Traffic,2
2026-01-23 15:20:45,6748,qbittorrent,0.999998,Normal Traffic,2
2026-01-23 15:20:48,2400,svchost,0.999999,Normal Traffic,10
2026-01-23 15:20:49,27376,Code,0.999963,Normal Traffic,8
2026-01-23 15:20:50,6748,qbittorrent,0.999983,Normal Traffic,2
2026-01-23 15:20:51,27376,Code,0.999990,Normal Traffic,9
2026-01-23 15:20:55,6748,qbittorrent,0.999987,Normal Traffic,2
2026-01-23 15:20:55,22292,brave,0.999997,Normal Traffic,6
2026-01-23 15:21:00,6748,qbittorrent,0.999997,Normal Traffic,2
2026-01-23 15:21:05,25188,Telegram,1.000000,Normal Traffic,11
2026-01-23 15:21:05,10484,svchost,0.999994,Normal Traffic,2
2026-01-23 15:21:05,6748,qbittorrent,0.999998,Normal Traffic,2
2026-01-23 15:21:06,22292,brave,0.999995,Normal Traffic,19
2026-01-23 15:21:06,12672,Code,0.999982,Normal Traffic,2
2026-01-23 15:21:09,20224,SchildiChatAlpha,0.999997,Normal Traffic,10
2026-01-23 15:21:10,6748,qbittorrent,0.999997,Normal Traffic,2
2026-01-23 15:21:15,25188,Telegram,0.999996,Normal Traffic,41
2026-01-23 15:21:15,6748,qbittorrent,0.999999,Normal Traffic,2
2026-01-23 15:21:16,10832,warp-svc,1.000000,Normal Traffic,2
2026-01-23 15:21:20,6748,qbittorrent,0.999993,Normal Traffic,2
2026-01-23 15:21:23,2400,svchost,1.000000,Normal Traffic,8
2026-01-23 15:21:25,6748,qbittorrent,0.999999,Normal Traffic,2
2026-01-23 15:21:26,22292,brave,0.999996,Normal Traffic,5
2026-01-23 15:21:30,27376,Code,0.999958,Normal Traffic,16
2026-01-23 15:21:30,6748,qbittorrent,0.999990,Normal Traffic,2
2026-01-23 15:21:35,6748,qbittorrent,0.999999,Normal Traffic,2
2026-01-23 15:21:38,27376,Code,0.999956,Normal Traffic,18
2026-01-23 15:21:39,20224,SchildiChatAlpha,0.999998,Normal Traffic,5
2026-01-23 15:21:40,6748,qbittorrent,0.999998,Normal Traffic,2
2026-01-23 15:21:45,6748,qbittorrent,0.999998,Normal Traffic,1
2026-01-23 15:21:50,6748,qbittorrent,0.999999,Normal Traffic,2
2026-01-23 15:21:55,6748,qbittorrent,0.999998,Normal Traffic,2
2026-01-23 15:21:56,25188,Telegram,0.999550,Normal Traffic,13
2026-01-23 15:21:56,22292,brave,0.999999,Normal Traffic,19
2026-01-23 15:21:56,22292,brave,0.999997,Normal Traffic,6
2026-01-23 15:22:00,6748,qbittorrent,0.999996,Normal Traffic,2
2026-01-23 15:22:05,10484,svchost,0.999993,Normal Traffic,2
2026-01-23 15:22:05,6748,qbittorrent,0.999996,Normal Traffic,2
2026-01-23 15:22:09,25188,Telegram,0.999993,Normal Traffic,5
2026-01-23 15:22:09,20224,SchildiChatAlpha,0.999998,Normal Traffic,9
2026-01-23 15:22:10,6748,qbittorrent,0.999997,Normal Traffic,2
2026-01-23 15:22:13,10832,warp-svc,0.999999,Normal Traffic,2
2026-01-23 15:22:15,2400,svchost,0.999977,Normal Traffic,24
2026-01-23 15:22:15,6748,qbittorrent,0.999990,Normal Traffic,2
2026-01-23 15:22:16,2400,svchost,1.000000,Normal Traffic,9
2026-01-23 15:22:20,16272,Hiddify,0.999999,Normal Traffic,64
2026-01-23 15:22:20,6748,qbittorrent,0.999998,Normal Traffic,2
2026-01-23 15:22:21,25188,Telegram,0.355302,DoS,3
2026-01-23 15:22:25,6748,qbittorrent,0.999999,Normal Traffic,2
2026-01-23 15:22:26,22292,brave,0.999997,Normal Traffic,6
2026-01-23 15:22:29,22292,brave,0.999999,Normal Traffic,2
2026-01-23 15:22:30,6748,qbittorrent,0.999999,Normal Traffic,2
2026-01-23 15:22:32,25188,Telegram,0.999634,Normal Traffic,2
2026-01-23 15:22:35,6748,qbittorrent,0.999999,Normal Traffic,2
2026-01-23 15:22:39,20224,SchildiChatAlpha,0.999998,Normal Traffic,9
2026-01-23 15:22:40,6748,qbittorrent,0.999998,Normal Traffic,2
2026-01-23 15:22:45,6748,qbittorrent,0.999999,Normal Traffic,2
2026-01-23 15:22:46,25188,Telegram,0.208409,DoS,3
2026-01-23 15:22:50,6748,qbittorrent,0.999999,Normal Traffic,2
2026-01-23 15:22:52,27376,Code,0.999985,Normal Traffic,9
2026-01-23 15:22:55,6748,qbittorrent,1.000000,Normal Traffic,2
2026-01-23 15:22:56,27376,Code,0.999960,Normal Traffic,1
2026-01-23 15:22:56,22292,brave,0.999996,Normal Traffic,5
2026-01-23 15:23:00,6748,qbittorrent,0.999997,Normal Traffic,2
2026-01-23 15:23:03,25188,Telegram,0.999994,Normal Traffic,2
2026-01-23 15:23:04,10484,svchost,0.999991,Normal Traffic,2
2026-01-23 15:23:05,6748,qbittorrent,0.999999,Normal Traffic,1
2026-01-23 15:23:08,27376,Code,0.999986,Normal Traffic,9
2026-01-23 15:23:10,20224,SchildiChatAlpha,0.999997,Normal Traffic,5
2026-01-23 15:23:10,6748,qbittorrent,1.000000,Normal Traffic,1
2026-01-23 15:23:11,3280,msedge,0.999981,Normal Traffic,6
2026-01-23 15:23:11,25188,Telegram,0.327330,DoS,3
2026-01-23 15:23:12,2400,svchost,0.994452,Normal Traffic,14
2026-01-23 15:23:12,16272,Hiddify,0.999857,Normal Traffic,40
2026-01-23 15:23:12,2400,svchost,0.999999,Normal Traffic,11
2026-01-23 15:23:13,25188,Telegram,1.000000,Normal Traffic,7
2026-01-23 15:23:13,10832,warp-svc,0.999999,Normal Traffic,2
2026-01-23 15:23:15,25188,Telegram,0.999999,Normal Traffic,4
2026-01-23 15:23:15,6748,qbittorrent,0.999984,Normal Traffic,2
2026-01-23 15:23:19,12672,Code,0.999998,Normal Traffic,1
2026-01-23 15:23:20,6748,qbittorrent,0.999998,Normal Traffic,2
2026-01-23 15:23:25,6748,qbittorrent,0.999999,Normal Traffic,2
2026-01-23 15:23:27,22292,brave,0.999997,Normal Traffic,63
2026-01-23 15:23:27,22292,brave,0.999996,Normal Traffic,6
2026-01-23 15:23:28,22292,brave,0.999996,Normal Traffic,18
2026-01-23 15:23:30,6748,qbittorrent,1.000000,Normal Traffic,1
2026-01-23 15:23:35,6748,qbittorrent,0.999997,Normal Traffic,1
2026-01-23 15:23:36,25188,Telegram,0.147173,DoS,3
2026-01-23 15:23:40,20224,SchildiChatAlpha,0.999998,Normal Traffic,9
2026-01-23 15:23:40,6748,qbittorrent,0.999999,Normal Traffic,2
2026-01-23 15:23:45,6748,qbittorrent,0.999996,Normal Traffic,2
2026-01-23 15:23:46,27376,Code,0.999998,Normal Traffic,10
2026-01-23 15:23:50,6748,qbittorrent,0.999989,Normal Traffic,2
2026-01-23 15:23:51,22292,brave,0.999993,Normal Traffic,58
2026-01-23 15:23:52,22292,brave,0.999997,Normal Traffic,29
2026-01-23 15:23:55,6748,qbittorrent,0.999987,Normal Traffic,2
2026-01-23 15:23:57,22292,brave,0.999997,Normal Traffic,6
2026-01-23 15:23:58,25188,Telegram,0.999997,Normal Traffic,6
2026-01-23 15:23:59,27376,Code,0.999996,Normal Traffic,19
2026-01-23 15:24:00,6748,qbittorrent,0.999999,Normal Traffic,2
2026-01-23 15:24:01,25188,Telegram,0.425141,DoS,3
2026-01-23 15:24:04,10484,svchost,0.999993,Normal Traffic,2
2026-01-23 15:24:05,11156,gamingservices,0.999996,Normal Traffic,10
2026-01-23 15:24:05,6748,qbittorrent,0.999985,Normal Traffic,2
2026-01-23 15:24:10,6748,qbittorrent,0.999999,Normal Traffic,2
2026-01-23 15:24:10,20224,SchildiChatAlpha,0.999998,Normal Traffic,5
2026-01-23 15:24:13,10832,warp-svc,0.999999,Normal Traffic,2
2026-01-23 15:24:15,6748,qbittorrent,0.999999,Normal Traffic,2
2026-01-23 15:24:18,16272,Hiddify,0.365654,DoS,2
2026-01-23 15:24:18,26708,lgc,0.228073,DoS,2
2026-01-23 15:24:19,2400,svchost,0.999992,Normal Traffic,17
2026-01-23 15:24:20,16272,Hiddify,0.999942,Normal Traffic,42
2026-01-23 15:24:20,2400,svchost,1.000000,Normal Traffic,10
2026-01-23 15:24:20,6748,qbittorrent,0.999997,Normal Traffic,2
2026-01-23 15:24:23,27376,Code,0.999997,Normal Traffic,9
2026-01-23 15:24:25,6748,qbittorrent,0.999999,Normal Traffic,1
2026-01-23 15:24:26,25188,Telegram,0.365026,DoS,3
2026-01-23 15:24:27,22292,brave,0.999997,Normal Traffic,14
2026-01-23 15:24:27,22292,brave,0.999996,Normal Traffic,6
2026-01-23 15:24:30,6748,qbittorrent,1.000000,Normal Traffic,1
2026-01-23 15:24:32,25188,Telegram,0.999994,Normal Traffic,2
2026-01-23 15:24:35,6748,qbittorrent,0.999998,Normal Traffic,2
2026-01-23 15:24:40,6748,qbittorrent,0.999999,Normal Traffic,2
2026-01-23 15:24:40,20224,SchildiChatAlpha,0.999997,Normal Traffic,10
2026-01-23 15:24:45,6748,qbittorrent,0.999998,Normal Traffic,2
2026-01-23 15:24:47,27376,Code,0.999952,Normal Traffic,17
2026-01-23 15:24:50,6748,qbittorrent,0.999999,Normal Traffic,2
2026-01-23 15:24:52,2400,svchost,0.999999,Normal Traffic,4
2026-01-23 15:24:55,6748,qbittorrent,0.999997,Normal Traffic,2
2026-01-23 15:24:57,22292,brave,0.999997,Normal Traffic,6
2026-01-23 15:24:57,25188,Telegram,0.999993,Normal Traffic,2
2026-01-23 15:25:00,27376,Code,0.999979,Normal Traffic,26
2026-01-23 15:25:00,22292,brave,0.999999,Normal Traffic,2
2026-01-23 15:25:00,6748,qbittorrent,0.999995,Normal Traffic,2
2026-01-23 15:25:04,10484,svchost,0.999994,Normal Traffic,2
2026-01-23 15:25:05,6748,qbittorrent,0.999998,Normal Traffic,2
2026-01-23 15:25:09,16272,Hiddify,0.999999,Normal Traffic,3000
2026-01-23 15:25:10,6748,qbittorrent,0.999997,Normal Traffic,2
2026-01-23 15:25:10,20224,SchildiChatAlpha,0.999998,Normal Traffic,5
2026-01-23 15:25:15,12672,Code,0.999997,Normal Traffic,14
2026-01-23 15:25:15,6748,qbittorrent,0.999998,Normal Traffic,2
2026-01-23 15:25:16,10832,warp-svc,1.000000,Normal Traffic,3
2026-01-23 15:25:17,25188,Telegram,0.999495,Normal Traffic,13
2026-01-23 15:25:20,6748,qbittorrent,0.999998,Normal Traffic,2
2026-01-23 15:25:21,27376,Code,0.999963,Normal Traffic,8
2026-01-23 15:25:25,6748,qbittorrent,0.999987,Normal Traffic,2
2026-01-23 15:25:27,22292,brave,0.999997,Normal Traffic,6
2026-01-23 15:25:28,22292,brave,1.000000,Normal Traffic,17
2026-01-23 15:25:30,6748,qbittorrent,0.999997,Normal Traffic,2
2026-01-23 15:25:35,6748,qbittorrent,1.000000,Normal Traffic,1
2026-01-23 15:25:36,27376,Code,0.999983,Normal Traffic,8
2026-01-23 15:25:40,6748,qbittorrent,0.999943,Normal Traffic,2
2026-01-23 15:25:41,20224,SchildiChatAlpha,0.999998,Normal Traffic,9
2026-01-23 15:25:44,25188,Telegram,0.996563,Normal Traffic,10
2026-01-23 15:25:45,6748,qbittorrent,0.999997,Normal Traffic,2
2026-01-23 15:25:50,27376,Code,0.999992,Normal Traffic,19
2026-01-23 15:25:50,22292,brave,0.999999,Normal Traffic,9
2026-01-23 15:25:50,22292,brave,0.999996,Normal Traffic,28
2026-01-23 15:25:50,6748,qbittorrent,0.999999,Normal Traffic,2
2026-01-23 15:25:52,25188,Telegram,0.999991,Normal Traffic,3
2026-01-23 15:25:55,6748,qbittorrent,0.999999,Normal Traffic,2
2026-01-23 15:25:57,2400,svchost,1.000000,Normal Traffic,10
2026-01-23 15:25:58,22292,brave,0.999994,Normal Traffic,5
2026-01-23 15:26:00,6748,qbittorrent,0.999999,Normal Traffic,2
2026-01-23 15:26:05,6748,qbittorrent,0.999991,Normal Traffic,2
2026-01-23 15:26:06,2400,svchost,0.999995,Normal Traffic,31
2026-01-23 15:26:06,16272,Hiddify,0.999924,Normal Traffic,56
2026-01-23 15:26:08,5412,svchost,0.150693,DoS,2
2026-01-23 15:26:10,6748,qbittorrent,0.999998,Normal Traffic,2
2026-01-23 15:26:11,20224,SchildiChatAlpha,0.999998,Normal Traffic,5
2026-01-23 15:26:12,10484,svchost,0.999997,Normal Traffic,4
2026-01-23 15:26:12,10832,warp-svc,0.999998,Normal Traffic,2
2026-01-23 15:26:15,6748,qbittorrent,0.999998,Normal Traffic,2
2026-01-23 15:26:16,22292,brave,0.999998,Normal Traffic,12
2026-01-23 15:26:16,22292,brave,0.999996,Normal Traffic,21
2026-01-23 15:26:20,6748,qbittorrent,0.999999,Normal Traffic,2
2026-01-23 15:26:25,6748,qbittorrent,0.999999,Normal Traffic,2
2026-01-23 15:26:28,25188,Telegram,0.999984,Normal Traffic,4
2026-01-23 15:26:28,22292,brave,0.999997,Normal Traffic,6
2026-01-23 15:26:30,6748,qbittorrent,0.999999,Normal Traffic,2
2026-01-23 15:26:32,25188,Telegram,0.999717,Normal Traffic,13
2026-01-23 15:26:35,6748,qbittorrent,0.999999,Normal Traffic,2
2026-01-23 15:26:40,6748,qbittorrent,0.999999,Normal Traffic,2
2026-01-23 15:26:41,20224,SchildiChatAlpha,0.999998,Normal Traffic,9
2026-01-23 15:26:45,6748,qbittorrent,0.999998,Normal Traffic,2
2026-01-23 15:26:50,6748,qbittorrent,0.999990,Normal Traffic,2
2026-01-23 15:26:51,16272,Hiddify,0.999997,Normal Traffic,6
2026-01-23 15:26:51,22292,brave,0.999998,Normal Traffic,6
2026-01-23 15:26:55,6748,qbittorrent,0.999999,Normal Traffic,2
2026-01-23 15:26:58,22292,brave,1.000000,Normal Traffic,26
2026-01-23 15:26:58,27376,Code,0.999879,Normal Traffic,18
2026-01-23 15:26:58,22292,brave,0.999997,Normal Traffic,6
2026-01-23 15:27:00,6748,qbittorrent,0.999999,Normal Traffic,2
2026-01-23 15:27:04,10484,svchost,0.999991,Normal Traffic,2
2026-01-23 15:27:05,6748,qbittorrent,0.999981,Normal Traffic,2
2026-01-23 15:27:07,27376,Code,0.999974,Normal Traffic,8
2026-01-23 15:27:08,5412,svchost,0.999886,Normal Traffic,1
2026-01-23 15:27:09,2400,svchost,0.995145,Normal Traffic,12
2026-01-23 15:27:09,2400,svchost,0.999999,Normal Traffic,9
2026-01-23 15:27:09,16272,Hiddify,0.999951,Normal Traffic,34
2026-01-23 15:27:10,6748,qbittorrent,0.999999,Normal Traffic,2
2026-01-23 15:27:11,20224,SchildiChatAlpha,0.999998,Normal Traffic,5
2026-01-23 15:27:15,10832,warp-svc,1.000000,Normal Traffic,2
2026-01-23 15:27:15,6748,qbittorrent,0.999999,Normal Traffic,2
2026-01-23 15:27:20,6748,qbittorrent,0.999998,Normal Traffic,2
2026-01-23 15:27:21,22292,brave,0.999997,Normal Traffic,12
2026-01-23 15:27:22,25188,Telegram,0.999723,Normal Traffic,13
2026-01-23 15:27:22,25188,Telegram,0.999996,Normal Traffic,3
2026-01-23 15:27:25,6748,qbittorrent,0.999999,Normal Traffic,2
2026-01-23 15:27:27,12672,Code,0.999998,Normal Traffic,1
2026-01-23 15:27:28,22292,brave,0.999996,Normal Traffic,5
2026-01-23 15:27:30,6748,qbittorrent,0.999999,Normal Traffic,2
2026-01-23 15:27:35,6748,qbittorrent,0.999998,Normal Traffic,2
2026-01-23 15:27:40,6748,qbittorrent,0.999998,Normal Traffic,2
2026-01-23 15:27:41,2400,svchost,0.999581,Normal Traffic,2
2026-01-23 15:27:42,20224,SchildiChatAlpha,0.999998,Normal Traffic,9
2026-01-23 15:27:42,16272,Hiddify,0.999645,Normal Traffic,6
2026-01-23 15:27:42,2400,svchost,0.999943,Normal Traffic,2
2026-01-23 15:27:45,6748,qbittorrent,0.999999,Normal Traffic,1
2026-01-23 15:27:48,25188,Telegram,0.340186,DoS,3
2026-01-23 15:27:50,6748,qbittorrent,1.000000,Normal Traffic,1
2026-01-23 15:27:55,6748,qbittorrent,0.999998,Normal Traffic,1
2026-01-23 15:27:56,16272,Hiddify,0.999998,Normal Traffic,1
2026-01-23 15:27:56,22292,brave,0.999998,Normal Traffic,1
2026-01-23 15:27:57,25188,Telegram,0.999999,Normal Traffic,3
2026-01-23 15:27:59,22292,brave,0.999996,Normal Traffic,5
2026-01-23 15:28:00,6748,qbittorrent,0.999999,Normal Traffic,1
2026-01-23 15:28:04,10484,svchost,0.999994,Normal Traffic,2
2026-01-23 15:28:05,27376,Code,0.999991,Normal Traffic,10
2026-01-23 15:28:05,6748,qbittorrent,0.999997,Normal Traffic,2
2026-01-23 15:28:10,6748,qbittorrent,1.000000,Normal Traffic,1
2026-01-23 15:28:12,2400,svchost,0.999999,Normal Traffic,5
2026-01-23 15:28:12,10832,warp-svc,0.999999,Normal Traffic,2
2026-01-23 15:28:12,20224,SchildiChatAlpha,0.999998,Normal Traffic,5
2026-01-23 15:28:13,27376,Code,0.999992,Normal Traffic,9
2026-01-23 15:28:13,25188,Telegram,0.182245,DoS,3
2026-01-23 15:28:15,6748,qbittorrent,0.999999,Normal Traffic,1
2026-01-23 15:28:16,22292,brave,1.000000,Normal Traffic,27
2026-01-23 15:28:17,22292,brave,0.999995,Normal Traffic,18
2026-01-23 15:28:20,6748,qbittorrent,1.000000,Normal Traffic,1
2026-01-23 15:28:25,6748,qbittorrent,0.999985,Normal Traffic,2
2026-01-23 15:28:29,22292,brave,0.999997,Normal Traffic,6
2026-01-23 15:28:34,6748,qbittorrent,0.999998,Normal Traffic,4
2026-01-23 15:28:35,27376,Code,0.999985,Normal Traffic,9
2026-01-23 15:28:35,6748,qbittorrent,0.999998,Normal Traffic,2
2026-01-23 15:28:38,27376,Code,0.999977,Normal Traffic,8
2026-01-23 15:28:38,25188,Telegram,0.380608,DoS,3
2026-01-23 15:28:41,6748,qbittorrent,0.999999,Normal Traffic,2
2026-01-23 15:28:42,2400,svchost,0.999999,Normal Traffic,15
2026-01-23 15:28:42,16272,Hiddify,0.999922,Normal Traffic,34
2026-01-23 15:28:42,2400,svchost,0.999986,Normal Traffic,3
2026-01-23 15:28:42,20224,SchildiChatAlpha,0.999998,Normal Traffic,9
2026-01-23 15:28:42,25188,Telegram,0.999998,Normal Traffic,4
2026-01-23 15:28:45,6748,qbittorrent,1.000000,Normal Traffic,1
2026-01-23 15:28:50,6748,qbittorrent,0.999995,Normal Traffic,1
2026-01-23 15:28:54,22292,brave,0.999996,Normal Traffic,29
2026-01-23 15:28:56,6748,qbittorrent,0.999999,Normal Traffic,1
2026-01-23 15:29:00,22292,brave,1.000000,Normal Traffic,28
2026-01-23 15:29:00,22292,brave,0.999995,Normal Traffic,6
2026-01-23 15:29:01,6748,qbittorrent,1.000000,Normal Traffic,1
2026-01-23 15:29:04,25188,Telegram,0.432795,DoS,3
2026-01-23 15:29:05,11156,gamingservices,0.999994,Normal Traffic,10
2026-01-23 15:29:05,10484,svchost,0.999993,Normal Traffic,2
2026-01-23 15:29:06,6748,qbittorrent,0.999998,Normal Traffic,1
2026-01-23 15:29:08,2400,svchost,0.999998,Normal Traffic,6
2026-01-23 15:29:11,6748,qbittorrent,0.999999,Normal Traffic,1
2026-01-23 15:29:13,10832,warp-svc,0.999999,Normal Traffic,2
2026-01-23 15:29:13,20224,SchildiChatAlpha,0.999997,Normal Traffic,5
2026-01-23 15:29:16,6748,qbittorrent,0.999999,Normal Traffic,1
2026-01-23 15:29:19,2400,svchost,0.997375,Normal Traffic,6
2026-01-23 15:29:19,16272,Hiddify,0.999898,Normal Traffic,18
2026-01-23 15:29:19,16272,Hiddify,0.001031,DoS,2
2026-01-23 15:29:19,26708,lgc,0.217383,DoS,2
2026-01-23 15:29:21,6748,qbittorrent,0.999998,Normal Traffic,2
2026-01-23 15:29:26,6748,qbittorrent,1.000000,Normal Traffic,1
2026-01-23 15:29:29,25188,Telegram,0.372356,DoS,3
2026-01-23 15:29:30,22292,brave,0.999998,Normal Traffic,28
2026-01-23 15:29:31,22292,brave,0.999998,Normal Traffic,15
2026-01-23 15:29:31,6748,qbittorrent,1.000000,Normal Traffic,1
2026-01-23 15:29:36,6748,qbittorrent,0.999999,Normal Traffic,1
2026-01-23 15:29:38,25188,Telegram,0.999993,Normal Traffic,3
2026-01-23 15:29:41,12672,Code,0.999998,Normal Traffic,9
2026-01-23 15:29:41,6748,qbittorrent,0.999998,Normal Traffic,2
2026-01-23 15:29:44,2400,svchost,0.999997,Normal Traffic,7
2026-01-23 15:29:44,20224,SchildiChatAlpha,0.999996,Normal Traffic,9
2026-01-23 15:29:44,2400,svchost,0.999996,Normal Traffic,1
2026-01-23 15:29:46,2400,svchost,0.999998,Normal Traffic,6
2026-01-23 15:29:46,16272,Hiddify,0.999934,Normal Traffic,16
2026-01-23 15:29:46,6748,qbittorrent,1.000000,Normal Traffic,1
2026-01-23 15:29:47,6132,svchost,0.999997,Normal Traffic,12
2026-01-23 15:29:51,6748,qbittorrent,0.999997,Normal Traffic,2
2026-01-23 15:29:54,25188,Telegram,0.432668,DoS,3
2026-01-23 15:29:56,6748,qbittorrent,0.999993,Normal Traffic,2
2026-01-23 15:30:01,6748,qbittorrent,1.000000,Normal Traffic,1
2026-01-23 15:30:05,10484,svchost,0.999994,Normal Traffic,2
2026-01-23 15:30:06,5352,MicrosoftStartFeedProvider,0.999995,Normal Traffic,40
2026-01-23 15:30:06,6748,qbittorrent,0.999999,Normal Traffic,1
2026-01-23 15:30:07,12672,Code,0.999982,Normal Traffic,2
2026-01-23 15:30:07,25188,Telegram,0.999998,Normal Traffic,3
2026-01-23 15:30:11,6748,qbittorrent,0.999995,Normal Traffic,1
2026-01-23 15:30:13,10832,warp-svc,0.999999,Normal Traffic,2
2026-01-23 15:30:14,20224,SchildiChatAlpha,0.999998,Normal Traffic,5
2026-01-23 15:30:16,27376,Code,0.999946,Normal Traffic,28
2026-01-23 15:30:16,5352,MicrosoftStartFeedProvider,0.999997,Normal Traffic,10
2026-01-23 15:30:17,6748,qbittorrent,0.999999,Normal Traffic,2
2026-01-23 15:30:19,25188,Telegram,0.353108,DoS,3
2026-01-23 15:30:20,22292,brave,0.999995,Normal Traffic,20
2026-01-23 15:30:21,27376,Code,0.999997,Normal Traffic,9
2026-01-23 15:30:21,6748,qbittorrent,0.999999,Normal Traffic,2
2026-01-23 15:30:24,2400,svchost,0.999998,Normal Traffic,15
2026-01-23 15:30:24,2400,svchost,0.999979,Normal Traffic,7
2026-01-23 15:30:24,16272,Hiddify,0.999702,Normal Traffic,32
2026-01-23 15:30:26,6748,qbittorrent,0.999998,Normal Traffic,2
2026-01-23 15:30:27,27376,Code,0.999989,Normal Traffic,10
2026-01-23 15:30:31,6748,qbittorrent,0.999998,Normal Traffic,2
2026-01-23 15:30:32,22292,brave,1.000000,Normal Traffic,27
2026-01-23 15:30:33,22292,brave,0.999998,Normal Traffic,33
2026-01-23 15:30:36,6748,qbittorrent,0.999979,Normal Traffic,2
2026-01-23 15:30:41,6748,qbittorrent,1.000000,Normal Traffic,1
2026-01-23 15:30:43,22292,brave,0.999995,Normal Traffic,934
2026-01-23 15:30:45,20224,SchildiChatAlpha,0.999998,Normal Traffic,9
2026-01-23 15:30:46,6748,qbittorrent,0.999992,Normal Traffic,2
2026-01-23 15:30:47,25188,Telegram,0.999992,Normal Traffic,3
2026-01-23 15:30:51,2400,svchost,0.998917,Normal Traffic,8
2026-01-23 15:30:51,16272,Hiddify,0.999901,Normal Traffic,26
2026-01-23 15:30:51,2400,svchost,1.000000,Normal Traffic,8
2026-01-23 15:30:51,5412,svchost,0.454458,DoS,6
2026-01-23 15:30:51,5412,svchost,0.108201,DoS,2
2026-01-23 15:30:51,6748,qbittorrent,0.999999,Normal Traffic,1
2026-01-23 15:30:52,5412,svchost,0.108201,DoS,2
2026-01-23 15:30:56,6748,qbittorrent,0.999996,Normal Traffic,2
2026-01-23 15:31:01,6748,qbittorrent,1.000000,Normal Traffic,1
2026-01-23 15:31:03,22292,brave,0.999997,Normal Traffic,6
2026-01-23 15:31:05,10484,svchost,0.999994,Normal Traffic,2
2026-01-23 15:31:06,6748,qbittorrent,0.999999,Normal Traffic,2
2026-01-23 15:31:11,6748,qbittorrent,0.999987,Normal Traffic,2
2026-01-23 15:31:13,10832,warp-svc,0.999999,Normal Traffic,2
2026-01-23 15:31:13,2400,svchost,0.999587,Normal Traffic,2
2026-01-23 15:31:13,16272,Hiddify,0.999690,Normal Traffic,4
2026-01-23 15:31:15,20224,SchildiChatAlpha,0.999997,Normal Traffic,5
2026-01-23 15:31:15,25188,Telegram,0.999984,Normal Traffic,4
2026-01-23 15:31:16,6748,qbittorrent,0.999999,Normal Traffic,2
2026-01-23 15:31:21,6748,qbittorrent,0.999999,Normal Traffic,2
2026-01-23 15:31:25,22292,brave,0.999997,Normal Traffic,30
2026-01-23 15:31:26,6748,qbittorrent,0.999982,Normal Traffic,2
2026-01-23 15:31:31,6748,qbittorrent,0.999999,Normal Traffic,2
2026-01-23 15:31:33,22292,brave,0.999997,Normal Traffic,6
2026-01-23 15:31:36,6748,qbittorrent,0.999998,Normal Traffic,2
2026-01-23 15:31:41,6748,qbittorrent,0.999999,Normal Traffic,2
2026-01-23 15:31:45,20224,SchildiChatAlpha,0.999997,Normal Traffic,10
2026-01-23 15:31:46,6748,qbittorrent,0.999999,Normal Traffic,2
2026-01-23 15:31:49,5412,svchost,0.999886,Normal Traffic,1
2026-01-23 15:31:50,25188,Telegram,0.998956,Normal Traffic,19
2026-01-23 15:31:50,2400,svchost,0.999992,Normal Traffic,1
2026-01-23 15:31:51,22292,brave,0.999996,Normal Traffic,30
2026-01-23 15:31:51,6748,qbittorrent,0.999999,Normal Traffic,2
2026-01-23 15:31:51,5412,svchost,0.999886,Normal Traffic,1
2026-01-23 15:31:51,5412,svchost,0.999886,Normal Traffic,1
2026-01-23 15:31:54,27376,Code,0.999981,Normal Traffic,8
2026-01-23 15:31:55,5352,MicrosoftStartFeedProvider,0.999996,Normal Traffic,2
2026-01-23 15:31:55,5352,MicrosoftStartFeedProvider,0.999996,Normal Traffic,2
2026-01-23 15:31:56,22292,brave,1.000000,Normal Traffic,50
2026-01-23 15:31:56,6748,qbittorrent,0.999998,Normal Traffic,2
2026-01-23 15:32:01,6748,qbittorrent,0.999999,Normal Traffic,1
2026-01-23 15:32:03,22292,brave,0.999997,Normal Traffic,6
2026-01-23 15:32:05,10484,svchost,0.999994,Normal Traffic,2
2026-01-23 15:32:06,6748,qbittorrent,0.999998,Normal Traffic,2
2026-01-23 15:32:11,25188,Telegram,0.999977,Normal Traffic,6
2026-01-23 15:32:11,6748,qbittorrent,0.999985,Normal Traffic,2
2026-01-23 15:32:14,27376,Code,0.999981,Normal Traffic,17
2026-01-23 15:32:15,20224,SchildiChatAlpha,0.999998,Normal Traffic,5
2026-01-23 15:32:15,25188,Telegram,0.182245,DoS,3
2026-01-23 15:32:16,10832,warp-svc,1.000000,Normal Traffic,3
2026-01-23 15:32:16,6748,qbittorrent,0.999999,Normal Traffic,2
2026-01-23 15:32:18,12672,Code,0.999998,Normal Traffic,1
2026-01-23 15:32:20,22292,brave,0.999999,Normal Traffic,9
2026-01-23 15:32:21,22292,brave,0.999995,Normal Traffic,18
2026-01-23 15:32:21,6748,qbittorrent,0.999999,Normal Traffic,2
2026-01-23 15:32:26,6748,qbittorrent,0.999999,Normal Traffic,2
2026-01-23 15:32:26,16272,Hiddify,0.999985,Normal Traffic,3000
2026-01-23 15:32:27,6284,HiddifyCli,0.999993,Normal Traffic,3000
2026-01-23 15:32:31,6748,qbittorrent,0.999999,Normal Traffic,2
2026-01-23 15:32:34,27376,Code,0.999997,Normal Traffic,10
2026-01-23 15:32:34,22292,brave,0.999996,Normal Traffic,5
2026-01-23 15:32:36,6748,qbittorrent,0.999998,Normal Traffic,2
2026-01-23 15:32:41,20220,WINWORD,0.999998,Normal Traffic,7
2026-01-23 15:32:41,25188,Telegram,0.167999,DoS,3
2026-01-23 15:32:41,6748,qbittorrent,0.999997,Normal Traffic,2
2026-01-23 15:32:44,22292,brave,0.999997,Normal Traffic,78
2026-01-23 15:32:45,2400,svchost,1.000000,Normal Traffic,14
2026-01-23 15:32:45,20224,SchildiChatAlpha,0.999997,Normal Traffic,12
2026-01-23 15:32:46,16272,Hiddify,0.999995,Normal Traffic,46
2026-01-23 15:32:46,6748,qbittorrent,0.999999,Normal Traffic,2
2026-01-23 15:32:47,16272,Hiddify,0.999999,Normal Traffic,60
2026-01-23 15:32:47,16272,Hiddify,0.999998,Normal Traffic,14
2026-01-23 15:32:47,16272,Hiddify,0.998604,Normal Traffic,7
2026-01-23 15:32:47,16272,Hiddify,0.999972,Normal Traffic,10
2026-01-23 15:32:48,16272,Hiddify,0.999997,Normal Traffic,13
2026-01-23 15:32:48,16272,Hiddify,0.999998,Normal Traffic,16
2026-01-23 15:32:51,6748,qbittorrent,0.999999,Normal Traffic,2
2026-01-23 15:32:52,12672,Code,0.999997,Normal Traffic,9
2026-01-23 15:32:56,6748,qbittorrent,0.999999,Normal Traffic,2
2026-01-23 15:32:57,25188,Telegram,0.999997,Normal Traffic,11
2026-01-23 15:33:01,6748,qbittorrent,0.999999,Normal Traffic,2
2026-01-23 15:33:02,16272,Hiddify,0.999994,Normal Traffic,13
2026-01-23 15:33:04,22292,brave,0.999997,Normal Traffic,15
2026-01-23 15:33:04,10484,svchost,0.999993,Normal Traffic,2
2026-01-23 15:33:06,6748,qbittorrent,0.999999,Normal Traffic,2
2026-01-23 15:33:06,25188,Telegram,0.411877,DoS,3
2026-01-23 15:33:10,27376,Code,0.999986,Normal Traffic,9
2026-01-23 15:33:11,6748,qbittorrent,0.999999,Normal Traffic,2
2026-01-23 15:33:13,25188,Telegram,0.999564,Normal Traffic,7
2026-01-23 15:33:13,25188,Telegram,0.999890,Normal Traffic,5
2026-01-23 15:33:14,10832,warp-svc,0.999997,Normal Traffic,2
2026-01-23 15:33:14,22292,brave,0.999998,Normal Traffic,28
2026-01-23 15:33:16,20224,SchildiChatAlpha,0.999997,Normal Traffic,5
2026-01-23 15:33:16,6748,qbittorrent,0.999999,Normal Traffic,2
2026-01-23 15:33:17,27376,Code,0.999983,Normal Traffic,9
2026-01-23 15:33:18,2400,svchost,0.999998,Normal Traffic,27
2026-01-23 15:33:18,16272,Hiddify,0.999955,Normal Traffic,104
2026-01-23 15:33:18,2400,svchost,0.999998,Normal Traffic,7
2026-01-23 15:33:21,6748,qbittorrent,0.999999,Normal Traffic,2
2026-01-23 15:33:26,6748,qbittorrent,0.999997,Normal Traffic,2
2026-01-23 15:33:31,6748,qbittorrent,0.999998,Normal Traffic,2
2026-01-23 15:33:31,25188,Telegram,0.192389,DoS,3
2026-01-23 15:33:34,22292,brave,0.999997,Normal Traffic,6
2026-01-23 15:33:36,6748,qbittorrent,0.999998,Normal Traffic,2
2026-01-23 15:33:40,25188,Telegram,0.999997,Normal Traffic,9
2026-01-23 15:33:41,6748,qbittorrent,0.999997,Normal Traffic,2
2026-01-23 15:33:46,6748,qbittorrent,0.999998,Normal Traffic,2
2026-01-23 15:33:46,20224,SchildiChatAlpha,0.999998,Normal Traffic,9
2026-01-23 15:33:49,27376,Code,0.999980,Normal Traffic,9
2026-01-23 15:33:51,6748,qbittorrent,0.999999,Normal Traffic,1
2026-01-23 15:33:54,22292,brave,0.999997,Normal Traffic,27
2026-01-23 15:33:56,6748,qbittorrent,0.999998,Normal Traffic,2
2026-01-23 15:33:56,25188,Telegram,0.393311,DoS,3
2026-01-23 15:33:58,27376,Code,0.999998,Normal Traffic,28
2026-01-23 15:34:00,16272,Hiddify,0.999995,Normal Traffic,16
2026-01-23 15:34:01,16272,Hiddify,0.999977,Normal Traffic,283
2026-01-23 15:34:01,6748,qbittorrent,0.999998,Normal Traffic,2
2026-01-23 15:34:02,16272,Hiddify,0.999992,Normal Traffic,40
2026-01-23 15:34:02,16272,Hiddify,0.999994,Normal Traffic,78
2026-01-23 15:34:02,16272,Hiddify,0.999994,Normal Traffic,39
2026-01-23 15:34:04,27376,Code,0.999959,Normal Traffic,18
2026-01-23 15:34:04,10484,svchost,0.999997,Normal Traffic,2
2026-01-23 15:34:05,11156,gamingservices,0.999997,Normal Traffic,9
2026-01-23 15:34:06,16272,Hiddify,0.999997,Normal Traffic,4
2026-01-23 15:34:06,16272,Hiddify,1.000000,Normal Traffic,86
2026-01-23 15:34:06,6132,svchost,0.999997,Normal Traffic,11
2026-01-23 15:34:06,16272,Hiddify,1.000000,Normal Traffic,19
2026-01-23 15:34:06,16272,Hiddify,0.999976,Normal Traffic,63
2026-01-23 15:34:06,6748,qbittorrent,0.999998,Normal Traffic,2
2026-01-23 15:34:06,16272,Hiddify,0.999999,Normal Traffic,2
2026-01-23 15:34:06,16272,Hiddify,0.999998,Normal Traffic,1
2026-01-23 15:34:06,16272,Hiddify,0.999997,Normal Traffic,2
2026-01-23 15:34:06,16272,Hiddify,0.999998,Normal Traffic,2
2026-01-23 15:34:08,22292,brave,0.999998,Normal Traffic,7
2026-01-23 15:34:11,6748,qbittorrent,0.999998,Normal Traffic,2
2026-01-23 15:34:13,10832,warp-svc,0.999998,Normal Traffic,2
2026-01-23 15:34:16,6748,qbittorrent,0.999999,Normal Traffic,1
2026-01-23 15:34:16,20224,SchildiChatAlpha,0.999998,Normal Traffic,6
2026-01-23 15:34:18,16272,Hiddify,0.223664,DoS,2
2026-01-23 15:34:18,26708,lgc,0.201061,DoS,2
2026-01-23 15:34:20,2400,svchost,0.999980,Normal Traffic,24
2026-01-23 15:34:20,16272,Hiddify,0.999882,Normal Traffic,84
2026-01-23 15:34:20,2400,svchost,0.999999,Normal Traffic,14
2026-01-23 15:34:21,6748,qbittorrent,0.999997,Normal Traffic,2
2026-01-23 15:34:21,25188,Telegram,0.291775,DoS,3
2026-01-23 15:34:25,25188,Telegram,0.999998,Normal Traffic,6
2026-01-23 15:34:26,22292,brave,0.999999,Normal Traffic,307
2026-01-23 15:34:26,27376,Code,0.999987,Normal Traffic,7
2026-01-23 15:34:26,6748,qbittorrent,0.999999,Normal Traffic,2
2026-01-23 15:34:27,22292,brave,0.999996,Normal Traffic,19
2026-01-23 15:34:29,20220,WINWORD,0.999998,Normal Traffic,1
2026-01-23 15:34:31,6748,qbittorrent,1.000000,Normal Traffic,1
2026-01-23 15:34:35,22292,brave,0.999995,Normal Traffic,21
2026-01-23 15:34:36,6748,qbittorrent,0.999998,Normal Traffic,2
2026-01-23 15:34:41,6748,qbittorrent,0.999998,Normal Traffic,2
2026-01-23 15:34:46,6748,qbittorrent,0.999999,Normal Traffic,2
2026-01-23 15:34:46,20224,SchildiChatAlpha,0.999998,Normal Traffic,9
2026-01-23 15:34:46,2400,svchost,0.999998,Normal Traffic,4
2026-01-23 15:34:46,25188,Telegram,0.211245,DoS,3
2026-01-23 15:34:49,6132,svchost,0.999997,Normal Traffic,12
2026-01-23 15:34:50,2400,svchost,0.997225,Normal Traffic,6
2026-01-23 15:34:50,16272,Hiddify,0.999914,Normal Traffic,12
2026-01-23 15:34:51,20220,WINWORD,0.999997,Normal Traffic,7
2026-01-23 15:34:51,6748,qbittorrent,0.999998,Normal Traffic,2
2026-01-23 15:34:56,6748,qbittorrent,0.999994,Normal Traffic,2
2026-01-23 15:35:01,6748,qbittorrent,0.999996,Normal Traffic,2
2026-01-23 15:35:04,12672,Code,0.999998,Normal Traffic,1
2026-01-23 15:35:04,10484,svchost,0.999994,Normal Traffic,2
2026-01-23 15:35:05,22292,brave,0.999997,Normal Traffic,6
2026-01-23 15:35:06,22292,brave,0.999999,Normal Traffic,18
2026-01-23 15:35:06,6748,qbittorrent,1.000000,Normal Traffic,1
2026-01-23 15:35:10,25188,Telegram,0.999997,Normal Traffic,7
2026-01-23 15:35:11,6748,qbittorrent,1.000000,Normal Traffic,1
2026-01-23 15:35:12,10832,warp-svc,0.999999,Normal Traffic,2
2026-01-23 15:35:13,25188,Telegram,0.999999,Normal Traffic,13
2026-01-23 15:35:16,6748,qbittorrent,0.999998,Normal Traffic,2
2026-01-23 15:35:17,20224,SchildiChatAlpha,0.999998,Normal Traffic,5
2026-01-23 15:35:21,6748,qbittorrent,0.999998,Normal Traffic,2
2026-01-23 15:35:23,2400,svchost,0.999501,Normal Traffic,2
2026-01-23 15:35:23,2400,svchost,0.999998,Normal Traffic,4
2026-01-23 15:35:23,16272,Hiddify,0.999922,Normal Traffic,4
2026-01-23 15:35:26,6748,qbittorrent,0.999998,Normal Traffic,2
2026-01-23 15:35:31,6748,qbittorrent,0.999993,Normal Traffic,2
2026-01-23 15:35:32,22292,brave,0.999996,Normal Traffic,648
2026-01-23 15:35:32,22292,brave,0.999999,Normal Traffic,9
2026-01-23 15:35:36,22292,brave,0.999997,Normal Traffic,6
2026-01-23 15:35:36,6748,qbittorrent,0.999999,Normal Traffic,2
2026-01-23 15:35:41,6748,qbittorrent,0.999998,Normal Traffic,2
2026-01-23 15:35:46,6748,qbittorrent,0.999998,Normal Traffic,2
2026-01-23 15:35:47,20224,SchildiChatAlpha,0.999997,Normal Traffic,10
2026-01-23 15:35:51,6748,qbittorrent,0.999998,Normal Traffic,2
2026-01-23 15:35:55,25188,Telegram,0.999992,Normal Traffic,4
2026-01-23 15:35:56,6748,qbittorrent,0.999997,Normal Traffic,1
2026-01-23 15:36:01,6748,qbittorrent,0.999995,Normal Traffic,2
2026-01-23 15:36:03,25188,Telegram,0.999883,Normal Traffic,19
2026-01-23 15:36:04,2400,svchost,0.998157,Normal Traffic,4
2026-01-23 15:36:04,10484,svchost,0.999993,Normal Traffic,2
2026-01-23 15:36:05,16272,Hiddify,0.999806,Normal Traffic,10
2026-01-23 15:36:05,2400,svchost,1.000000,Normal Traffic,3
2026-01-23 15:36:05,22292,brave,0.999999,Normal Traffic,2
2026-01-23 15:36:06,22292,brave,0.999996,Normal Traffic,6
2026-01-23 15:36:06,6748,qbittorrent,0.999999,Normal Traffic,2
2026-01-23 15:36:08,27376,Code,0.999966,Normal Traffic,8
2026-01-23 15:36:11,6748,qbittorrent,0.999997,Normal Traffic,2
2026-01-23 15:36:14,10832,warp-svc,0.999997,Normal Traffic,2
2026-01-23 15:36:16,6748,qbittorrent,0.999997,Normal Traffic,2
2026-01-23 15:36:17,20224,SchildiChatAlpha,0.999998,Normal Traffic,5
2026-01-23 15:36:21,6748,qbittorrent,0.999986,Normal Traffic,2
2026-01-23 15:36:21,20220,WINWORD,1.000000,Normal Traffic,1
2026-01-23 15:36:26,6748,qbittorrent,0.999996,Normal Traffic,2
2026-01-23 15:36:27,2400,svchost,0.999222,Normal Traffic,4
2026-01-23 15:36:27,16272,Hiddify,0.998745,Normal Traffic,12
2026-01-23 15:36:27,2400,svchost,0.999996,Normal Traffic,4
2026-01-23 15:36:28,25188,Telegram,1.000000,Normal Traffic,13
2026-01-23 15:36:28,6132,svchost,0.999997,Normal Traffic,12
2026-01-23 15:36:29,22292,brave,0.999995,Normal Traffic,22
2026-01-23 15:36:30,25188,Telegram,0.999996,Normal Traffic,5
2026-01-23 15:36:31,6748,qbittorrent,0.999997,Normal Traffic,2
2026-01-23 15:36:36,6748,qbittorrent,0.999999,Normal Traffic,2
2026-01-23 15:36:36,22292,brave,0.999997,Normal Traffic,6
2026-01-23 15:36:41,6748,qbittorrent,0.999999,Normal Traffic,2
2026-01-23 15:36:46,6748,qbittorrent,0.999999,Normal Traffic,1
2026-01-23 15:36:47,20224,SchildiChatAlpha,0.999995,Normal Traffic,10
2026-01-23 15:36:51,22292,brave,0.999997,Normal Traffic,29
2026-01-23 15:36:51,6748,qbittorrent,0.999996,Normal Traffic,2
2026-01-23 15:36:52,22292,brave,0.999999,Normal Traffic,59
2026-01-23 15:36:56,6748,qbittorrent,0.999998,Normal Traffic,2
2026-01-23 15:37:01,6748,qbittorrent,0.999985,Normal Traffic,2
2026-01-23 15:37:03,12672,Code,0.999999,Normal Traffic,12
2026-01-23 15:37:03,2400,svchost,0.999999,Normal Traffic,3
2026-01-23 15:37:04,12672,Code,0.999998,Normal Traffic,9
2026-01-23 15:37:04,10484,svchost,0.999993,Normal Traffic,2
2026-01-23 15:37:05,12672,Code,0.999999,Normal Traffic,26
2026-01-23 15:37:06,6748,qbittorrent,0.999952,Normal Traffic,2
2026-01-23 15:37:06,22292,brave,0.999997,Normal Traffic,6
2026-01-23 15:37:07,27376,Code,0.999992,Normal Traffic,10
2026-01-23 15:37:11,6748,qbittorrent,0.999990,Normal Traffic,2
2026-01-23 15:37:12,10832,warp-svc,0.999999,Normal Traffic,2
2026-01-23 15:37:14,25188,Telegram,0.999996,Normal Traffic,6
2026-01-23 15:37:16,6748,qbittorrent,0.999989,Normal Traffic,2
2026-01-23 15:37:17,20224,SchildiChatAlpha,0.999998,Normal Traffic,5
2026-01-23 15:37:18,25188,Telegram,0.999847,Normal Traffic,19
2026-01-23 15:37:20,27376,Code,0.999959,Normal Traffic,8
2026-01-23 15:37:21,6748,qbittorrent,0.999988,Normal Traffic,2
2026-01-23 15:37:26,6748,qbittorrent,0.999991,Normal Traffic,2
2026-01-23 15:37:29,2400,svchost,1.000000,Normal Traffic,20
2026-01-23 15:37:31,6748,qbittorrent,0.999998,Normal Traffic,2
2026-01-23 15:37:33,12672,Code,0.999991,Normal Traffic,2
2026-01-23 15:37:36,6748,qbittorrent,0.999986,Normal Traffic,2
2026-01-23 15:37:37,22292,brave,0.999997,Normal Traffic,6
2026-01-23 15:37:41,6748,qbittorrent,0.999977,Normal Traffic,2
2026-01-23 15:37:44,25188,Telegram,0.996113,Normal Traffic,6
2026-01-23 15:37:46,6748,qbittorrent,0.999988,Normal Traffic,2
2026-01-23 15:37:48,20224,SchildiChatAlpha,0.999997,Normal Traffic,11
2026-01-23 15:37:49,22292,brave,1.000000,Normal Traffic,31
2026-01-23 15:37:51,2400,svchost,0.999994,Normal Traffic,17
2026-01-23 15:37:51,16272,Hiddify,0.999961,Normal Traffic,74
2026-01-23 15:37:51,2400,svchost,1.000000,Normal Traffic,3
2026-01-23 15:37:51,6748,qbittorrent,1.000000,Normal Traffic,1
2026-01-23 15:37:52,12672,Code,0.999998,Normal Traffic,9
2026-01-23 15:37:56,6748,qbittorrent,0.999997,Normal Traffic,2
2026-01-23 15:37:58,16272,Hiddify,0.999992,Normal Traffic,3000
2026-01-23 15:38:02,6748,qbittorrent,0.999989,Normal Traffic,2
2026-01-23 15:38:02,16272,Hiddify,0.999974,Normal Traffic,3000
2026-01-23 15:38:05,10484,svchost,0.999994,Normal Traffic,2
2026-01-23 15:38:07,6748,qbittorrent,0.999996,Normal Traffic,2
2026-01-23 15:38:08,22292,brave,0.999996,Normal Traffic,6
2026-01-23 15:38:10,25188,Telegram,0.999998,Normal Traffic,8
2026-01-23 15:38:10,25188,Telegram,0.996876,Normal Traffic,6
2026-01-23 15:38:12,6748,qbittorrent,0.999990,Normal Traffic,2
2026-01-23 15:38:12,2400,svchost,0.979031,Normal Traffic,2
2026-01-23 15:38:14,16272,Hiddify,0.999997,Normal Traffic,40
2026-01-23 15:38:14,16272,Hiddify,0.999998,Normal Traffic,13
2026-01-23 15:38:14,16272,Hiddify,0.999982,Normal Traffic,3000
2026-01-23 15:38:15,16272,Hiddify,0.999995,Normal Traffic,11
2026-01-23 15:38:17,6748,qbittorrent,0.999999,Normal Traffic,2
2026-01-23 15:38:19,20224,SchildiChatAlpha,0.999998,Normal Traffic,5
2026-01-23 15:38:20,16272,Hiddify,0.999965,Normal Traffic,3000
2026-01-23 15:38:22,16272,Hiddify,0.999997,Normal Traffic,15
2026-01-23 15:38:23,6748,qbittorrent,0.999990,Normal Traffic,4
2026-01-23 15:38:27,6748,qbittorrent,0.999998,Normal Traffic,2
2026-01-23 15:38:28,16272,Hiddify,0.999995,Normal Traffic,18
2026-01-23 15:38:30,16272,Hiddify,0.999997,Normal Traffic,20
2026-01-23 15:38:31,22292,brave,0.999996,Normal Traffic,23
2026-01-23 15:38:35,25188,Telegram,0.997661,Normal Traffic,6
2026-01-23 15:38:36,17968,ExitedProcess,0.999996,Normal Traffic,9
2026-01-23 15:38:37,6748,qbittorrent,0.999998,Normal Traffic,2
2026-01-23 15:38:38,22292,brave,0.999997,Normal Traffic,16
2026-01-23 15:38:42,16272,Hiddify,0.999979,Normal Traffic,3000
2026-01-23 15:38:42,16272,Hiddify,0.999968,Normal Traffic,4
2026-01-23 15:38:43,6748,qbittorrent,0.999999,Normal Traffic,4
2026-01-23 15:38:46,6748,qbittorrent,0.999971,Normal Traffic,4
2026-01-23 15:38:47,6748,qbittorrent,1.000000,Normal Traffic,1
2026-01-23 15:38:49,20224,SchildiChatAlpha,0.999997,Normal Traffic,9
2026-01-23 15:38:51,11268,SDXHelper,0.999999,Normal Traffic,47
2026-01-23 15:38:53,6748,qbittorrent,0.999999,Normal Traffic,2
2026-01-23 15:38:54,22292,brave,0.999995,Normal Traffic,107
2026-01-23 15:38:55,22292,brave,0.999997,Normal Traffic,35
2026-01-23 15:38:56,25188,Telegram,0.999997,Normal Traffic,6
2026-01-23 15:38:57,6748,qbittorrent,1.000000,Normal Traffic,1
2026-01-23 15:39:00,25188,Telegram,0.996346,Normal Traffic,6
2026-01-23 15:39:02,6748,qbittorrent,0.999997,Normal Traffic,2
2026-01-23 15:39:02,16272,Hiddify,0.999967,Normal Traffic,4
2026-01-23 15:39:02,16272,Hiddify,0.999982,Normal Traffic,3000
2026-01-23 15:39:05,11156,gamingservices,0.999996,Normal Traffic,10
2026-01-23 15:39:05,10484,svchost,0.999983,Normal Traffic,2
2026-01-23 15:39:05,12672,Code,0.999997,Normal Traffic,2
2026-01-23 15:39:06,12672,Code,0.999996,Normal Traffic,2
2026-01-23 15:39:07,6748,qbittorrent,0.999999,Normal Traffic,1
2026-01-23 15:39:09,22292,brave,0.999997,Normal Traffic,6
2026-01-23 15:39:12,2400,svchost,1.000000,Normal Traffic,12
2026-01-23 15:39:12,6748,qbittorrent,0.999995,Normal Traffic,2
2026-01-23 15:39:13,10832,warp-svc,0.999998,Normal Traffic,2
2026-01-23 15:39:17,6748,qbittorrent,1.000000,Normal Traffic,1
2026-01-23 15:39:18,23592,taskhostw,0.999997,Normal Traffic,20
2026-01-23 15:39:18,16272,Hiddify,0.004405,DoS,2
2026-01-23 15:39:18,26708,lgc,0.217383,DoS,2
2026-01-23 15:39:19,16272,Hiddify,0.999999,Normal Traffic,105
2026-01-23 15:39:19,20224,SchildiChatAlpha,0.999997,Normal Traffic,5
2026-01-23 15:39:22,6748,qbittorrent,0.999999,Normal Traffic,2
2026-01-23 15:39:22,16272,Hiddify,0.999961,Normal Traffic,4
2026-01-23 15:39:25,25188,Telegram,0.998895,Normal Traffic,6
2026-01-23 15:39:27,6748,qbittorrent,0.999999,Normal Traffic,1
2026-01-23 15:39:32,6748,qbittorrent,0.999998,Normal Traffic,2
2026-01-23 15:39:34,16272,Hiddify,0.999983,Normal Traffic,3000
2026-01-23 15:39:37,6748,qbittorrent,0.999999,Normal Traffic,1
2026-01-23 15:39:39,22292,brave,0.999998,Normal Traffic,19
2026-01-23 15:39:39,22292,brave,0.999996,Normal Traffic,5
2026-01-23 15:39:40,25188,Telegram,0.999963,Normal Traffic,3
2026-01-23 15:39:41,16272,Hiddify,1.000000,Normal Traffic,13
2026-01-23 15:39:42,6748,qbittorrent,0.999995,Normal Traffic,4
2026-01-23 15:39:44,16272,Hiddify,0.999962,Normal Traffic,4
2026-01-23 15:39:47,16272,Hiddify,0.999995,Normal Traffic,14
2026-01-23 15:39:47,6748,qbittorrent,0.999998,Normal Traffic,1
2026-01-23 15:39:50,16272,Hiddify,0.999958,Normal Traffic,88
2026-01-23 15:39:50,2400,svchost,0.982268,Normal Traffic,20
2026-01-23 15:39:50,2400,svchost,0.999990,Normal Traffic,5
2026-01-23 15:39:50,25188,Telegram,0.995971,Normal Traffic,6
2026-01-23 15:39:50,20224,SchildiChatAlpha,0.999998,Normal Traffic,9
2026-01-23 15:39:51,6748,qbittorrent,1.000000,Normal Traffic,1
2026-01-23 15:39:54,16272,Hiddify,0.999990,Normal Traffic,288
2026-01-23 15:39:56,16272,Hiddify,0.999992,Normal Traffic,11
2026-01-23 15:39:57,6748,qbittorrent,0.999998,Normal Traffic,2
2026-01-23 15:39:58,16272,Hiddify,0.999986,Normal Traffic,3000
2026-01-23 15:40:02,6748,qbittorrent,0.999998,Normal Traffic,2
2026-01-23 15:40:04,16272,Hiddify,0.999985,Normal Traffic,4
2026-01-23 15:40:05,10484,svchost,0.999993,Normal Traffic,2
2026-01-23 15:40:06,12672,Code,0.999998,Normal Traffic,1
2026-01-23 15:40:07,6748,qbittorrent,0.999998,Normal Traffic,2
2026-01-23 15:40:09,22292,brave,0.999997,Normal Traffic,6
2026-01-23 15:40:12,6748,qbittorrent,0.999998,Normal Traffic,2
2026-01-23 15:40:12,2400,svchost,0.983130,Normal Traffic,2
2026-01-23 15:40:12,2400,svchost,0.999963,Normal Traffic,2
2026-01-23 15:40:12,16272,Hiddify,0.999184,Normal Traffic,2
2026-01-23 15:40:13,10832,warp-svc,0.999999,Normal Traffic,2
2026-01-23 15:40:15,25188,Telegram,0.996744,Normal Traffic,6
2026-01-23 15:40:17,6748,qbittorrent,0.999999,Normal Traffic,2
2026-01-23 15:40:18,16272,Hiddify,0.999962,Normal Traffic,3000
2026-01-23 15:40:20,16272,Hiddify,0.999956,Normal Traffic,8
2026-01-23 15:40:20,20224,SchildiChatAlpha,0.999998,Normal Traffic,5
2026-01-23 15:40:22,6748,qbittorrent,0.999999,Normal Traffic,2
2026-01-23 15:40:24,16272,Hiddify,0.999951,Normal Traffic,5
2026-01-23 15:40:25,25188,Telegram,0.999997,Normal Traffic,8
2026-01-23 15:40:27,6748,qbittorrent,0.999997,Normal Traffic,2
2026-01-23 15:40:32,22292,brave,0.999996,Normal Traffic,18
2026-01-23 15:40:32,6748,qbittorrent,0.999998,Normal Traffic,2
2026-01-23 15:40:32,22292,brave,0.999996,Normal Traffic,18
2026-01-23 15:40:34,16272,Hiddify,0.999984,Normal Traffic,3000
2026-01-23 15:40:37,6748,qbittorrent,0.999999,Normal Traffic,2
2026-01-23 15:40:37,2400,svchost,0.999992,Normal Traffic,1
2026-01-23 15:40:39,22292,brave,0.999997,Normal Traffic,6
2026-01-23 15:40:41,25188,Telegram,0.998263,Normal Traffic,6
2026-01-23 15:40:42,6748,qbittorrent,0.999969,Normal Traffic,2
2026-01-23 15:40:44,16272,Hiddify,0.999964,Normal Traffic,4
2026-01-23 15:40:47,6748,qbittorrent,0.999999,Normal Traffic,2
2026-01-23 15:40:50,2400,svchost,0.999974,Normal Traffic,4
2026-01-23 15:40:50,16272,Hiddify,0.999884,Normal Traffic,14
2026-01-23 15:40:50,2400,svchost,0.999999,Normal Traffic,3
2026-01-23 15:40:50,20224,SchildiChatAlpha,0.999998,Normal Traffic,9
2026-01-23 15:40:51,6748,qbittorrent,0.999998,Normal Traffic,2
2026-01-23 15:40:55,16272,Hiddify,0.999976,Normal Traffic,3000
2026-01-23 15:40:57,6748,qbittorrent,0.999999,Normal Traffic,2
2026-01-23 15:41:02,6748,qbittorrent,0.999999,Normal Traffic,2
2026-01-23 15:41:04,16272,Hiddify,0.999954,Normal Traffic,4
2026-01-23 15:41:05,10484,svchost,0.999993,Normal Traffic,2
2026-01-23 15:41:06,25188,Telegram,0.996545,Normal Traffic,6
2026-01-23 15:41:07,6748,qbittorrent,0.999999,Normal Traffic,2
2026-01-23 15:41:09,22292,brave,0.999997,Normal Traffic,6
2026-01-23 15:41:10,25188,Telegram,0.999998,Normal Traffic,7
2026-01-23 15:41:10,22292,brave,0.999999,Normal Traffic,19
2026-01-23 15:41:12,6748,qbittorrent,0.999979,Normal Traffic,2
2026-01-23 15:41:13,10832,warp-svc,0.999999,Normal Traffic,2
2026-01-23 15:41:16,16272,Hiddify,0.999976,Normal Traffic,3000
2026-01-23 15:41:17,6748,qbittorrent,0.999998,Normal Traffic,2
2026-01-23 15:41:20,16272,Hiddify,0.999991,Normal Traffic,4
2026-01-23 15:41:20,20224,SchildiChatAlpha,0.999997,Normal Traffic,5
2026-01-23 15:41:22,6748,qbittorrent,0.999999,Normal Traffic,2
2026-01-23 15:41:25,16272,Hiddify,0.999962,Normal Traffic,4
2026-01-23 15:41:27,6748,qbittorrent,0.999999,Normal Traffic,2
2026-01-23 15:41:32,6748,qbittorrent,0.999999,Normal Traffic,2
2026-01-23 15:41:33,16272,Hiddify,0.999966,Normal Traffic,3000
2026-01-23 15:41:36,6748,qbittorrent,0.999995,Normal Traffic,2
2026-01-23 15:41:38,2400,svchost,0.999992,Normal Traffic,1
2026-01-23 15:41:40,22292,brave,0.999997,Normal Traffic,6
2026-01-23 15:41:42,6748,qbittorrent,0.999982,Normal Traffic,2
2026-01-23 15:41:45,16272,Hiddify,0.999959,Normal Traffic,4
2026-01-23 15:41:45,25188,Telegram,0.999640,Normal Traffic,2
2026-01-23 15:41:47,6748,qbittorrent,0.999999,Normal Traffic,2
2026-01-23 15:41:50,22292,brave,1.000000,Normal Traffic,18
2026-01-23 15:41:50,16272,Hiddify,0.999982,Normal Traffic,3000
2026-01-23 15:41:51,2400,svchost,0.999985,Normal Traffic,4
2026-01-23 15:41:51,16272,Hiddify,0.999880,Normal Traffic,14
2026-01-23 15:41:51,2400,svchost,0.999990,Normal Traffic,4
2026-01-23 15:41:51,20224,SchildiChatAlpha,0.999998,Normal Traffic,10
2026-01-23 15:41:51,16272,Hiddify,0.999996,Normal Traffic,6
2026-01-23 15:41:51,22292,brave,0.999997,Normal Traffic,6
2026-01-23 15:41:52,6748,qbittorrent,0.999993,Normal Traffic,2
2026-01-23 15:41:56,25188,Telegram,0.999873,Normal Traffic,19
2026-01-23 15:41:57,6748,qbittorrent,0.999998,Normal Traffic,2
2026-01-23 15:42:02,6748,qbittorrent,0.999997,Normal Traffic,2
2026-01-23 15:42:04,10484,svchost,0.999993,Normal Traffic,2
2026-01-23 15:42:05,16272,Hiddify,0.999992,Normal Traffic,4
2026-01-23 15:42:07,6748,qbittorrent,0.999994,Normal Traffic,2
2026-01-23 15:42:10,22292,brave,0.999996,Normal Traffic,5
2026-01-23 15:42:10,16272,Hiddify,0.999976,Normal Traffic,3000
2026-01-23 15:42:12,6748,qbittorrent,0.999998,Normal Traffic,2
2026-01-23 15:42:13,10832,warp-svc,0.999999,Normal Traffic,2
2026-01-23 15:42:15,2400,svchost,0.994623,Normal Traffic,2
2026-01-23 15:42:15,16272,Hiddify,0.998830,Normal Traffic,6
2026-01-23 15:42:15,2400,svchost,0.999997,Normal Traffic,3
2026-01-23 15:42:17,6748,qbittorrent,0.999999,Normal Traffic,2
2026-01-23 15:42:20,25188,Telegram,0.999997,Normal Traffic,6
2026-01-23 15:42:20,16272,Hiddify,0.999988,Normal Traffic,4
2026-01-23 15:42:21,25188,Telegram,0.998750,Normal Traffic,6
2026-01-23 15:42:21,20224,SchildiChatAlpha,0.999998,Normal Traffic,5
2026-01-23 15:42:22,6748,qbittorrent,0.999999,Normal Traffic,2
2026-01-23 15:42:25,16272,Hiddify,0.999989,Normal Traffic,3000
2026-01-23 15:42:25,16272,Hiddify,0.999995,Normal Traffic,5
2026-01-23 15:42:27,6748,qbittorrent,0.999999,Normal Traffic,2
2026-01-23 15:42:31,16272,Hiddify,0.999975,Normal Traffic,3000
2026-01-23 15:42:33,16272,Hiddify,0.999997,Normal Traffic,4
2026-01-23 15:42:34,22292,brave,0.999997,Normal Traffic,22
2026-01-23 15:42:36,6748,qbittorrent,0.999994,Normal Traffic,2
2026-01-23 15:42:37,6748,qbittorrent,0.999998,Normal Traffic,2
2026-01-23 15:42:40,22292,brave,0.999997,Normal Traffic,6
2026-01-23 15:42:42,6748,qbittorrent,0.999999,Normal Traffic,2
2026-01-23 15:42:45,16272,Hiddify,0.999994,Normal Traffic,7
2026-01-23 15:42:46,25188,Telegram,0.998540,Normal Traffic,6
2026-01-23 15:42:47,25188,Telegram,0.999988,Normal Traffic,4
2026-01-23 15:42:47,6748,qbittorrent,0.999998,Normal Traffic,2
2026-01-23 15:42:50,22292,brave,1.000000,Normal Traffic,40
2026-01-23 15:42:51,22292,brave,0.999996,Normal Traffic,29
2026-01-23 15:42:51,20224,SchildiChatAlpha,0.999998,Normal Traffic,9
2026-01-23 15:42:52,6748,qbittorrent,0.999999,Normal Traffic,2
2026-01-23 15:42:54,16272,Hiddify,0.999973,Normal Traffic,3000
2026-01-23 15:42:54,12672,Code,0.999998,Normal Traffic,9
2026-01-23 15:42:55,2400,svchost,0.995937,Normal Traffic,10
2026-01-23 15:42:55,16272,Hiddify,0.999718,Normal Traffic,28
2026-01-23 15:42:55,2400,svchost,0.999998,Normal Traffic,9
2026-01-23 15:42:56,16272,Hiddify,0.999998,Normal Traffic,1
2026-01-23 15:42:56,22292,brave,0.999998,Normal Traffic,1
2026-01-23 15:42:57,6748,qbittorrent,0.999999,Normal Traffic,2
2026-01-23 15:43:02,6748,qbittorrent,0.999999,Normal Traffic,2
2026-01-23 15:43:04,10484,svchost,0.999992,Normal Traffic,2
2026-01-23 15:43:05,16272,Hiddify,0.999990,Normal Traffic,4
2026-01-23 15:43:07,6748,qbittorrent,0.999983,Normal Traffic,2
2026-01-23 15:43:10,22292,brave,0.999996,Normal Traffic,6
2026-01-23 15:43:12,25188,Telegram,0.998148,Normal Traffic,6
2026-01-23 15:43:12,6748,qbittorrent,0.999999,Normal Traffic,2
2026-01-23 15:43:12,10832,warp-svc,0.999999,Normal Traffic,2
2026-01-23 15:43:14,16272,Hiddify,0.999975,Normal Traffic,3000
2026-01-23 15:43:14,25188,Telegram,0.999592,Normal Traffic,5
2026-01-23 15:43:14,25188,Telegram,1.000000,Normal Traffic,7
2026-01-23 15:43:16,6748,qbittorrent,0.999991,Normal Traffic,2
2026-01-23 15:43:19,16272,Hiddify,0.999999,Normal Traffic,6
2026-01-23 15:43:19,16272,Hiddify,0.999999,Normal Traffic,1
2026-01-23 15:43:21,20224,SchildiChatAlpha,0.999997,Normal Traffic,5
2026-01-23 15:43:21,6748,qbittorrent,0.999994,Normal Traffic,2
2026-01-23 15:43:26,16272,Hiddify,0.999990,Normal Traffic,4
2026-01-23 15:43:26,6748,qbittorrent,0.999994,Normal Traffic,2
2026-01-23 15:43:32,6748,qbittorrent,0.999999,Normal Traffic,2
2026-01-23 15:43:36,6748,qbittorrent,0.999996,Normal Traffic,2
2026-01-23 15:43:37,25188,Telegram,0.998451,Normal Traffic,6
2026-01-23 15:43:40,25188,Telegram,0.999997,Normal Traffic,8
2026-01-23 15:43:41,22292,brave,0.999997,Normal Traffic,6
2026-01-23 15:43:42,6748,qbittorrent,0.999999,Normal Traffic,2
2026-01-23 15:43:45,16272,Hiddify,0.999920,Normal Traffic,8
2026-01-23 15:43:45,16272,Hiddify,0.999958,Normal Traffic,25
2026-01-23 15:43:46,22292,brave,1.000000,Normal Traffic,72
2026-01-23 15:43:46,6748,qbittorrent,1.000000,Normal Traffic,1
2026-01-23 15:43:46,16272,Hiddify,0.999979,Normal Traffic,3000
2026-01-23 15:43:51,16272,Hiddify,0.999972,Normal Traffic,4
2026-01-23 15:43:51,6748,qbittorrent,1.000000,Normal Traffic,1
2026-01-23 15:43:52,20224,SchildiChatAlpha,0.999998,Normal Traffic,9
2026-01-23 15:43:56,6748,qbittorrent,0.999999,Normal Traffic,1
2026-01-23 15:44:01,6748,qbittorrent,1.000000,Normal Traffic,1
2026-01-23 15:44:02,25188,Telegram,0.998565,Normal Traffic,6
2026-01-23 15:44:04,10484,svchost,0.999992,Normal Traffic,2
2026-01-23 15:44:05,11156,gamingservices,0.999996,Normal Traffic,10
2026-01-23 15:44:06,6748,qbittorrent,1.000000,Normal Traffic,1
2026-01-23 15:44:09,16272,Hiddify,0.999838,Normal Traffic,7
2026-01-23 15:44:10,16272,Hiddify,0.999983,Normal Traffic,3000
2026-01-23 15:44:11,22292,brave,0.999997,Normal Traffic,6
2026-01-23 15:44:11,6748,qbittorrent,1.000000,Normal Traffic,1
2026-01-23 15:44:12,2400,svchost,1.000000,Normal Traffic,7
2026-01-23 15:44:12,10832,warp-svc,0.999999,Normal Traffic,2
2026-01-23 15:44:16,6748,qbittorrent,1.000000,Normal Traffic,1
2026-01-23 15:44:18,2400,svchost,0.991106,Normal Traffic,12
2026-01-23 15:44:18,16272,Hiddify,0.999949,Normal Traffic,30
2026-01-23 15:44:18,16272,Hiddify,0.005230,DoS,2
2026-01-23 15:44:18,26708,lgc,0.271383,DoS,2
2026-01-23 15:44:21,6748,qbittorrent,1.000000,Normal Traffic,1
2026-01-23 15:44:22,20224,SchildiChatAlpha,0.999997,Normal Traffic,6
2026-01-23 15:44:25,25188,Telegram,0.999995,Normal Traffic,3
2026-01-23 15:44:27,25188,Telegram,0.996297,Normal Traffic,6
2026-01-23 15:44:27,6748,qbittorrent,0.999998,Normal Traffic,2
2026-01-23 15:44:27,16272,Hiddify,0.999963,Normal Traffic,4
2026-01-23 15:44:31,16272,Hiddify,0.999973,Normal Traffic,3000
2026-01-23 15:44:31,6748,qbittorrent,0.999925,Normal Traffic,2
2026-01-23 15:44:32,16272,Hiddify,0.999987,Normal Traffic,28
2026-01-23 15:44:35,22292,brave,0.999997,Normal Traffic,18
2026-01-23 15:44:37,6748,qbittorrent,0.999997,Normal Traffic,2
2026-01-23 15:44:41,22292,brave,0.999996,Normal Traffic,6
2026-01-23 15:44:42,6748,qbittorrent,0.999974,Normal Traffic,2
2026-01-23 15:44:45,16272,Hiddify,0.999994,Normal Traffic,1
2026-01-23 15:44:47,16272,Hiddify,0.999992,Normal Traffic,4
2026-01-23 15:44:47,6748,qbittorrent,0.999996,Normal Traffic,2
2026-01-23 15:44:50,22292,brave,0.999997,Normal Traffic,30
2026-01-23 15:44:51,22292,brave,1.000000,Normal Traffic,40
2026-01-23 15:44:52,25188,Telegram,0.998621,Normal Traffic,6
2026-01-23 15:44:52,6748,qbittorrent,0.999996,Normal Traffic,2
2026-01-23 15:44:52,20224,SchildiChatAlpha,0.999998,Normal Traffic,9
2026-01-23 15:44:55,16272,Hiddify,0.999981,Normal Traffic,3000
2026-01-23 15:44:56,6132,svchost,0.999986,Normal Traffic,13
2026-01-23 15:44:57,6748,qbittorrent,0.999995,Normal Traffic,2
2026-01-23 15:45:00,25188,Telegram,0.999996,Normal Traffic,5
2026-01-23 15:45:02,6748,qbittorrent,0.999994,Normal Traffic,2
2026-01-23 15:45:04,10484,svchost,0.999992,Normal Traffic,2
2026-01-23 15:45:07,6748,qbittorrent,0.999996,Normal Traffic,2
2026-01-23 15:45:07,16272,Hiddify,0.999971,Normal Traffic,4
2026-01-23 15:45:07,12672,Code,0.999998,Normal Traffic,1
2026-01-23 15:45:11,22292,brave,0.999997,Normal Traffic,6
2026-01-23 15:45:12,2400,svchost,0.996698,Normal Traffic,8
2026-01-23 15:45:12,16272,Hiddify,0.999941,Normal Traffic,24
2026-01-23 15:45:12,2400,svchost,1.000000,Normal Traffic,7
2026-01-23 15:45:12,22292,brave,1.000000,Normal Traffic,17
2026-01-23 15:45:12,6748,qbittorrent,0.999969,Normal Traffic,2
2026-01-23 15:45:16,10832,warp-svc,1.000000,Normal Traffic,3
2026-01-23 15:45:17,25188,Telegram,0.999713,Normal Traffic,6
2026-01-23 15:45:17,6748,qbittorrent,0.999997,Normal Traffic,2
2026-01-23 15:45:18,16272,Hiddify,0.999983,Normal Traffic,3000
2026-01-23 15:45:22,6748,qbittorrent,0.999987,Normal Traffic,2
2026-01-23 15:45:22,20224,SchildiChatAlpha,0.999997,Normal Traffic,5
2026-01-23 15:45:27,6748,qbittorrent,0.999996,Normal Traffic,2
2026-01-23 15:45:27,16272,Hiddify,0.999962,Normal Traffic,4
2026-01-23 15:45:30,16272,Hiddify,0.999999,Normal Traffic,5
2026-01-23 15:45:32,6748,qbittorrent,0.999997,Normal Traffic,2
2026-01-23 15:45:35,16272,Hiddify,0.999966,Normal Traffic,3000
2026-01-23 15:45:37,6748,qbittorrent,0.999995,Normal Traffic,2
2026-01-23 15:45:42,22292,brave,0.999997,Normal Traffic,6
2026-01-23 15:45:42,6748,qbittorrent,0.999996,Normal Traffic,2
2026-01-23 15:45:44,22292,brave,0.999999,Normal Traffic,2
2026-01-23 15:45:45,25188,Telegram,0.999997,Normal Traffic,3
2026-01-23 15:45:47,6748,qbittorrent,0.999998,Normal Traffic,2
2026-01-23 15:45:47,16272,Hiddify,0.999961,Normal Traffic,4
2026-01-23 15:45:52,6748,qbittorrent,0.999992,Normal Traffic,2
2026-01-23 15:45:53,20224,SchildiChatAlpha,0.999998,Normal Traffic,9
2026-01-23 15:45:57,6748,qbittorrent,0.999996,Normal Traffic,2
2026-01-23 15:46:02,6748,qbittorrent,0.999998,Normal Traffic,2
2026-01-23 15:46:03,16272,Hiddify,0.999980,Normal Traffic,3000
2026-01-23 15:46:04,2400,svchost,0.998114,Normal Traffic,4
2026-01-23 15:46:04,16272,Hiddify,0.999844,Normal Traffic,12
2026-01-23 15:46:04,2400,svchost,1.000000,Normal Traffic,4
2026-01-23 15:46:04,10484,svchost,0.999994,Normal Traffic,2
2026-01-23 15:46:07,6748,qbittorrent,0.999999,Normal Traffic,2
2026-01-23 15:46:07,16272,Hiddify,0.999971,Normal Traffic,4
2026-01-23 15:46:12,6748,qbittorrent,0.999997,Normal Traffic,2
2026-01-23 15:46:12,22292,brave,0.999997,Normal Traffic,6
2026-01-23 15:46:12,10832,warp-svc,0.999999,Normal Traffic,2
2026-01-23 15:46:17,6748,qbittorrent,0.999999,Normal Traffic,2
2026-01-23 15:46:22,6748,qbittorrent,0.999999,Normal Traffic,2
2026-01-23 15:46:23,20224,SchildiChatAlpha,0.999998,Normal Traffic,5
2026-01-23 15:46:27,16272,Hiddify,0.999972,Normal Traffic,3000
2026-01-23 15:46:27,6748,qbittorrent,0.999995,Normal Traffic,2
2026-01-23 15:46:27,16272,Hiddify,0.999945,Normal Traffic,4
2026-01-23 15:46:30,16272,Hiddify,0.999989,Normal Traffic,4
2026-01-23 15:46:31,25188,Telegram,0.999588,Normal Traffic,32
2026-01-23 15:46:32,6748,qbittorrent,0.999998,Normal Traffic,2
2026-01-23 15:46:36,6748,qbittorrent,0.999999,Normal Traffic,1
2026-01-23 15:46:39,25188,Telegram,0.999998,Normal Traffic,8
2026-01-23 15:46:41,22292,brave,1.000000,Normal Traffic,31
2026-01-23 15:46:42,22292,brave,1.000000,Normal Traffic,27
2026-01-23 15:46:42,22292,brave,0.999997,Normal Traffic,6
2026-01-23 15:46:46,6748,qbittorrent,0.999997,Normal Traffic,2
2026-01-23 15:46:47,6748,qbittorrent,0.999946,Normal Traffic,2
2026-01-23 15:46:47,12672,Code,0.999997,Normal Traffic,15
2026-01-23 15:46:47,16272,Hiddify,0.999960,Normal Traffic,4
2026-01-23 15:46:50,2400,svchost,0.999992,Normal Traffic,1
2026-01-23 15:46:52,6748,qbittorrent,0.999997,Normal Traffic,2
2026-01-23 15:46:53,20224,SchildiChatAlpha,0.999998,Normal Traffic,9
2026-01-23 15:46:54,16272,Hiddify,0.999976,Normal Traffic,3000
2026-01-23 15:46:55,27376,Code,0.999991,Normal Traffic,33
2026-01-23 15:46:55,27376,Code,0.999974,Normal Traffic,8
2026-01-23 15:46:57,6748,qbittorrent,0.999998,Normal Traffic,2
2026-01-23 15:47:02,6748,qbittorrent,0.999915,Normal Traffic,2
2026-01-23 15:47:05,16272,Hiddify,0.999998,Normal Traffic,4
2026-01-23 15:47:05,10484,svchost,0.999992,Normal Traffic,2
2026-01-23 15:47:06,22292,brave,1.000000,Normal Traffic,14
2026-01-23 15:47:07,6748,qbittorrent,0.999997,Normal Traffic,2
2026-01-23 15:47:12,6748,qbittorrent,0.999997,Normal Traffic,2
2026-01-23 15:47:13,10832,warp-svc,0.999998,Normal Traffic,2
2026-01-23 15:47:13,22292,brave,0.999995,Normal Traffic,6
2026-01-23 15:47:15,28372,nvcontainer,0.999995,Normal Traffic,2
2026-01-23 15:47:15,22292,brave,1.000000,Normal Traffic,1
2026-01-23 15:47:15,2400,svchost,1.000000,Normal Traffic,1
2026-01-23 15:47:15,16128,brave,1.000000,Normal Traffic,1
2026-01-23 15:47:15,25188,Telegram,0.999997,Normal Traffic,4
2026-01-23 15:47:17,2400,svchost,0.999996,Normal Traffic,16
2026-01-23 15:47:17,16272,Hiddify,0.999895,Normal Traffic,38
2026-01-23 15:47:17,2400,svchost,1.000000,Normal Traffic,10
2026-01-23 15:47:17,2400,svchost,0.999996,Normal Traffic,1
2026-01-23 15:47:17,16272,Hiddify,0.999971,Normal Traffic,3000
2026-01-23 15:47:18,6748,qbittorrent,0.999998,Normal Traffic,2
2026-01-23 15:47:19,16272,Hiddify,0.999959,Normal Traffic,4
2026-01-23 15:47:22,6748,qbittorrent,1.000000,Normal Traffic,1
2026-01-23 15:47:23,25188,Telegram,0.999766,Normal Traffic,19
2026-01-23 15:47:24,20224,SchildiChatAlpha,0.999998,Normal Traffic,5
2026-01-23 15:47:28,6748,qbittorrent,0.999998,Normal Traffic,2
2026-01-23 15:47:31,16272,Hiddify,0.999989,Normal Traffic,4
2026-01-23 15:47:32,6748,qbittorrent,0.999999,Normal Traffic,2
2026-01-23 15:47:37,16272,Hiddify,0.999986,Normal Traffic,3000
2026-01-23 15:47:38,6748,qbittorrent,0.999971,Normal Traffic,2
2026-01-23 15:47:39,16272,Hiddify,0.999964,Normal Traffic,4
2026-01-23 15:47:43,6748,qbittorrent,0.999999,Normal Traffic,2
2026-01-23 15:47:44,22292,brave,0.999997,Normal Traffic,6
2026-01-23 15:47:48,25188,Telegram,0.998921,Normal Traffic,6
2026-01-23 15:47:48,6748,qbittorrent,0.999997,Normal Traffic,2
2026-01-23 15:47:50,22292,brave,0.999999,Normal Traffic,32
2026-01-23 15:47:52,6748,qbittorrent,0.999998,Normal Traffic,2
2026-01-23 15:47:55,22292,brave,1.000000,Normal Traffic,42
2026-01-23 15:47:55,20224,SchildiChatAlpha,0.999998,Normal Traffic,9
2026-01-23 15:47:56,12672,Code,0.999998,Normal Traffic,10
2026-01-23 15:47:58,6748,qbittorrent,0.999999,Normal Traffic,2
2026-01-23 15:47:59,16272,Hiddify,0.999959,Normal Traffic,4
2026-01-23 15:48:03,6748,qbittorrent,0.999999,Normal Traffic,2
2026-01-23 15:48:05,16272,Hiddify,0.999985,Normal Traffic,3000
2026-01-23 15:48:05,10484,svchost,0.999994,Normal Traffic,2
2026-01-23 15:48:08,6748,qbittorrent,0.999999,Normal Traffic,2
2026-01-23 15:48:10,2400,svchost,0.983156,Normal Traffic,6
2026-01-23 15:48:10,16272,Hiddify,0.999784,Normal Traffic,18
2026-01-23 15:48:10,2400,svchost,1.000000,Normal Traffic,6
2026-01-23 15:48:11,25188,Telegram,0.999997,Normal Traffic,13
2026-01-23 15:48:12,6748,qbittorrent,0.999995,Normal Traffic,2
2026-01-23 15:48:13,25188,Telegram,0.998547,Normal Traffic,6
2026-01-23 15:48:13,10832,warp-svc,0.999999,Normal Traffic,2
2026-01-23 15:48:14,22292,brave,0.999996,Normal Traffic,5
2026-01-23 15:48:17,6748,qbittorrent,0.999996,Normal Traffic,2
2026-01-23 15:48:19,16272,Hiddify,0.999965,Normal Traffic,4
2026-01-23 15:48:23,6748,qbittorrent,0.999998,Normal Traffic,2
2026-01-23 15:48:25,20224,SchildiChatAlpha,0.999998,Normal Traffic,5
2026-01-23 15:48:28,6748,qbittorrent,0.999998,Normal Traffic,2
2026-01-23 15:48:31,16272,Hiddify,0.999994,Normal Traffic,4
2026-01-23 15:48:31,16272,Hiddify,0.999987,Normal Traffic,3000
2026-01-23 15:48:32,6748,qbittorrent,0.999998,Normal Traffic,2
2026-01-23 15:48:37,6748,qbittorrent,0.999998,Normal Traffic,2
2026-01-23 15:48:38,25188,Telegram,0.999138,Normal Traffic,6
2026-01-23 15:48:40,16272,Hiddify,0.999966,Normal Traffic,4
2026-01-23 15:48:42,22292,brave,0.999993,Normal Traffic,40
2026-01-23 15:48:42,6748,qbittorrent,1.000000,Normal Traffic,1
2026-01-23 15:48:43,22292,brave,0.999995,Normal Traffic,21
2026-01-23 15:48:44,22292,brave,0.999996,Normal Traffic,6
2026-01-23 15:48:47,6748,qbittorrent,0.999999,Normal Traffic,2
2026-01-23 15:48:48,25188,Telegram,0.999997,Normal Traffic,5
2026-01-23 15:48:52,12672,Code,0.999969,Normal Traffic,2
2026-01-23 15:48:52,6748,qbittorrent,0.999999,Normal Traffic,2
2026-01-23 15:48:53,16272,Hiddify,0.999979,Normal Traffic,3000
2026-01-23 15:48:55,20224,SchildiChatAlpha,0.999998,Normal Traffic,9
2026-01-23 15:48:56,12672,Code,0.999993,Normal Traffic,3000
2026-01-23 15:48:57,6748,qbittorrent,0.999998,Normal Traffic,2
2026-01-23 15:49:00,16272,Hiddify,0.999999,Normal Traffic,1
2026-01-23 15:49:00,16272,Hiddify,0.999964,Normal Traffic,4
2026-01-23 15:49:03,25188,Telegram,0.995646,Normal Traffic,6
2026-01-23 15:49:03,6748,qbittorrent,0.999999,Normal Traffic,2
2026-01-23 15:49:05,11156,gamingservices,0.999996,Normal Traffic,10
2026-01-23 15:49:05,10484,svchost,0.999991,Normal Traffic,2
2026-01-23 15:49:08,6748,qbittorrent,0.999998,Normal Traffic,2
2026-01-23 15:49:11,16272,Hiddify,0.999979,Normal Traffic,3000
2026-01-23 15:49:13,10832,warp-svc,0.999999,Normal Traffic,2
2026-01-23 15:49:13,6748,qbittorrent,1.000000,Normal Traffic,2
2026-01-23 15:49:14,2400,svchost,1.000000,Normal Traffic,6
2026-01-23 15:49:14,22292,brave,0.999997,Normal Traffic,6
2026-01-23 15:49:15,22292,brave,1.000000,Normal Traffic,19
2026-01-23 15:49:18,2400,svchost,0.992411,Normal Traffic,10
2026-01-23 15:49:18,16272,Hiddify,0.999957,Normal Traffic,28
2026-01-23 15:49:18,6748,qbittorrent,0.999996,Normal Traffic,2
2026-01-23 15:49:18,26708,lgc,0.365654,DoS,2
2026-01-23 15:49:18,16272,Hiddify,0.216397,DoS,2
2026-01-23 15:49:20,16272,Hiddify,0.999968,Normal Traffic,4
2026-01-23 15:49:22,6748,qbittorrent,1.000000,Normal Traffic,1
2026-01-23 15:49:25,20224,SchildiChatAlpha,0.999998,Normal Traffic,5
2026-01-23 15:49:26,25188,Telegram,0.999990,Normal Traffic,6
2026-01-23 15:49:27,6748,qbittorrent,1.000000,Normal Traffic,1
2026-01-23 15:49:28,25188,Telegram,0.994521,Normal Traffic,6
2026-01-23 15:49:31,16272,Hiddify,0.999985,Normal Traffic,4
2026-01-23 15:49:31,16272,Hiddify,0.999962,Normal Traffic,3000
2026-01-23 15:49:33,6748,qbittorrent,0.999996,Normal Traffic,2
2026-01-23 15:49:37,6748,qbittorrent,0.999999,Normal Traffic,2
2026-01-23 15:49:44,22292,brave,0.999997,Normal Traffic,6
2026-01-23 15:49:47,6748,qbittorrent,0.999998,Normal Traffic,2
2026-01-23 15:49:47,6748,qbittorrent,0.999997,Normal Traffic,1
2026-01-23 15:49:48,22292,brave,0.999999,Normal Traffic,2
2026-01-23 15:49:50,22292,brave,0.999991,Normal Traffic,232
2026-01-23 15:49:50,16272,Hiddify,0.999960,Normal Traffic,4
2026-01-23 15:49:52,16272,Hiddify,0.999975,Normal Traffic,3000
2026-01-23 15:49:52,6748,qbittorrent,0.999999,Normal Traffic,2
2026-01-23 15:49:53,25188,Telegram,0.995349,Normal Traffic,6
2026-01-23 15:49:56,20224,SchildiChatAlpha,0.999998,Normal Traffic,9
2026-01-23 15:49:58,6748,qbittorrent,0.999997,Normal Traffic,2
2026-01-23 15:50:02,6748,qbittorrent,0.999988,Normal Traffic,2
2026-01-23 15:50:05,10484,svchost,0.999993,Normal Traffic,2
2026-01-23 15:50:08,6748,qbittorrent,0.999999,Normal Traffic,2
2026-01-23 15:50:08,12672,Code,0.999998,Normal Traffic,1
2026-01-23 15:50:10,25188,Telegram,0.999968,Normal Traffic,4
2026-01-23 15:50:11,16272,Hiddify,0.999966,Normal Traffic,4
2026-01-23 15:50:12,16272,Hiddify,0.999976,Normal Traffic,3000
2026-01-23 15:50:12,2400,svchost,0.999999,Normal Traffic,5
2026-01-23 15:50:13,10832,warp-svc,0.999999,Normal Traffic,2
2026-01-23 15:50:13,6748,qbittorrent,0.999999,Normal Traffic,2
2026-01-23 15:50:14,2400,svchost,0.995246,Normal Traffic,6
2026-01-23 15:50:14,16272,Hiddify,0.999941,Normal Traffic,12
2026-01-23 15:50:15,22292,brave,0.999996,Normal Traffic,6
2026-01-23 15:50:18,6748,qbittorrent,0.999985,Normal Traffic,2
2026-01-23 15:50:19,25188,Telegram,0.998467,Normal Traffic,6
2026-01-23 15:50:23,6748,qbittorrent,0.999999,Normal Traffic,2
2026-01-23 15:50:25,6284,HiddifyCli,0.999993,Normal Traffic,3000
2026-01-23 15:50:26,20224,SchildiChatAlpha,0.999995,Normal Traffic,5
2026-01-23 15:50:28,6748,qbittorrent,0.999998,Normal Traffic,2
2026-01-23 15:50:30,16272,Hiddify,0.999977,Normal Traffic,3000
2026-01-23 15:50:31,16272,Hiddify,0.999948,Normal Traffic,4
2026-01-23 15:50:31,16272,Hiddify,0.999991,Normal Traffic,4
2026-01-23 15:50:33,6748,qbittorrent,0.999992,Normal Traffic,2
2026-01-23 15:50:37,6748,qbittorrent,0.999999,Normal Traffic,2
2026-01-23 15:50:43,6748,qbittorrent,0.999998,Normal Traffic,2
2026-01-23 15:50:44,25188,Telegram,0.998965,Normal Traffic,6
2026-01-23 15:50:45,22292,brave,0.999997,Normal Traffic,6
2026-01-23 15:50:47,6748,qbittorrent,0.999990,Normal Traffic,2
2026-01-23 15:50:49,22292,brave,1.000000,Normal Traffic,27
2026-01-23 15:50:50,22292,brave,1.000000,Normal Traffic,55
2026-01-23 15:50:50,16272,Hiddify,0.999962,Normal Traffic,3000
2026-01-23 15:50:51,22292,brave,0.999997,Normal Traffic,28
2026-01-23 15:50:52,6748,qbittorrent,0.999999,Normal Traffic,2
2026-01-23 15:50:56,20224,SchildiChatAlpha,0.999998,Normal Traffic,9
2026-01-23 15:50:56,2400,svchost,0.999544,Normal Traffic,2
2026-01-23 15:50:56,2400,svchost,0.999999,Normal Traffic,4
2026-01-23 15:50:56,16272,Hiddify,0.999974,Normal Traffic,4
2026-01-23 15:50:58,6748,qbittorrent,0.999999,Normal Traffic,2
2026-01-23 15:51:01,16272,Hiddify,0.999987,Normal Traffic,4
2026-01-23 15:51:03,6748,qbittorrent,0.999985,Normal Traffic,2
2026-01-23 15:51:05,10484,svchost,0.999993,Normal Traffic,2
2026-01-23 15:51:05,16272,Hiddify,0.999987,Normal Traffic,3000
2026-01-23 15:51:07,6748,qbittorrent,0.999997,Normal Traffic,2
2026-01-23 15:51:08,25188,Telegram,0.999997,Normal Traffic,13
2026-01-23 15:51:09,25188,Telegram,0.998113,Normal Traffic,6
2026-01-23 15:51:12,16272,Hiddify,0.999988,Normal Traffic,4
2026-01-23 15:51:12,6748,qbittorrent,0.999984,Normal Traffic,2
2026-01-23 15:51:13,10832,warp-svc,0.999999,Normal Traffic,2
2026-01-23 15:51:15,22292,brave,0.999997,Normal Traffic,6
2026-01-23 15:51:17,6748,qbittorrent,0.999998,Normal Traffic,2
2026-01-23 15:51:18,2400,svchost,0.999561,Normal Traffic,2
2026-01-23 15:51:18,16272,Hiddify,0.999628,Normal Traffic,4
2026-01-23 15:51:21,16272,Hiddify,0.999983,Normal Traffic,4
2026-01-23 15:51:22,6748,qbittorrent,0.999998,Normal Traffic,2
2026-01-23 15:51:22,16272,Hiddify,0.999975,Normal Traffic,3000
2026-01-23 15:51:26,20224,SchildiChatAlpha,0.999998,Normal Traffic,5
2026-01-23 15:51:27,6748,qbittorrent,0.999986,Normal Traffic,2
2026-01-23 15:51:28,22292,brave,0.999998,Normal Traffic,44
2026-01-23 15:51:28,22292,brave,0.999997,Normal Traffic,21
2026-01-23 15:51:30,25188,Telegram,0.999983,Normal Traffic,4
2026-01-23 15:51:31,16272,Hiddify,0.999988,Normal Traffic,4
2026-01-23 15:51:32,6748,qbittorrent,0.999998,Normal Traffic,2
2026-01-23 15:51:38,16272,Hiddify,0.999990,Normal Traffic,3000
2026-01-23 15:51:38,6748,qbittorrent,0.999998,Normal Traffic,2
2026-01-23 15:51:42,16272,Hiddify,0.999995,Normal Traffic,4
2026-01-23 15:51:42,6748,qbittorrent,0.999997,Normal Traffic,2
2026-01-23 15:51:45,22292,brave,0.999995,Normal Traffic,6
2026-01-23 15:51:47,6748,qbittorrent,0.999999,Normal Traffic,2
2026-01-23 15:51:51,22292,brave,0.999996,Normal Traffic,20
2026-01-23 15:51:53,6748,qbittorrent,0.999999,Normal Traffic,2
2026-01-23 15:51:54,16272,Hiddify,0.999965,Normal Traffic,3000
2026-01-23 15:51:57,20224,SchildiChatAlpha,0.999998,Normal Traffic,9
2026-01-23 15:51:58,6748,qbittorrent,0.999998,Normal Traffic,2
2026-01-23 15:52:02,16272,Hiddify,0.999968,Normal Traffic,4
2026-01-23 15:52:03,6748,qbittorrent,0.999997,Normal Traffic,2
2026-01-23 15:52:04,10484,svchost,0.999994,Normal Traffic,2
2026-01-23 15:52:08,6748,qbittorrent,0.999997,Normal Traffic,2
2026-01-23 15:52:10,16272,Hiddify,1.000000,Normal Traffic,12
2026-01-23 15:52:12,6748,qbittorrent,0.999998,Normal Traffic,2
2026-01-23 15:52:13,10832,warp-svc,0.999999,Normal Traffic,2
2026-01-23 15:52:15,16272,Hiddify,0.999964,Normal Traffic,3000
2026-01-23 15:52:16,22292,brave,0.999996,Normal Traffic,5
2026-01-23 15:52:18,6748,qbittorrent,0.999999,Normal Traffic,2
2026-01-23 15:52:20,22292,brave,1.000000,Normal Traffic,69
2026-01-23 15:52:22,16272,Hiddify,0.999950,Normal Traffic,4
2026-01-23 15:52:22,6748,qbittorrent,0.999999,Normal Traffic,2
2026-01-23 15:52:24,2400,svchost,0.995893,Normal Traffic,8
2026-01-23 15:52:24,2400,svchost,1.000000,Normal Traffic,9
2026-01-23 15:52:24,16272,Hiddify,0.999915,Normal Traffic,28
2026-01-23 15:52:25,25188,Telegram,0.999997,Normal Traffic,5
2026-01-23 15:52:27,20224,SchildiChatAlpha,0.999998,Normal Traffic,5
2026-01-23 15:52:27,6748,qbittorrent,0.999999,Normal Traffic,2
2026-01-23 15:52:31,16272,Hiddify,0.999989,Normal Traffic,4
2026-01-23 15:52:33,6748,qbittorrent,0.999999,Normal Traffic,2
2026-01-23 15:52:34,20220,WINWORD,0.999998,Normal Traffic,8
2026-01-23 15:52:37,6748,qbittorrent,0.999999,Normal Traffic,2
2026-01-23 15:52:38,16272,Hiddify,0.999972,Normal Traffic,3000
2026-01-23 15:52:42,16272,Hiddify,0.999981,Normal Traffic,4
2026-01-23 15:52:42,6748,qbittorrent,0.999998,Normal Traffic,2
2026-01-23 15:52:46,22292,brave,0.999997,Normal Traffic,6
2026-01-23 15:52:47,6748,qbittorrent,0.999990,Normal Traffic,2
2026-01-23 15:52:49,22292,brave,0.999999,Normal Traffic,12
2026-01-23 15:52:50,22292,brave,0.999997,Normal Traffic,20
2026-01-23 15:52:52,6748,qbittorrent,0.999999,Normal Traffic,1
2026-01-23 15:52:57,2400,svchost,0.999900,Normal Traffic,4
2026-01-23 15:52:57,16272,Hiddify,0.999658,Normal Traffic,14
2026-01-23 15:52:57,2400,svchost,0.999996,Normal Traffic,4
2026-01-23 15:52:57,12672,Code,0.999997,Normal Traffic,9
2026-01-23 15:52:57,20224,SchildiChatAlpha,0.999998,Normal Traffic,9
2026-01-23 15:52:58,6748,qbittorrent,0.999997,Normal Traffic,2
2026-01-23 15:53:02,16272,Hiddify,0.999985,Normal Traffic,4
2026-01-23 15:53:02,6748,qbittorrent,0.999998,Normal Traffic,2
2026-01-23 15:53:02,16272,Hiddify,0.999981,Normal Traffic,3000
2026-01-23 15:53:04,10484,svchost,0.999993,Normal Traffic,2
2026-01-23 15:53:07,6748,qbittorrent,0.999999,Normal Traffic,2
2026-01-23 15:53:10,25188,Telegram,0.999971,Normal Traffic,5
2026-01-23 15:53:12,10832,warp-svc,0.999999,Normal Traffic,2
2026-01-23 15:53:13,6748,qbittorrent,0.999998,Normal Traffic,2
2026-01-23 15:53:14,25188,Telegram,0.999878,Normal Traffic,7
2026-01-23 15:53:14,25188,Telegram,0.999614,Normal Traffic,5
2026-01-23 15:53:16,22292,brave,0.999997,Normal Traffic,6
2026-01-23 15:53:17,6748,qbittorrent,0.999999,Normal Traffic,2
2026-01-23 15:53:17,16272,Hiddify,0.999977,Normal Traffic,3000
2026-01-23 15:53:22,6748,qbittorrent,0.999997,Normal Traffic,2
2026-01-23 15:53:23,16272,Hiddify,0.999985,Normal Traffic,4
2026-01-23 15:53:24,2400,svchost,0.999999,Normal Traffic,3
2026-01-23 15:53:27,6748,qbittorrent,0.999998,Normal Traffic,2
2026-01-23 15:53:27,20224,SchildiChatAlpha,0.999997,Normal Traffic,5
2026-01-23 15:53:30,16272,Hiddify,0.999990,Normal Traffic,4
2026-01-23 15:53:33,6748,qbittorrent,0.999999,Normal Traffic,2
2026-01-23 15:53:34,16272,Hiddify,0.999909,Normal Traffic,10
2026-01-23 15:53:35,5412,svchost,0.030828,DoS,2
2026-01-23 15:53:37,6748,qbittorrent,0.999992,Normal Traffic,2
2026-01-23 15:53:38,16272,Hiddify,0.999974,Normal Traffic,3000
2026-01-23 15:53:42,6748,qbittorrent,0.999998,Normal Traffic,2
2026-01-23 15:53:42,16272,Hiddify,0.999967,Normal Traffic,4
2026-01-23 15:53:45,25188,Telegram,0.999999,Normal Traffic,3
2026-01-23 15:53:46,22292,brave,0.999996,Normal Traffic,6
2026-01-23 15:53:47,6748,qbittorrent,0.999999,Normal Traffic,1
2026-01-23 15:53:51,16272,Hiddify,0.999982,Normal Traffic,3000
2026-01-23 15:53:51,22292,brave,0.999997,Normal Traffic,62
2026-01-23 15:53:51,22292,brave,1.000000,Normal Traffic,55
2026-01-23 15:53:52,22292,brave,0.999995,Normal Traffic,19
2026-01-23 15:53:52,6748,qbittorrent,1.000000,Normal Traffic,1
2026-01-23 15:53:58,20224,SchildiChatAlpha,0.999998,Normal Traffic,9
2026-01-23 15:54:02,16272,Hiddify,0.999982,Normal Traffic,3000
2026-01-23 15:54:02,6748,qbittorrent,0.999999,Normal Traffic,1
2026-01-23 15:54:03,16272,Hiddify,0.999959,Normal Traffic,4
2026-01-23 15:54:04,10484,svchost,0.999994,Normal Traffic,2
2026-01-23 15:54:05,11156,gamingservices,0.999997,Normal Traffic,12
2026-01-23 15:54:07,6748,qbittorrent,0.999985,Normal Traffic,2
2026-01-23 15:54:12,6748,qbittorrent,0.999913,Normal Traffic,2
2026-01-23 15:54:12,10832,warp-svc,0.999999,Normal Traffic,2
2026-01-23 15:54:14,16272,Hiddify,0.999986,Normal Traffic,3000
2026-01-23 15:54:16,2400,svchost,0.999999,Normal Traffic,8
2026-01-23 15:54:16,2400,svchost,0.999999,Normal Traffic,2
2026-01-23 15:54:16,22292,brave,0.999999,Normal Traffic,13
2026-01-23 15:54:17,22292,brave,0.999997,Normal Traffic,6
2026-01-23 15:54:17,6748,qbittorrent,0.999999,Normal Traffic,1
2026-01-23 15:54:18,6132,svchost,0.999997,Normal Traffic,13
2026-01-23 15:54:18,26708,lgc,0.069554,DoS,2
2026-01-23 15:54:18,16272,Hiddify,0.011027,DoS,2
2026-01-23 15:54:21,22292,brave,1.000000,Normal Traffic,48
2026-01-23 15:54:22,6748,qbittorrent,0.999999,Normal Traffic,1
2026-01-23 15:54:23,16272,Hiddify,0.999960,Normal Traffic,4
2026-01-23 15:54:23,20220,WINWORD,0.999998,Normal Traffic,1
2026-01-23 15:54:26,16272,Hiddify,0.999974,Normal Traffic,3000
2026-01-23 15:54:26,2400,svchost,0.999996,Normal Traffic,16
2026-01-23 15:54:26,16272,Hiddify,0.999874,Normal Traffic,18
2026-01-23 15:54:28,6748,qbittorrent,0.999999,Normal Traffic,2
2026-01-23 15:54:28,20224,SchildiChatAlpha,0.999998,Normal Traffic,5
2026-01-23 15:54:29,16272,Hiddify,0.999994,Normal Traffic,3000
2026-01-23 15:54:30,16272,Hiddify,0.999987,Normal Traffic,4
2026-01-23 15:54:32,6748,qbittorrent,0.999998,Normal Traffic,2
2026-01-23 15:54:35,5412,svchost,0.999886,Normal Traffic,1
2026-01-23 15:54:37,6748,qbittorrent,0.999999,Normal Traffic,1
2026-01-23 15:54:38,16272,Hiddify,0.999982,Normal Traffic,3000
2026-01-23 15:54:40,25188,Telegram,0.999997,Normal Traffic,7
2026-01-23 15:54:43,6748,qbittorrent,0.999999,Normal Traffic,2
2026-01-23 15:54:43,16272,Hiddify,0.999968,Normal Traffic,4
2026-01-23 15:54:47,22292,brave,0.999996,Normal Traffic,6
2026-01-23 15:54:47,6748,qbittorrent,0.999999,Normal Traffic,1
2026-01-23 15:54:49,22292,brave,0.999988,Normal Traffic,20
2026-01-23 15:54:52,6748,qbittorrent,0.999998,Normal Traffic,1
2026-01-23 15:54:54,16272,Hiddify,0.999972,Normal Traffic,3000
2026-01-23 15:54:57,6748,qbittorrent,1.000000,Normal Traffic,1
2026-01-23 15:54:58,20224,SchildiChatAlpha,0.999998,Normal Traffic,9
2026-01-23 15:55:03,16272,Hiddify,0.999963,Normal Traffic,4
2026-01-23 15:55:04,10484,svchost,0.999994,Normal Traffic,2
2026-01-23 15:55:09,12672,Code,0.999998,Normal Traffic,1
2026-01-23 15:55:11,6748,qbittorrent,0.999991,Normal Traffic,4
2026-01-23 15:55:12,2400,svchost,0.997755,Normal Traffic,4
2026-01-23 15:55:12,2400,svchost,1.000000,Normal Traffic,5
2026-01-23 15:55:12,16272,Hiddify,0.999764,Normal Traffic,8
2026-01-23 15:55:12,6748,qbittorrent,0.999924,Normal Traffic,2
2026-01-23 15:55:12,10832,warp-svc,0.999999,Normal Traffic,2
2026-01-23 15:55:13,16272,Hiddify,0.999976,Normal Traffic,3000
2026-01-23 15:55:17,22292,brave,0.999997,Normal Traffic,6
2026-01-23 15:55:18,6748,qbittorrent,0.999999,Normal Traffic,2
2026-01-23 15:55:20,22292,brave,0.999999,Normal Traffic,2
2026-01-23 15:55:22,6748,qbittorrent,0.999999,Normal Traffic,1
2026-01-23 15:55:23,16272,Hiddify,0.999962,Normal Traffic,4
2026-01-23 15:55:27,6748,qbittorrent,0.999994,Normal Traffic,4
2026-01-23 15:55:28,20224,SchildiChatAlpha,0.999998,Normal Traffic,5
2026-01-23 15:55:30,16272,Hiddify,0.999987,Normal Traffic,4
2026-01-23 15:55:31,2400,svchost,0.995433,Normal Traffic,2
2026-01-23 15:55:31,16272,Hiddify,0.999485,Normal Traffic,8
2026-01-23 15:55:31,2400,svchost,0.999994,Normal Traffic,2
2026-01-23 15:55:32,6748,qbittorrent,1.000000,Normal Traffic,1
2026-01-23 15:55:35,25188,Telegram,0.999997,Normal Traffic,10
2026-01-23 15:55:37,6748,qbittorrent,0.999999,Normal Traffic,1
2026-01-23 15:55:39,16272,Hiddify,0.999983,Normal Traffic,3000
2026-01-23 15:55:42,6748,qbittorrent,0.999999,Normal Traffic,1
2026-01-23 15:55:43,16272,Hiddify,0.999964,Normal Traffic,4
2026-01-23 15:55:47,22292,brave,0.999997,Normal Traffic,6
2026-01-23 15:55:48,6748,qbittorrent,0.999998,Normal Traffic,2
2026-01-23 15:55:52,6748,qbittorrent,1.000000,Normal Traffic,1
2026-01-23 15:55:54,22292,brave,1.000000,Normal Traffic,18
2026-01-23 15:55:55,22292,brave,0.999996,Normal Traffic,21
2026-01-23 15:55:58,6748,qbittorrent,1.000000,Normal Traffic,1
2026-01-23 15:55:58,16272,Hiddify,0.999977,Normal Traffic,3000
2026-01-23 15:55:59,2400,svchost,0.976494,Normal Traffic,2
2026-01-23 15:56:00,20224,SchildiChatAlpha,0.999997,Normal Traffic,10
2026-01-23 15:56:00,16272,Hiddify,0.999487,Normal Traffic,6
2026-01-23 15:56:00,2400,svchost,0.999996,Normal Traffic,1
2026-01-23 15:56:01,25188,Telegram,0.999988,Normal Traffic,3
2026-01-23 15:56:03,6748,qbittorrent,1.000000,Normal Traffic,1
2026-01-23 15:56:04,16272,Hiddify,0.999941,Normal Traffic,4
2026-01-23 15:56:05,10484,svchost,0.999994,Normal Traffic,2
2026-01-23 15:56:08,6748,qbittorrent,0.999993,Normal Traffic,2
2026-01-23 15:56:13,10832,warp-svc,0.999999,Normal Traffic,2
2026-01-23 15:56:14,6748,qbittorrent,0.999999,Normal Traffic,2
2026-01-23 15:56:18,6748,qbittorrent,1.000000,Normal Traffic,1
2026-01-23 15:56:19,22292,brave,0.999996,Normal Traffic,6
2026-01-23 15:56:22,22292,brave,0.999999,Normal Traffic,8
2026-01-23 15:56:23,6748,qbittorrent,0.999999,Normal Traffic,1
2026-01-23 15:56:25,16272,Hiddify,0.999984,Normal Traffic,4
2026-01-23 15:56:26,16272,Hiddify,0.999983,Normal Traffic,3000
2026-01-23 15:56:28,6748,qbittorrent,0.999988,Normal Traffic,2
2026-01-23 15:56:30,20224,SchildiChatAlpha,0.999998,Normal Traffic,5
2026-01-23 15:56:31,16272,Hiddify,0.999988,Normal Traffic,4
2026-01-23 15:56:33,6748,qbittorrent,0.999998,Normal Traffic,2
2026-01-23 15:56:35,2400,svchost,0.999587,Normal Traffic,2
2026-01-23 15:56:35,2400,svchost,0.999999,Normal Traffic,3
2026-01-23 15:56:37,25188,Telegram,0.999999,Normal Traffic,3
2026-01-23 15:56:38,6748,qbittorrent,0.999998,Normal Traffic,2
2026-01-23 15:56:43,6748,qbittorrent,0.999997,Normal Traffic,2
2026-01-23 15:56:45,16272,Hiddify,0.999962,Normal Traffic,4
2026-01-23 15:56:49,6748,qbittorrent,0.999998,Normal Traffic,2
2026-01-23 15:56:49,22292,brave,0.999994,Normal Traffic,5
2026-01-23 15:56:50,16272,Hiddify,0.999992,Normal Traffic,327
2026-01-23 15:56:50,16272,Hiddify,0.999972,Normal Traffic,3000
2026-01-23 15:56:51,22292,brave,0.999999,Normal Traffic,57
2026-01-23 15:56:52,22292,brave,0.999997,Normal Traffic,29
2026-01-23 15:56:52,22292,brave,0.999997,Normal Traffic,6
2026-01-23 15:56:52,16272,Hiddify,0.999996,Normal Traffic,6
2026-01-23 15:56:53,6748,qbittorrent,1.000000,Normal Traffic,1
2026-01-23 15:56:58,6748,qbittorrent,0.999999,Normal Traffic,1
2026-01-23 15:57:00,20224,SchildiChatAlpha,0.999998,Normal Traffic,9
2026-01-23 15:57:00,2400,svchost,0.999996,Normal Traffic,1
2026-01-23 15:57:04,6748,qbittorrent,0.999998,Normal Traffic,2
2026-01-23 15:57:05,10484,svchost,0.999994,Normal Traffic,2
2026-01-23 15:57:05,16272,Hiddify,0.999976,Normal Traffic,4
2026-01-23 15:57:08,6748,qbittorrent,0.999999,Normal Traffic,1
2026-01-23 15:57:13,2400,svchost,1.000000,Normal Traffic,3
2026-01-23 15:57:13,10832,warp-svc,0.999999,Normal Traffic,2
2026-01-23 15:57:13,6748,qbittorrent,0.999998,Normal Traffic,1
2026-01-23 15:57:15,16272,Hiddify,0.999983,Normal Traffic,3000
2026-01-23 15:57:18,6748,qbittorrent,1.000000,Normal Traffic,1
2026-01-23 15:57:19,22292,brave,0.999997,Normal Traffic,6
2026-01-23 15:57:23,6748,qbittorrent,0.999999,Normal Traffic,2
2026-01-23 15:57:24,22292,brave,0.999999,Normal Traffic,22
2026-01-23 15:57:24,16272,Hiddify,0.999999,Normal Traffic,12
2026-01-23 15:57:25,16272,Hiddify,0.999970,Normal Traffic,4
2026-01-23 15:57:28,6748,qbittorrent,0.999989,Normal Traffic,2
2026-01-23 15:57:30,20224,SchildiChatAlpha,0.999998,Normal Traffic,5
2026-01-23 15:57:31,16272,Hiddify,0.999998,Normal Traffic,8
2026-01-23 15:57:32,25188,Telegram,0.999998,Normal Traffic,6
2026-01-23 15:57:34,6748,qbittorrent,0.999999,Normal Traffic,2
2026-01-23 15:57:39,6748,qbittorrent,0.999999,Normal Traffic,2
2026-01-23 15:57:40,16272,Hiddify,0.999982,Normal Traffic,3000
2026-01-23 15:57:44,6748,qbittorrent,0.999999,Normal Traffic,2
2026-01-23 15:57:45,16272,Hiddify,0.999967,Normal Traffic,4
2026-01-23 15:57:48,6748,qbittorrent,0.999996,Normal Traffic,2
2026-01-23 15:57:49,22292,brave,0.999996,Normal Traffic,6
2026-01-23 15:57:53,6748,qbittorrent,0.999998,Normal Traffic,2
2026-01-23 15:57:54,16272,Hiddify,0.999973,Normal Traffic,3000
2026-01-23 15:57:56,22292,brave,0.999995,Normal Traffic,20
2026-01-23 15:57:57,22292,brave,1.000000,Normal Traffic,18
2026-01-23 15:57:57,16272,Hiddify,0.999998,Normal Traffic,1
2026-01-23 15:57:57,22292,brave,0.999998,Normal Traffic,1
2026-01-23 15:57:58,2400,svchost,0.999992,Normal Traffic,1
2026-01-23 15:57:59,12672,Code,0.999998,Normal Traffic,9
2026-01-23 15:57:59,6748,qbittorrent,0.999999,Normal Traffic,2
2026-01-23 15:58:01,25188,Telegram,0.999994,Normal Traffic,6
2026-01-23 15:58:01,20224,SchildiChatAlpha,0.999998,Normal Traffic,9
2026-01-23 15:58:03,6748,qbittorrent,0.999999,Normal Traffic,2
2026-01-23 15:58:05,10484,svchost,0.999993,Normal Traffic,2
2026-01-23 15:58:05,16272,Hiddify,0.999965,Normal Traffic,4
2026-01-23 15:58:08,6748,qbittorrent,0.999990,Normal Traffic,2
2026-01-23 15:58:10,16272,Hiddify,0.999983,Normal Traffic,3000
2026-01-23 15:58:12,16272,Hiddify,0.999909,Normal Traffic,46
2026-01-23 15:58:12,2400,svchost,0.999996,Normal Traffic,14
2026-01-23 15:58:12,2400,svchost,0.999996,Normal Traffic,9
2026-01-23 15:58:13,10832,warp-svc,0.999999,Normal Traffic,2
2026-01-23 15:58:13,6748,qbittorrent,0.999998,Normal Traffic,2
2026-01-23 15:58:18,6748,qbittorrent,1.000000,Normal Traffic,1
2026-01-23 15:58:20,22292,brave,0.999997,Normal Traffic,6
2026-01-23 15:58:20,25188,Telegram,0.999993,Normal Traffic,2
2026-01-23 15:58:22,16272,Hiddify,0.999976,Normal Traffic,3000
2026-01-23 15:58:23,22292,brave,0.999992,Normal Traffic,9
2026-01-23 15:58:23,6748,qbittorrent,0.999985,Normal Traffic,2
2026-01-23 15:58:26,16272,Hiddify,0.999994,Normal Traffic,4
2026-01-23 15:58:28,6748,qbittorrent,0.999985,Normal Traffic,2
2026-01-23 15:58:31,22292,brave,1.000000,Normal Traffic,53
2026-01-23 15:58:31,20224,SchildiChatAlpha,0.999997,Normal Traffic,5
2026-01-23 15:58:31,16272,Hiddify,0.999989,Normal Traffic,4
2026-01-23 15:58:33,6748,qbittorrent,0.999996,Normal Traffic,2
2026-01-23 15:58:38,6748,qbittorrent,0.999999,Normal Traffic,2
2026-01-23 15:58:38,16272,Hiddify,0.999972,Normal Traffic,3000
2026-01-23 15:58:40,25188,Telegram,0.998973,Normal Traffic,2
2026-01-23 15:58:43,6748,qbittorrent,0.999999,Normal Traffic,2
2026-01-23 15:58:46,16272,Hiddify,0.999825,Normal Traffic,4
2026-01-23 15:58:48,6748,qbittorrent,0.999999,Normal Traffic,2
2026-01-23 15:58:50,22292,brave,0.999994,Normal Traffic,6
2026-01-23 15:58:53,6748,qbittorrent,0.999998,Normal Traffic,2
2026-01-23 15:58:53,16272,Hiddify,0.999984,Normal Traffic,3000
2026-01-23 15:58:58,6748,qbittorrent,0.999997,Normal Traffic,2
2026-01-23 15:59:01,20224,SchildiChatAlpha,0.999998,Normal Traffic,9
2026-01-23 15:59:03,6748,qbittorrent,0.999999,Normal Traffic,2
2026-01-23 15:59:05,11156,gamingservices,0.999995,Normal Traffic,10
2026-01-23 15:59:05,10484,svchost,0.999994,Normal Traffic,2
2026-01-23 15:59:06,16272,Hiddify,0.999986,Normal Traffic,4
2026-01-23 15:59:08,2400,svchost,0.999997,Normal Traffic,10
2026-01-23 15:59:08,2400,svchost,0.999992,Normal Traffic,1
2026-01-23 15:59:08,6748,qbittorrent,0.999998,Normal Traffic,2
2026-01-23 15:59:09,17772,taskhostw,0.999999,Normal Traffic,20
2026-01-23 15:59:10,16272,Hiddify,0.999982,Normal Traffic,3000
2026-01-23 15:59:13,10832,warp-svc,0.999999,Normal Traffic,2
2026-01-23 15:59:13,6748,qbittorrent,0.999999,Normal Traffic,2
2026-01-23 15:59:18,2400,svchost,0.999991,Normal Traffic,12
2026-01-23 15:59:18,16272,Hiddify,0.999938,Normal Traffic,36
2026-01-23 15:59:18,16272,Hiddify,0.004577,DoS,2
2026-01-23 15:59:18,26708,lgc,0.217383,DoS,2
2026-01-23 15:59:18,6748,qbittorrent,0.999999,Normal Traffic,2
2026-01-23 15:59:20,22292,brave,0.999997,Normal Traffic,6
2026-01-23 15:59:21,22292,brave,0.999999,Normal Traffic,22
2026-01-23 15:59:23,6748,qbittorrent,0.999999,Normal Traffic,2
2026-01-23 15:59:25,25188,Telegram,0.999996,Normal Traffic,4
2026-01-23 15:59:26,16272,Hiddify,0.999994,Normal Traffic,4
2026-01-23 15:59:28,6748,qbittorrent,1.000000,Normal Traffic,1
2026-01-23 15:59:31,16272,Hiddify,0.999989,Normal Traffic,4
2026-01-23 15:59:31,20224,SchildiChatAlpha,0.999998,Normal Traffic,5
2026-01-23 15:59:33,6748,qbittorrent,0.999998,Normal Traffic,2
2026-01-23 15:59:34,16272,Hiddify,0.999982,Normal Traffic,3000
2026-01-23 15:59:38,6748,qbittorrent,0.999998,Normal Traffic,2
2026-01-23 15:59:43,6748,qbittorrent,0.999998,Normal Traffic,2
2026-01-23 15:59:46,16272,Hiddify,0.999983,Normal Traffic,4
2026-01-23 15:59:48,6748,qbittorrent,0.999998,Normal Traffic,2
2026-01-23 15:59:50,22292,brave,0.999996,Normal Traffic,5
2026-01-23 15:59:51,22292,brave,0.999997,Normal Traffic,30
2026-01-23 15:59:53,6748,qbittorrent,0.999984,Normal Traffic,2
2026-01-23 15:59:58,22292,brave,0.999997,Normal Traffic,20
2026-01-23 15:59:59,6748,qbittorrent,0.999998,Normal Traffic,2
2026-01-23 16:00:00,25188,Telegram,0.999999,Normal Traffic,3
2026-01-23 16:00:01,2400,svchost,0.999998,Normal Traffic,6
2026-01-23 16:00:01,2400,svchost,0.999996,Normal Traffic,1
2026-01-23 16:00:02,20224,SchildiChatAlpha,0.999998,Normal Traffic,9
2026-01-23 16:00:03,6748,qbittorrent,0.999999,Normal Traffic,2
2026-01-23 16:00:05,10484,svchost,0.999993,Normal Traffic,2
2026-01-23 16:00:06,16272,Hiddify,0.999998,Normal Traffic,14
2026-01-23 16:00:07,16272,Hiddify,0.999978,Normal Traffic,3000
2026-01-23 16:00:08,22292,brave,0.999998,Normal Traffic,44
2026-01-23 16:00:08,6748,qbittorrent,0.999998,Normal Traffic,2
2026-01-23 16:00:10,16272,Hiddify,0.999993,Normal Traffic,6
2026-01-23 16:00:11,16272,Hiddify,0.999963,Normal Traffic,4
2026-01-23 16:00:11,12672,Code,0.999998,Normal Traffic,1
2026-01-23 16:00:13,10832,warp-svc,0.999999,Normal Traffic,2
2026-01-23 16:00:13,6748,qbittorrent,0.999998,Normal Traffic,2
2026-01-23 16:00:19,6748,qbittorrent,0.999998,Normal Traffic,2
2026-01-23 16:00:20,2400,svchost,0.999998,Normal Traffic,8
2026-01-23 16:00:20,16272,Hiddify,0.999884,Normal Traffic,18
2026-01-23 16:00:21,22292,brave,0.999996,Normal Traffic,6
2026-01-23 16:00:23,6748,qbittorrent,0.999998,Normal Traffic,2
2026-01-23 16:00:24,22292,brave,0.999999,Normal Traffic,11
2026-01-23 16:00:28,23240,svchost,0.999998,Normal Traffic,16
2026-01-23 16:00:28,6748,qbittorrent,0.999997,Normal Traffic,2
2026-01-23 16:00:31,16272,Hiddify,0.999961,Normal Traffic,4
2026-01-23 16:00:32,20224,SchildiChatAlpha,0.999997,Normal Traffic,5
2026-01-23 16:00:33,6748,qbittorrent,0.999997,Normal Traffic,2
2026-01-23 16:00:35,16272,Hiddify,0.999990,Normal Traffic,4
2026-01-23 16:00:38,6748,qbittorrent,0.999999,Normal Traffic,2
2026-01-23 16:00:39,16272,Hiddify,0.999969,Normal Traffic,3000
2026-01-23 16:00:44,6748,qbittorrent,0.999999,Normal Traffic,2
2026-01-23 16:00:48,6748,qbittorrent,0.999999,Normal Traffic,2
2026-01-23 16:00:51,22292,brave,0.999997,Normal Traffic,6
2026-01-23 16:00:51,16272,Hiddify,0.999958,Normal Traffic,4
2026-01-23 16:00:52,22292,brave,0.999997,Normal Traffic,18
2026-01-23 16:00:53,6748,qbittorrent,0.999999,Normal Traffic,1
2026-01-23 16:00:55,25188,Telegram,0.999996,Normal Traffic,4
2026-01-23 16:00:59,6748,qbittorrent,0.999998,Normal Traffic,2
2026-01-23 16:01:02,2400,svchost,0.998114,Normal Traffic,4
2026-01-23 16:01:02,2400,svchost,0.999998,Normal Traffic,5
2026-01-23 16:01:02,16272,Hiddify,0.999881,Normal Traffic,10
2026-01-23 16:01:02,20224,SchildiChatAlpha,0.999997,Normal Traffic,11
2026-01-23 16:01:03,16272,Hiddify,0.999982,Normal Traffic,3000
2026-01-23 16:01:03,6748,qbittorrent,0.999998,Normal Traffic,2
2026-01-23 16:01:04,10484,svchost,0.999993,Normal Traffic,2
2026-01-23 16:01:06,16272,Hiddify,0.999973,Normal Traffic,4
2026-01-23 16:01:08,6748,qbittorrent,0.999993,Normal Traffic,2
2026-01-23 16:01:11,16272,Hiddify,0.999957,Normal Traffic,4
2026-01-23 16:01:12,10832,warp-svc,0.999999,Normal Traffic,2
2026-01-23 16:01:13,6748,qbittorrent,0.999982,Normal Traffic,2
2026-01-23 16:01:18,6748,qbittorrent,0.999998,Normal Traffic,2
2026-01-23 16:01:21,22292,brave,0.999996,Normal Traffic,6
2026-01-23 16:01:23,6748,qbittorrent,0.999998,Normal Traffic,2
2026-01-23 16:01:24,22292,brave,0.999999,Normal Traffic,2
2026-01-23 16:01:27,16272,Hiddify,0.999983,Normal Traffic,3000
2026-01-23 16:01:28,6748,qbittorrent,0.999999,Normal Traffic,2
2026-01-23 16:01:31,16272,Hiddify,0.999986,Normal Traffic,4
2026-01-23 16:01:33,6748,qbittorrent,0.999986,Normal Traffic,2
2026-01-23 16:01:35,16272,Hiddify,0.999989,Normal Traffic,4
2026-01-23 16:01:38,6748,qbittorrent,0.999999,Normal Traffic,2
2026-01-23 16:01:43,6748,qbittorrent,0.999998,Normal Traffic,2
2026-01-23 16:01:48,6748,qbittorrent,0.999988,Normal Traffic,2
2026-01-23 16:01:49,16272,Hiddify,0.999997,Normal Traffic,4
2026-01-23 16:01:51,22292,brave,0.999988,Normal Traffic,5
2026-01-23 16:01:51,22292,brave,0.999996,Normal Traffic,6
2026-01-23 16:01:53,6748,qbittorrent,0.999998,Normal Traffic,2
2026-01-23 16:01:58,22292,brave,1.000000,Normal Traffic,32
2026-01-23 16:01:58,6748,qbittorrent,1.000000,Normal Traffic,1
2026-01-23 16:01:59,22292,brave,0.999997,Normal Traffic,20
2026-01-23 16:02:02,2400,svchost,0.999598,Normal Traffic,4
2026-01-23 16:02:03,20224,SchildiChatAlpha,0.999997,Normal Traffic,21
2026-01-23 16:02:03,16272,Hiddify,0.999911,Normal Traffic,12
2026-01-23 16:02:03,2400,svchost,0.999999,Normal Traffic,5
2026-01-23 16:02:03,6748,qbittorrent,0.999998,Normal Traffic,2
2026-01-23 16:02:04,10484,svchost,0.999993,Normal Traffic,2
2026-01-23 16:02:08,6748,qbittorrent,1.000000,Normal Traffic,1
2026-01-23 16:02:12,16272,Hiddify,0.999983,Normal Traffic,8
2026-01-23 16:02:12,10832,warp-svc,0.999999,Normal Traffic,2
2026-01-23 16:02:13,6748,qbittorrent,0.999999,Normal Traffic,1
2026-01-23 16:02:19,6748,qbittorrent,0.999998,Normal Traffic,2
2026-01-23 16:02:22,22292,brave,0.999995,Normal Traffic,6
2026-01-23 16:02:23,6748,qbittorrent,0.999995,Normal Traffic,2
2026-01-23 16:02:24,25188,Telegram,0.999997,Normal Traffic,22
2026-01-23 16:02:25,22292,brave,0.999981,Normal Traffic,7
2026-01-23 16:02:28,6748,qbittorrent,0.999999,Normal Traffic,1
2026-01-23 16:02:28,2400,svchost,0.981954,Normal Traffic,2
2026-01-23 16:02:29,2400,svchost,0.999999,Normal Traffic,3
2026-01-23 16:02:31,23240,svchost,0.999998,Normal Traffic,1
2026-01-23 16:02:32,16272,Hiddify,0.999965,Normal Traffic,4
2026-01-23 16:02:33,20224,SchildiChatAlpha,0.999997,Normal Traffic,5
2026-01-23 16:02:33,6748,qbittorrent,1.000000,Normal Traffic,1
2026-01-23 16:02:37,16272,Hiddify,0.999999,Normal Traffic,22
2026-01-23 16:02:37,16272,Hiddify,0.999982,Normal Traffic,4
2026-01-23 16:02:37,16272,Hiddify,0.999990,Normal Traffic,11
2026-01-23 16:02:38,6748,qbittorrent,0.999998,Normal Traffic,2
2026-01-23 16:02:42,16272,Hiddify,0.999997,Normal Traffic,3000
2026-01-23 16:02:43,6748,qbittorrent,0.999998,Normal Traffic,2
2026-01-23 16:02:44,16272,Hiddify,0.999986,Normal Traffic,2539
2026-01-23 16:02:45,22292,brave,0.999997,Normal Traffic,48
2026-01-23 16:02:45,22292,brave,0.999994,Normal Traffic,130
2026-01-23 16:02:45,22292,brave,0.999997,Normal Traffic,56
2026-01-23 16:02:45,22292,brave,0.999997,Normal Traffic,25
2026-01-23 16:02:47,22292,brave,0.999997,Normal Traffic,33
2026-01-23 16:02:48,16272,Hiddify,0.999994,Normal Traffic,8
2026-01-23 16:02:48,22292,brave,0.999997,Normal Traffic,86
2026-01-23 16:02:48,6748,qbittorrent,0.999998,Normal Traffic,2
2026-01-23 16:02:51,22292,brave,1.000000,Normal Traffic,137
2026-01-23 16:02:51,22292,brave,0.999997,Normal Traffic,32
2026-01-23 16:02:53,6748,qbittorrent,0.999998,Normal Traffic,2
2026-01-23 16:02:58,6748,qbittorrent,0.999988,Normal Traffic,2
2026-01-23 16:02:59,2400,svchost,0.999992,Normal Traffic,1
2026-01-23 16:03:00,12672,Code,0.999998,Normal Traffic,9
2026-01-23 16:03:03,20224,SchildiChatAlpha,0.999998,Normal Traffic,9
2026-01-23 16:03:03,6748,qbittorrent,0.999981,Normal Traffic,2
2026-01-23 16:03:04,10484,svchost,0.999993,Normal Traffic,2
2026-01-23 16:03:08,6748,qbittorrent,0.999999,Normal Traffic,2
2026-01-23 16:03:12,16272,Hiddify,0.999959,Normal Traffic,48
2026-01-23 16:03:12,2400,svchost,0.999999,Normal Traffic,8
2026-01-23 16:03:12,2400,svchost,1.000000,Normal Traffic,10
2026-01-23 16:03:12,10832,warp-svc,0.999999,Normal Traffic,2
2026-01-23 16:03:13,6748,qbittorrent,0.999998,Normal Traffic,2
2026-01-23 16:03:15,25188,Telegram,1.000000,Normal Traffic,7
2026-01-23 16:03:15,25188,Telegram,1.000000,Normal Traffic,5
2026-01-23 16:03:18,6748,qbittorrent,0.999997,Normal Traffic,2
2026-01-23 16:03:23,22292,brave,0.999998,Normal Traffic,34
2026-01-23 16:03:23,6748,qbittorrent,0.999999,Normal Traffic,2
2026-01-23 16:03:24,22292,brave,1.000000,Normal Traffic,20
2026-01-23 16:03:28,6748,qbittorrent,0.999989,Normal Traffic,2
2026-01-23 16:03:33,6748,qbittorrent,0.999998,Normal Traffic,2
2026-01-23 16:03:33,20224,SchildiChatAlpha,0.999998,Normal Traffic,5
2026-01-23 16:03:38,25188,Telegram,0.999998,Normal Traffic,24
2026-01-23 16:03:38,6748,qbittorrent,0.999991,Normal Traffic,2
2026-01-23 16:03:43,6748,qbittorrent,0.999992,Normal Traffic,2
2026-01-23 16:03:48,6748,qbittorrent,0.999998,Normal Traffic,2
2026-01-23 16:03:53,6748,qbittorrent,0.999991,Normal Traffic,2
2026-01-23 16:03:58,6748,qbittorrent,0.999991,Normal Traffic,2
2026-01-23 16:04:00,22292,brave,0.999997,Normal Traffic,21
2026-01-23 16:04:00,2400,svchost,0.999992,Normal Traffic,1
2026-01-23 16:04:01,25188,Telegram,0.999998,Normal Traffic,590
2026-01-23 16:04:03,6748,qbittorrent,0.999986,Normal Traffic,2
2026-01-23 16:04:04,22292,brave,0.999998,Normal Traffic,47
2026-01-23 16:04:04,20224,SchildiChatAlpha,0.999998,Normal Traffic,9
2026-01-23 16:04:04,11156,gamingservices,0.999995,Normal Traffic,11
2026-01-23 16:04:04,10484,svchost,0.999994,Normal Traffic,2
2026-01-23 16:04:06,6284,HiddifyCli,0.999994,Normal Traffic,3000
2026-01-23 16:04:06,16272,Hiddify,0.999999,Normal Traffic,4
2026-01-23 16:04:06,16272,Hiddify,0.999998,Normal Traffic,2
2026-01-23 16:04:06,16272,Hiddify,0.999999,Normal Traffic,1
2026-01-23 16:04:06,16272,Hiddify,0.999999,Normal Traffic,4
2026-01-23 16:04:07,22292,brave,0.999996,Normal Traffic,7
2026-01-23 16:04:07,22292,brave,0.999999,Normal Traffic,19
2026-01-23 16:04:07,6132,svchost,0.999997,Normal Traffic,11
2026-01-23 16:04:08,6748,qbittorrent,0.999977,Normal Traffic,2
2026-01-23 16:04:11,22292,brave,1.000000,Normal Traffic,235
2026-01-23 16:04:12,10832,warp-svc,0.999999,Normal Traffic,2
2026-01-23 16:04:13,22292,brave,1.000000,Normal Traffic,139
2026-01-23 16:04:13,22292,brave,0.999999,Normal Traffic,53
2026-01-23 16:04:13,6748,qbittorrent,0.999988,Normal Traffic,2
2026-01-23 16:04:17,22292,brave,0.999995,Normal Traffic,73
2026-01-23 16:04:18,22292,brave,1.000000,Normal Traffic,717
2026-01-23 16:04:18,16272,Hiddify,0.001031,DoS,2
2026-01-23 16:04:18,26708,lgc,0.228073,DoS,2
2026-01-23 16:04:18,6748,qbittorrent,0.999997,Normal Traffic,2
2026-01-23 16:04:21,16272,Hiddify,0.999993,Normal Traffic,3000
2026-01-23 16:04:23,6748,qbittorrent,0.999999,Normal Traffic,2
2026-01-23 16:04:23,22292,brave,0.999982,Normal Traffic,3000
2026-01-23 16:04:25,22292,brave,0.999986,Normal Traffic,3000
2026-01-23 16:04:25,25188,Telegram,0.999994,Normal Traffic,262
2026-01-23 16:04:26,16272,Hiddify,0.999992,Normal Traffic,3000
2026-01-23 16:04:26,2400,svchost,1.000000,Normal Traffic,12
2026-01-23 16:04:26,22292,brave,0.999996,Normal Traffic,22
2026-01-23 16:04:26,12672,Code,0.999982,Normal Traffic,2
2026-01-23 16:04:28,2400,svchost,0.999997,Normal Traffic,16
2026-01-23 16:04:28,16272,Hiddify,0.999925,Normal Traffic,38
2026-01-23 16:04:28,6748,qbittorrent,0.999995,Normal Traffic,2
2026-01-23 16:04:30,22292,brave,0.999996,Normal Traffic,3000
2026-01-23 16:04:31,27376,Code,0.999985,Normal Traffic,9
2026-01-23 16:04:32,22292,brave,0.999948,Normal Traffic,3000
2026-01-23 16:04:33,16272,Hiddify,0.999990,Normal Traffic,3000
2026-01-23 16:04:33,6748,qbittorrent,0.999990,Normal Traffic,2
2026-01-23 16:04:34,20224,SchildiChatAlpha,0.999997,Normal Traffic,5
2026-01-23 16:04:35,22292,brave,0.999996,Normal Traffic,3000
2026-01-23 16:04:38,6748,qbittorrent,0.999960,Normal Traffic,2
2026-01-23 16:04:39,22292,brave,0.999984,Normal Traffic,3000
2026-01-23 16:04:39,22292,brave,0.999997,Normal Traffic,11
2026-01-23 16:04:40,16272,Hiddify,0.999982,Normal Traffic,3000
2026-01-23 16:04:41,22292,brave,0.999950,Normal Traffic,3000
2026-01-23 16:04:41,22292,brave,0.999963,Normal Traffic,201
2026-01-23 16:04:43,22292,brave,0.999986,Normal Traffic,3000
2026-01-23 16:04:44,6748,qbittorrent,0.999999,Normal Traffic,1
2026-01-23 16:04:45,16272,Hiddify,0.999969,Normal Traffic,3000
2026-01-23 16:04:45,22292,brave,0.999986,Normal Traffic,3000
2026-01-23 16:04:47,22292,brave,0.999947,Normal Traffic,3000
2026-01-23 16:04:49,6748,qbittorrent,0.999998,Normal Traffic,1
2026-01-23 16:04:50,22292,brave,1.000000,Normal Traffic,84
2026-01-23 16:04:50,16272,Hiddify,0.999966,Normal Traffic,3000
2026-01-23 16:04:50,22292,brave,0.999982,Normal Traffic,3000
2026-01-23 16:04:52,22292,brave,0.999994,Normal Traffic,444
2026-01-23 16:04:52,22292,brave,0.999960,Normal Traffic,3000
2026-01-23 16:04:54,22292,brave,0.999998,Normal Traffic,38
2026-01-23 16:04:54,6132,svchost,0.999998,Normal Traffic,14
2026-01-23 16:04:54,6748,qbittorrent,0.999997,Normal Traffic,1
2026-01-23 16:04:54,22292,brave,0.999988,Normal Traffic,3000
2026-01-23 16:04:54,16272,Hiddify,0.999958,Normal Traffic,3000
2026-01-23 16:04:56,22292,brave,0.999987,Normal Traffic,3000
2026-01-23 16:04:58,22292,brave,0.999998,Normal Traffic,71
2026-01-23 16:04:58,22292,brave,0.999988,Normal Traffic,3000
2026-01-23 16:04:59,6748,qbittorrent,0.999998,Normal Traffic,2
2026-01-23 16:04:59,16272,Hiddify,0.999979,Normal Traffic,3000
2026-01-23 16:05:00,22292,brave,0.999998,Normal Traffic,36
2026-01-23 16:05:00,22292,brave,0.999986,Normal Traffic,3000
2026-01-23 16:05:03,22292,brave,0.999997,Normal Traffic,199
2026-01-23 16:05:05,2400,svchost,0.999998,Normal Traffic,8
2026-01-23 16:05:05,2400,svchost,0.999999,Normal Traffic,2
2026-01-23 16:05:05,2400,svchost,0.999999,Normal Traffic,9
2026-01-23 16:05:05,16272,Hiddify,0.999892,Normal Traffic,22
2026-01-23 16:05:05,6748,qbittorrent,0.999999,Normal Traffic,2
2026-01-23 16:05:05,10484,svchost,0.999994,Normal Traffic,2
2026-01-23 16:05:06,20224,SchildiChatAlpha,0.999997,Normal Traffic,9
2026-01-23 16:05:07,22292,brave,0.999997,Normal Traffic,3000
2026-01-23 16:05:08,5352,MicrosoftStartFeedProvider,0.999987,Normal Traffic,49
2026-01-23 16:05:08,16272,Hiddify,0.999983,Normal Traffic,3000
2026-01-23 16:05:10,6748,qbittorrent,0.999999,Normal Traffic,4
2026-01-23 16:05:10,22292,brave,0.999995,Normal Traffic,3000
2026-01-23 16:05:13,10832,warp-svc,0.999998,Normal Traffic,2
2026-01-23 16:05:17,6748,qbittorrent,0.999998,Normal Traffic,4
2026-01-23 16:05:19,22292,brave,0.999992,Normal Traffic,3000
2026-01-23 16:05:19,16272,Hiddify,0.999991,Normal Traffic,3000
2026-01-23 16:05:21,25188,Telegram,0.999995,Normal Traffic,6
2026-01-23 16:05:21,6748,qbittorrent,0.999999,Normal Traffic,2
2026-01-23 16:05:21,22292,brave,0.999987,Normal Traffic,3000
2026-01-23 16:05:25,6748,qbittorrent,0.999998,Normal Traffic,4
2026-01-23 16:05:27,22292,brave,0.999997,Normal Traffic,5
2026-01-23 16:05:29,6748,qbittorrent,1.000000,Normal Traffic,1
2026-01-23 16:05:32,22292,brave,0.999997,Normal Traffic,3000
2026-01-23 16:05:33,16272,Hiddify,0.999968,Normal Traffic,3000
2026-01-23 16:05:34,6748,qbittorrent,1.000000,Normal Traffic,1
2026-01-23 16:05:34,22292,brave,0.999949,Normal Traffic,3000
2026-01-23 16:05:36,20224,SchildiChatAlpha,0.999998,Normal Traffic,5
2026-01-23 16:05:36,22292,brave,0.999988,Normal Traffic,3000
2026-01-23 16:05:37,22292,brave,0.999996,Normal Traffic,29
2026-01-23 16:05:37,16272,Hiddify,0.999956,Normal Traffic,3000
2026-01-23 16:05:37,22292,brave,0.999997,Normal Traffic,3000
2026-01-23 16:05:40,22292,brave,0.999992,Normal Traffic,454
2026-01-23 16:05:49,6748,qbittorrent,0.999997,Normal Traffic,4
2026-01-23 16:05:49,6748,qbittorrent,0.999997,Normal Traffic,1
2026-01-23 16:05:50,6748,qbittorrent,0.999987,Normal Traffic,4
2026-01-23 16:05:55,6748,qbittorrent,0.999998,Normal Traffic,2
2026-01-23 16:05:56,22292,brave,0.999991,Normal Traffic,3000
2026-01-23 16:05:58,22292,brave,0.999997,Normal Traffic,6
2026-01-23 16:05:58,22292,brave,0.999941,Normal Traffic,3000
2026-01-23 16:05:58,16272,Hiddify,0.999990,Normal Traffic,3000
2026-01-23 16:05:59,22292,brave,0.999946,Normal Traffic,3000
2026-01-23 16:06:00,25188,Telegram,0.999995,Normal Traffic,4
2026-01-23 16:06:01,22292,brave,1.000000,Normal Traffic,48
2026-01-23 16:06:01,6748,qbittorrent,0.999998,Normal Traffic,2
2026-01-23 16:06:04,6748,qbittorrent,0.999998,Normal Traffic,2
2026-01-23 16:06:05,10484,svchost,0.999992,Normal Traffic,2
2026-01-23 16:06:06,22292,brave,1.000000,Normal Traffic,31
2026-01-23 16:06:06,2400,svchost,0.999264,Normal Traffic,4
2026-01-23 16:06:06,2400,svchost,0.999999,Normal Traffic,5
2026-01-23 16:06:06,16272,Hiddify,0.999909,Normal Traffic,10
2026-01-23 16:06:06,20224,SchildiChatAlpha,0.999997,Normal Traffic,10
2026-01-23 16:06:11,6748,qbittorrent,0.999999,Normal Traffic,2
2026-01-23 16:06:13,10832,warp-svc,0.999999,Normal Traffic,2
2026-01-23 16:06:14,6748,qbittorrent,0.999998,Normal Traffic,2
2026-01-23 16:06:17,22292,brave,0.999986,Normal Traffic,24
2026-01-23 16:06:17,22292,brave,0.999970,Normal Traffic,3000
2026-01-23 16:06:18,16272,Hiddify,0.999979,Normal Traffic,3000
2026-01-23 16:06:19,22292,brave,0.999986,Normal Traffic,3000
2026-01-23 16:06:20,6748,qbittorrent,0.999997,Normal Traffic,2
2026-01-23 16:06:21,22292,brave,0.999987,Normal Traffic,3000
2026-01-23 16:06:23,16272,Hiddify,0.999990,Normal Traffic,3000
2026-01-23 16:06:24,6748,qbittorrent,0.999997,Normal Traffic,2
2026-01-23 16:06:27,22292,brave,0.999979,Normal Traffic,7
2026-01-23 16:06:28,22292,brave,0.999996,Normal Traffic,5
2026-01-23 16:06:29,6748,qbittorrent,0.999998,Normal Traffic,2
2026-01-23 16:06:34,22292,brave,0.999999,Normal Traffic,2
2026-01-23 16:06:36,20224,SchildiChatAlpha,0.999996,Normal Traffic,6
2026-01-23 16:06:39,6748,qbittorrent,0.999998,Normal Traffic,4
2026-01-23 16:06:39,12672,Code,0.999998,Normal Traffic,1
2026-01-23 16:06:44,6748,qbittorrent,0.999998,Normal Traffic,2
2026-01-23 16:06:47,25188,Telegram,0.999998,Normal Traffic,5
2026-01-23 16:06:49,6748,qbittorrent,1.000000,Normal Traffic,1
2026-01-23 16:06:54,6748,qbittorrent,1.000000,Normal Traffic,1
2026-01-23 16:06:55,5352,MicrosoftStartFeedProvider,0.999996,Normal Traffic,2
2026-01-23 16:06:56,22292,brave,0.999997,Normal Traffic,22
2026-01-23 16:06:58,22292,brave,0.999997,Normal Traffic,6
2026-01-23 16:06:59,22292,brave,0.999991,Normal Traffic,2504
2026-01-23 16:06:59,22292,brave,1.000000,Normal Traffic,19
2026-01-23 16:06:59,6748,qbittorrent,0.999995,Normal Traffic,2
2026-01-23 16:07:04,6748,qbittorrent,0.999999,Normal Traffic,1
2026-01-23 16:07:05,10484,svchost,0.999994,Normal Traffic,2
2026-01-23 16:07:07,2400,svchost,0.999390,Normal Traffic,4
2026-01-23 16:07:07,16272,Hiddify,0.999512,Normal Traffic,12
2026-01-23 16:07:07,2400,svchost,0.999998,Normal Traffic,5
2026-01-23 16:07:07,20224,SchildiChatAlpha,0.999998,Normal Traffic,9
2026-01-23 16:07:08,25188,Telegram,0.999986,Normal Traffic,3
2026-01-23 16:07:09,6748,qbittorrent,0.999999,Normal Traffic,1
2026-01-23 16:07:13,10832,warp-svc,0.999999,Normal Traffic,2
2026-01-23 16:07:14,6748,qbittorrent,0.999997,Normal Traffic,2
2026-01-23 16:07:19,6748,qbittorrent,0.999998,Normal Traffic,2
2026-01-23 16:07:24,6748,qbittorrent,0.999998,Normal Traffic,2
2026-01-23 16:07:28,22292,brave,0.999996,Normal Traffic,6
2026-01-23 16:07:29,22292,brave,0.999997,Normal Traffic,31
2026-01-23 16:07:29,6748,qbittorrent,0.999998,Normal Traffic,2
2026-01-23 16:07:31,22292,brave,0.999999,Normal Traffic,2
2026-01-23 16:07:31,2400,svchost,0.999574,Normal Traffic,2
2026-01-23 16:07:31,16272,Hiddify,0.999126,Normal Traffic,6
2026-01-23 16:07:31,2400,svchost,0.999999,Normal Traffic,3
2026-01-23 16:07:33,22292,brave,0.999947,Normal Traffic,3000
2026-01-23 16:07:34,6748,qbittorrent,0.999999,Normal Traffic,2
2026-01-23 16:07:34,16272,Hiddify,0.999993,Normal Traffic,3000
2026-01-23 16:07:35,22292,brave,0.999981,Normal Traffic,3000
2026-01-23 16:07:36,22292,brave,0.999997,Normal Traffic,25
2026-01-23 16:07:37,20224,SchildiChatAlpha,0.999998,Normal Traffic,5
2026-01-23 16:07:37,22292,brave,0.999981,Normal Traffic,3000
2026-01-23 16:07:39,6748,qbittorrent,0.999998,Normal Traffic,2
2026-01-23 16:07:39,16272,Hiddify,0.999966,Normal Traffic,3000
2026-01-23 16:07:39,22292,brave,0.999979,Normal Traffic,3000
2026-01-23 16:07:42,22292,brave,0.999978,Normal Traffic,3000
2026-01-23 16:07:44,6748,qbittorrent,0.999997,Normal Traffic,2
2026-01-23 16:07:46,22292,brave,0.999994,Normal Traffic,3000
2026-01-23 16:07:46,16272,Hiddify,0.999992,Normal Traffic,3000
2026-01-23 16:07:48,22292,brave,0.999978,Normal Traffic,3000
2026-01-23 16:07:49,6748,qbittorrent,0.999997,Normal Traffic,2
2026-01-23 16:07:52,22292,brave,0.999997,Normal Traffic,32
2026-01-23 16:07:54,6748,qbittorrent,0.999998,Normal Traffic,2
2026-01-23 16:07:58,22292,brave,0.999996,Normal Traffic,6
2026-01-23 16:07:59,25188,Telegram,0.999998,Normal Traffic,4
2026-01-23 16:07:59,6748,qbittorrent,0.999996,Normal Traffic,2
2026-01-23 16:08:04,6748,qbittorrent,0.999999,Normal Traffic,2
2026-01-23 16:08:05,10484,svchost,0.999993,Normal Traffic,2
2026-01-23 16:08:07,22292,brave,0.999997,Normal Traffic,21
2026-01-23 16:08:07,20224,SchildiChatAlpha,0.999997,Normal Traffic,9
2026-01-23 16:08:07,22292,brave,0.999982,Normal Traffic,3000
2026-01-23 16:08:08,16272,Hiddify,0.999993,Normal Traffic,3000
2026-01-23 16:08:09,6748,qbittorrent,0.999998,Normal Traffic,2
2026-01-23 16:08:09,22292,brave,0.999988,Normal Traffic,3000
2026-01-23 16:08:11,22292,brave,0.999995,Normal Traffic,3000
2026-01-23 16:08:12,16272,Hiddify,0.999976,Normal Traffic,3000
2026-01-23 16:08:12,2400,svchost,0.998955,Normal Traffic,6
2026-01-23 16:08:12,16272,Hiddify,0.999925,Normal Traffic,20
2026-01-23 16:08:12,2400,svchost,1.000000,Normal Traffic,4
2026-01-23 16:08:13,22292,brave,0.999954,Normal Traffic,3000
2026-01-23 16:08:13,10832,warp-svc,0.999999,Normal Traffic,2
2026-01-23 16:08:14,6748,qbittorrent,0.999999,Normal Traffic,2
2026-01-23 16:08:16,22292,brave,0.999995,Normal Traffic,3000
2026-01-23 16:08:16,22292,brave,0.999995,Normal Traffic,22
2026-01-23 16:08:17,16272,Hiddify,0.999957,Normal Traffic,3000
2026-01-23 16:08:18,22292,brave,0.999979,Normal Traffic,3000
2026-01-23 16:08:19,6748,qbittorrent,0.999999,Normal Traffic,2
2026-01-23 16:08:20,22292,brave,0.999977,Normal Traffic,3000
2026-01-23 16:08:21,22292,brave,0.999995,Normal Traffic,3000
2026-01-23 16:08:22,16272,Hiddify,0.999987,Normal Traffic,3000
2026-01-23 16:08:24,6748,qbittorrent,0.999999,Normal Traffic,2
2026-01-23 16:08:28,22292,brave,0.999989,Normal Traffic,5
2026-01-23 16:08:29,22292,brave,0.999998,Normal Traffic,56
2026-01-23 16:08:29,22292,brave,0.999994,Normal Traffic,6
2026-01-23 16:08:29,6748,qbittorrent,0.999999,Normal Traffic,1
2026-01-23 16:08:34,6748,qbittorrent,0.999999,Normal Traffic,1
2026-01-23 16:08:38,20224,SchildiChatAlpha,0.999998,Normal Traffic,5
2026-01-23 16:08:38,25188,Telegram,0.999999,Normal Traffic,4
2026-01-23 16:08:39,6748,qbittorrent,0.999990,Normal Traffic,2
2026-01-23 16:08:42,22292,brave,0.999994,Normal Traffic,1500
2026-01-23 16:08:44,6748,qbittorrent,0.999994,Normal Traffic,2
2026-01-23 16:08:49,6748,qbittorrent,0.999998,Normal Traffic,2
2026-01-23 16:08:51,22292,brave,0.999948,Normal Traffic,3000
2026-01-23 16:08:53,16272,Hiddify,0.999976,Normal Traffic,3000
2026-01-23 16:08:53,22292,brave,0.999981,Normal Traffic,3000
2026-01-23 16:08:54,6748,qbittorrent,0.999999,Normal Traffic,2
2026-01-23 16:08:56,22292,brave,0.999996,Normal Traffic,21
2026-01-23 16:08:59,22292,brave,0.999997,Normal Traffic,6
2026-01-23 16:08:59,6748,qbittorrent,0.999999,Normal Traffic,2
2026-01-23 16:09:01,22292,brave,0.999999,Normal Traffic,2
2026-01-23 16:09:04,6748,qbittorrent,0.999999,Normal Traffic,2
2026-01-23 16:09:05,11156,gamingservices,0.999996,Normal Traffic,11
2026-01-23 16:09:05,10484,svchost,0.999993,Normal Traffic,2
2026-01-23 16:09:09,20224,SchildiChatAlpha,0.999995,Normal Traffic,10
2026-01-23 16:09:09,6748,qbittorrent,0.999999,Normal Traffic,2
2026-01-23 16:09:11,2400,svchost,0.999992,Normal Traffic,1
2026-01-23 16:09:13,10832,warp-svc,0.999998,Normal Traffic,2
2026-01-23 16:09:13,22292,brave,0.999983,Normal Traffic,2249
2026-01-23 16:09:14,11212,LestaErrorMonitor,0.999995,Normal Traffic,8
2026-01-23 16:09:14,6748,qbittorrent,0.999998,Normal Traffic,2
2026-01-23 16:09:18,26708,lgc,0.999998,Normal Traffic,43
2026-01-23 16:09:18,16272,Hiddify,0.999999,Normal Traffic,43
2026-01-23 16:09:18,26708,lgc,0.940022,Normal Traffic,8
2026-01-23 16:09:18,16272,Hiddify,0.843225,Normal Traffic,8
2026-01-23 16:09:19,6748,qbittorrent,1.000000,Normal Traffic,1
2026-01-23 16:09:23,25188,Telegram,0.999999,Normal Traffic,3
2026-01-23 16:09:24,6748,qbittorrent,0.999999,Normal Traffic,2
2026-01-23 16:09:26,2400,svchost,0.999993,Normal Traffic,20
2026-01-23 16:09:26,16272,Hiddify,1.000000,Normal Traffic,50
2026-01-23 16:09:26,2400,svchost,1.000000,Normal Traffic,9
2026-01-23 16:09:28,22292,brave,0.999990,Normal Traffic,3000
2026-01-23 16:09:29,6748,qbittorrent,0.999999,Normal Traffic,2
2026-01-23 16:09:29,16272,Hiddify,0.999989,Normal Traffic,3000
2026-01-23 16:09:30,22292,brave,0.999997,Normal Traffic,6
2026-01-23 16:09:30,22292,brave,1.000000,Normal Traffic,17
2026-01-23 16:09:32,12672,Code,0.999993,Normal Traffic,9
2026-01-23 16:09:33,22292,brave,0.999993,Normal Traffic,3000
2026-01-23 16:09:34,6748,qbittorrent,0.999997,Normal Traffic,2
2026-01-23 16:09:36,22292,brave,0.999997,Normal Traffic,22
2026-01-23 16:09:39,20224,SchildiChatAlpha,0.999998,Normal Traffic,9
2026-01-23 16:09:39,6748,qbittorrent,0.999996,Normal Traffic,2
2026-01-23 16:09:39,22292,brave,0.999996,Normal Traffic,3000
2026-01-23 16:09:40,16272,Hiddify,0.999986,Normal Traffic,3000
2026-01-23 16:09:42,22292,brave,0.999979,Normal Traffic,3000
2026-01-23 16:09:44,6748,qbittorrent,0.999988,Normal Traffic,2
2026-01-23 16:09:50,6748,qbittorrent,0.999998,Normal Traffic,2
2026-01-23 16:09:51,22292,brave,0.999995,Normal Traffic,3000
2026-01-23 16:09:52,16272,Hiddify,0.999985,Normal Traffic,3000
2026-01-23 16:09:53,22292,brave,0.999981,Normal Traffic,3000
2026-01-23 16:09:54,6132,svchost,0.999997,Normal Traffic,14
2026-01-23 16:09:54,6748,qbittorrent,0.999999,Normal Traffic,2
2026-01-23 16:09:59,6748,qbittorrent,0.999999,Normal Traffic,2
2026-01-23 16:10:00,22292,brave,0.999997,Normal Traffic,6
2026-01-23 16:10:04,6748,qbittorrent,0.999999,Normal Traffic,2
2026-01-23 16:10:05,10484,svchost,0.999994,Normal Traffic,2
2026-01-23 16:10:06,16272,Hiddify,0.999999,Normal Traffic,1
2026-01-23 16:10:06,26708,lgc,0.999999,Normal Traffic,1
2026-01-23 16:10:09,20224,SchildiChatAlpha,0.999997,Normal Traffic,5
2026-01-23 16:10:09,6748,qbittorrent,0.999999,Normal Traffic,2
2026-01-23 16:10:12,2400,svchost,0.999998,Normal Traffic,10
2026-01-23 16:10:12,2400,svchost,1.000000,Normal Traffic,2
2026-01-23 16:10:12,22292,brave,0.999992,Normal Traffic,226
2026-01-23 16:10:13,10832,warp-svc,0.999998,Normal Traffic,2
2026-01-23 16:10:14,6748,qbittorrent,0.999997,Normal Traffic,2
2026-01-23 16:10:15,2400,svchost,0.999998,Normal Traffic,9
2026-01-23 16:10:15,16272,Hiddify,0.999893,Normal Traffic,28
2026-01-23 16:10:15,22292,brave,1.000000,Normal Traffic,28
2026-01-23 16:10:16,22292,brave,0.999950,Normal Traffic,3000
2026-01-23 16:10:16,22292,brave,0.999996,Normal Traffic,22
2026-01-23 16:10:18,16272,Hiddify,0.999941,Normal Traffic,3000
2026-01-23 16:10:18,22292,brave,0.999988,Normal Traffic,3000
2026-01-23 16:10:18,25188,Telegram,0.999972,Normal Traffic,5
2026-01-23 16:10:19,22292,brave,0.999995,Normal Traffic,3000
2026-01-23 16:10:19,6748,qbittorrent,1.000000,Normal Traffic,1
2026-01-23 16:10:21,22292,brave,0.999981,Normal Traffic,3000
2026-01-23 16:10:22,20220,WINWORD,0.999998,Normal Traffic,10
2026-01-23 16:10:24,6748,qbittorrent,0.999998,Normal Traffic,2
2026-01-23 16:10:29,22292,brave,0.999998,Normal Traffic,26
2026-01-23 16:10:29,6748,qbittorrent,0.999995,Normal Traffic,2
2026-01-23 16:10:30,22292,brave,0.999994,Normal Traffic,5
2026-01-23 16:10:30,16272,Hiddify,0.999999,Normal Traffic,2
2026-01-23 16:10:30,26708,lgc,0.999999,Normal Traffic,2
2026-01-23 16:10:34,16272,Hiddify,0.999988,Normal Traffic,3000
2026-01-23 16:10:34,6748,qbittorrent,0.999998,Normal Traffic,2
2026-01-23 16:10:36,22292,brave,0.999987,Normal Traffic,3000
2026-01-23 16:10:37,22292,brave,0.999985,Normal Traffic,3000
2026-01-23 16:10:38,16272,Hiddify,0.999988,Normal Traffic,3000
2026-01-23 16:10:39,22292,brave,0.999979,Normal Traffic,3000
2026-01-23 16:10:39,6748,qbittorrent,1.000000,Normal Traffic,1
2026-01-23 16:10:40,20224,SchildiChatAlpha,0.999996,Normal Traffic,9
2026-01-23 16:10:44,6748,qbittorrent,0.999998,Normal Traffic,2
2026-01-23 16:10:49,6748,qbittorrent,0.999998,Normal Traffic,2
2026-01-23 16:10:51,22292,brave,0.999997,Normal Traffic,29
2026-01-23 16:10:55,6748,qbittorrent,0.999998,Normal Traffic,2
2026-01-23 16:10:56,22292,brave,0.999998,Normal Traffic,25
2026-01-23 16:10:59,22292,brave,0.999995,Normal Traffic,1848
2026-01-23 16:10:59,6748,qbittorrent,0.999982,Normal Traffic,2
2026-01-23 16:11:00,22292,brave,1.000000,Normal Traffic,26
2026-01-23 16:11:01,22292,brave,0.999996,Normal Traffic,6
2026-01-23 16:11:04,6748,qbittorrent,0.999998,Normal Traffic,2
2026-01-23 16:11:04,10484,svchost,0.999991,Normal Traffic,2
2026-01-23 16:11:05,25188,Telegram,0.999997,Normal Traffic,8
2026-01-23 16:11:09,6748,qbittorrent,0.999998,Normal Traffic,2
2026-01-23 16:11:10,20224,SchildiChatAlpha,0.999998,Normal Traffic,5
2026-01-23 16:11:12,10832,warp-svc,0.999999,Normal Traffic,2
2026-01-23 16:11:14,6748,qbittorrent,0.999998,Normal Traffic,2
2026-01-23 16:11:19,6748,qbittorrent,0.999998,Normal Traffic,2
2026-01-23 16:11:24,6748,qbittorrent,0.999997,Normal Traffic,2
2026-01-23 16:11:25,2400,svchost,0.998664,Normal Traffic,6
2026-01-23 16:11:25,2400,svchost,1.000000,Normal Traffic,8
2026-01-23 16:11:25,16272,Hiddify,0.999894,Normal Traffic,18
2026-01-23 16:11:25,2400,svchost,0.999996,Normal Traffic,1
2026-01-23 16:11:26,24768,ExitedProcess,0.999997,Normal Traffic,13
2026-01-23 16:11:27,25188,Telegram,0.999780,Normal Traffic,2
2026-01-23 16:11:28,22292,brave,0.999998,Normal Traffic,9
2026-01-23 16:11:29,6748,qbittorrent,0.999995,Normal Traffic,2
2026-01-23 16:11:31,22292,brave,0.999995,Normal Traffic,6
2026-01-23 16:11:32,22292,brave,0.999995,Normal Traffic,189
2026-01-23 16:11:34,22292,brave,0.999992,Normal Traffic,74
2026-01-23 16:11:34,6748,qbittorrent,0.999996,Normal Traffic,2
2026-01-23 16:11:35,22292,brave,0.999997,Normal Traffic,74
2026-01-23 16:11:35,22292,brave,0.999997,Normal Traffic,20
2026-01-23 16:11:38,16272,Hiddify,0.999984,Normal Traffic,3000
2026-01-23 16:11:38,22292,brave,0.999991,Normal Traffic,3000
2026-01-23 16:11:39,6748,qbittorrent,0.999997,Normal Traffic,1
2026-01-23 16:11:40,20224,SchildiChatAlpha,0.999998,Normal Traffic,9
2026-01-23 16:11:44,6748,qbittorrent,0.999998,Normal Traffic,2
2026-01-23 16:11:44,22292,brave,0.999996,Normal Traffic,3000
2026-01-23 16:11:45,12672,Code,0.999998,Normal Traffic,1
2026-01-23 16:11:49,6748,qbittorrent,0.999999,Normal Traffic,2
2026-01-23 16:11:51,22292,brave,0.999998,Normal Traffic,6
2026-01-23 16:11:51,16272,Hiddify,0.999998,Normal Traffic,6
2026-01-23 16:11:54,6748,qbittorrent,0.999999,Normal Traffic,2
2026-01-23 16:11:56,24768,ExitedProcess,0.999998,Normal Traffic,1
2026-01-23 16:11:58,25188,Telegram,0.999998,Normal Traffic,3
2026-01-23 16:11:59,6748,qbittorrent,0.999999,Normal Traffic,2
2026-01-23 16:12:01,22292,brave,0.999995,Normal Traffic,5
2026-01-23 16:12:04,6748,qbittorrent,1.000000,Normal Traffic,1
2026-01-23 16:12:04,10484,svchost,0.999991,Normal Traffic,2
2026-01-23 16:12:09,6748,qbittorrent,0.999992,Normal Traffic,2
2026-01-23 16:12:11,22292,brave,0.999999,Normal Traffic,101
2026-01-23 16:12:11,20224,SchildiChatAlpha,0.999997,Normal Traffic,5
2026-01-23 16:12:12,10832,warp-svc,0.999999,Normal Traffic,2
2026-01-23 16:12:14,6748,qbittorrent,0.999994,Normal Traffic,2
2026-01-23 16:12:15,22292,brave,0.999964,Normal Traffic,1827
2026-01-23 16:12:16,22292,brave,0.999996,Normal Traffic,22
2026-01-23 16:12:17,16272,Hiddify,0.999982,Normal Traffic,3000
2026-01-23 16:12:19,22292,brave,0.999987,Normal Traffic,3000
2026-01-23 16:12:19,6748,qbittorrent,0.999998,Normal Traffic,2
2026-01-23 16:12:21,22292,brave,0.999995,Normal Traffic,3000
2026-01-23 16:12:23,16272,Hiddify,0.999989,Normal Traffic,3000
2026-01-23 16:12:24,22292,brave,0.999995,Normal Traffic,3000
2026-01-23 16:12:24,6748,qbittorrent,0.999996,Normal Traffic,2
2026-01-23 16:12:29,6748,qbittorrent,0.999999,Normal Traffic,2
2026-01-23 16:12:30,22292,brave,0.999991,Normal Traffic,27
2026-01-23 16:12:32,16272,Hiddify,0.999896,Normal Traffic,32
2026-01-23 16:12:32,2400,svchost,0.998291,Normal Traffic,8
2026-01-23 16:12:32,2400,svchost,1.000000,Normal Traffic,8
2026-01-23 16:12:32,22292,brave,0.999997,Normal Traffic,6
2026-01-23 16:12:34,6748,qbittorrent,0.999999,Normal Traffic,2
2026-01-23 16:12:39,6748,qbittorrent,0.999998,Normal Traffic,2
2026-01-23 16:12:41,25188,Telegram,0.999999,Normal Traffic,3
2026-01-23 16:12:41,20224,SchildiChatAlpha,0.999998,Normal Traffic,9
2026-01-23 16:12:43,22292,brave,0.999992,Normal Traffic,751
2026-01-23 16:12:44,6748,qbittorrent,0.999998,Normal Traffic,2
2026-01-23 16:12:49,6748,qbittorrent,0.999997,Normal Traffic,2
2026-01-23 16:12:54,6748,qbittorrent,0.999998,Normal Traffic,2
2026-01-23 16:12:56,16272,Hiddify,0.999998,Normal Traffic,1
2026-01-23 16:12:56,22292,brave,0.999998,Normal Traffic,1
2026-01-23 16:12:57,22292,brave,0.999997,Normal Traffic,25
2026-01-23 16:12:59,6748,qbittorrent,0.999995,Normal Traffic,2
2026-01-23 16:13:02,22292,brave,0.999999,Normal Traffic,31
2026-01-23 16:13:02,22292,brave,0.999997,Normal Traffic,6
2026-01-23 16:13:04,6748,qbittorrent,0.999997,Normal Traffic,2
2026-01-23 16:13:04,10484,svchost,0.999993,Normal Traffic,2
2026-01-23 16:13:09,6748,qbittorrent,0.999995,Normal Traffic,2
2026-01-23 16:13:11,20224,SchildiChatAlpha,0.999998,Normal Traffic,5
2026-01-23 16:13:12,10832,warp-svc,0.999999,Normal Traffic,2
2026-01-23 16:13:14,6748,qbittorrent,0.999998,Normal Traffic,2
2026-01-23 16:13:16,25188,Telegram,1.000000,Normal Traffic,5
2026-01-23 16:13:16,25188,Telegram,0.999789,Normal Traffic,7
2026-01-23 16:13:16,25188,Telegram,0.999994,Normal Traffic,2
2026-01-23 16:13:19,6748,qbittorrent,0.999985,Normal Traffic,2
2026-01-23 16:13:21,22292,brave,0.999992,Normal Traffic,3000
2026-01-23 16:13:22,16272,Hiddify,0.999992,Normal Traffic,3000
2026-01-23 16:13:23,22292,brave,0.999997,Normal Traffic,3000
2026-01-23 16:13:24,2400,svchost,0.995814,Normal Traffic,6
2026-01-23 16:13:24,16272,Hiddify,0.999747,Normal Traffic,18
2026-01-23 16:13:24,2400,svchost,1.000000,Normal Traffic,4
2026-01-23 16:13:24,6748,qbittorrent,0.999997,Normal Traffic,2
2026-01-23 16:13:25,22292,brave,0.999991,Normal Traffic,3000
2026-01-23 16:13:25,16272,Hiddify,0.999971,Normal Traffic,3000
2026-01-23 16:13:29,6748,qbittorrent,0.999998,Normal Traffic,2
2026-01-23 16:13:33,22292,brave,0.999995,Normal Traffic,6
2026-01-23 16:13:34,22292,brave,0.999998,Normal Traffic,3000
2026-01-23 16:13:34,6748,qbittorrent,0.999988,Normal Traffic,2
2026-01-23 16:13:36,22292,brave,0.999998,Normal Traffic,3000
2026-01-23 16:13:36,22292,brave,0.999997,Normal Traffic,24
2026-01-23 16:13:38,16272,Hiddify,0.999956,Normal Traffic,3000
2026-01-23 16:13:38,22292,brave,0.999990,Normal Traffic,3000
2026-01-23 16:13:39,6748,qbittorrent,0.999998,Normal Traffic,2
2026-01-23 16:13:40,25188,Telegram,0.999994,Normal Traffic,2
2026-01-23 16:13:41,20224,SchildiChatAlpha,0.999997,Normal Traffic,9
2026-01-23 16:13:43,2400,svchost,0.999197,Normal Traffic,2
2026-01-23 16:13:44,6748,qbittorrent,0.999985,Normal Traffic,2
2026-01-23 16:13:50,6748,qbittorrent,0.999999,Normal Traffic,2
2026-01-23 16:13:55,6748,qbittorrent,0.999992,Normal Traffic,2
2026-01-23 16:13:56,22292,brave,1.000000,Normal Traffic,30
2026-01-23 16:13:57,22292,brave,0.999969,Normal Traffic,3000
2026-01-23 16:13:58,16272,Hiddify,0.999990,Normal Traffic,3000
2026-01-23 16:13:59,22292,brave,0.999989,Normal Traffic,3000
2026-01-23 16:14:00,6748,qbittorrent,0.999990,Normal Traffic,2
2026-01-23 16:14:01,22292,brave,0.999948,Normal Traffic,3000
2026-01-23 16:14:03,16272,Hiddify,0.999778,Normal Traffic,3000
2026-01-23 16:14:03,22292,brave,0.999992,Normal Traffic,3000
2026-01-23 16:14:04,22292,brave,0.999997,Normal Traffic,6
2026-01-23 16:14:05,11156,gamingservices,0.999995,Normal Traffic,11
2026-01-23 16:14:05,6748,qbittorrent,0.999996,Normal Traffic,2
2026-01-23 16:14:05,10484,svchost,0.999993,Normal Traffic,2
2026-01-23 16:14:10,6748,qbittorrent,0.999998,Normal Traffic,2
2026-01-23 16:14:11,6132,svchost,0.999998,Normal Traffic,13
2026-01-23 16:14:13,10832,warp-svc,0.999999,Normal Traffic,2
2026-01-23 16:14:13,20224,SchildiChatAlpha,0.999997,Normal Traffic,5
2026-01-23 16:14:15,6748,qbittorrent,0.999999,Normal Traffic,1
2026-01-23 16:14:17,22292,brave,0.999999,Normal Traffic,67
2026-01-23 16:14:18,22292,brave,0.999998,Normal Traffic,25
2026-01-23 16:14:19,2400,svchost,0.999996,Normal Traffic,3
2026-01-23 16:14:19,2400,svchost,0.999996,Normal Traffic,1
2026-01-23 16:14:19,26708,lgc,0.072449,DoS,2
2026-01-23 16:14:19,16272,Hiddify,0.047848,DoS,2
2026-01-23 16:14:19,22292,brave,0.999993,Normal Traffic,3000
2026-01-23 16:14:20,6748,qbittorrent,0.999997,Normal Traffic,2
2026-01-23 16:14:21,22292,brave,0.999990,Normal Traffic,3000
2026-01-23 16:14:21,16272,Hiddify,0.999908,Normal Traffic,3000
2026-01-23 16:14:23,22292,brave,0.999991,Normal Traffic,3000
2026-01-23 16:14:24,22292,brave,0.999989,Normal Traffic,3000
2026-01-23 16:14:25,6748,qbittorrent,0.999997,Normal Traffic,2
2026-01-23 16:14:30,6748,qbittorrent,0.999998,Normal Traffic,2
2026-01-23 16:14:31,22292,brave,0.999986,Normal Traffic,25
2026-01-23 16:14:33,2400,svchost,0.999993,Normal Traffic,12
2026-01-23 16:14:33,16272,Hiddify,0.999956,Normal Traffic,26
2026-01-23 16:14:34,22292,brave,0.999996,Normal Traffic,5
2026-01-23 16:14:35,6748,qbittorrent,0.999999,Normal Traffic,2
2026-01-23 16:14:36,25188,Telegram,0.999996,Normal Traffic,3
2026-01-23 16:14:39,12672,Code,0.999996,Normal Traffic,11
2026-01-23 16:14:40,6748,qbittorrent,0.999999,Normal Traffic,1
2026-01-23 16:14:43,20224,SchildiChatAlpha,0.999998,Normal Traffic,9
2026-01-23 16:14:43,16272,Hiddify,0.999992,Normal Traffic,3000
2026-01-23 16:14:44,22292,brave,0.999969,Normal Traffic,3000
2026-01-23 16:14:45,6748,qbittorrent,0.999997,Normal Traffic,2
2026-01-23 16:14:46,22292,brave,0.999949,Normal Traffic,3000
2026-01-23 16:14:48,16272,Hiddify,0.999904,Normal Traffic,3000
2026-01-23 16:14:48,22292,brave,0.999990,Normal Traffic,3000
2026-01-23 16:14:50,6748,qbittorrent,0.999999,Normal Traffic,1
2026-01-23 16:14:55,6748,qbittorrent,0.999998,Normal Traffic,2
2026-01-23 16:14:56,22292,brave,0.999995,Normal Traffic,22
2026-01-23 16:15:00,6748,qbittorrent,0.999997,Normal Traffic,2
2026-01-23 16:15:05,22292,brave,0.999994,Normal Traffic,6
2026-01-23 16:15:05,6748,qbittorrent,0.999999,Normal Traffic,2
2026-01-23 16:15:05,10484,svchost,0.999992,Normal Traffic,2
2026-01-23 16:15:06,22292,brave,1.000000,Normal Traffic,18
2026-01-23 16:15:08,22292,brave,0.999974,Normal Traffic,3000
2026-01-23 16:15:10,6748,qbittorrent,0.999987,Normal Traffic,2
2026-01-23 16:15:11,22292,brave,0.999991,Normal Traffic,3000
2026-01-23 16:15:11,25188,Telegram,0.999997,Normal Traffic,3
2026-01-23 16:15:11,16272,Hiddify,0.999980,Normal Traffic,3000
2026-01-23 16:15:13,10832,warp-svc,0.999998,Normal Traffic,2
2026-01-23 16:15:13,20224,SchildiChatAlpha,0.999998,Normal Traffic,5
2026-01-23 16:15:13,22292,brave,0.999947,Normal Traffic,3000
2026-01-23 16:15:15,6748,qbittorrent,0.999988,Normal Traffic,2
2026-01-23 16:15:15,22292,brave,0.999990,Normal Traffic,3000
2026-01-23 16:15:16,16272,Hiddify,0.999976,Normal Traffic,3000
2026-01-23 16:15:20,6748,qbittorrent,0.999997,Normal Traffic,2
2026-01-23 16:15:25,6748,qbittorrent,0.999997,Normal Traffic,2
2026-01-23 16:15:29,22292,brave,0.999994,Normal Traffic,3000
2026-01-23 16:15:30,6748,qbittorrent,0.999997,Normal Traffic,2
2026-01-23 16:15:31,22292,brave,0.999947,Normal Traffic,3000
2026-01-23 16:15:32,16272,Hiddify,0.999995,Normal Traffic,3000
2026-01-23 16:15:33,22292,brave,0.999990,Normal Traffic,3000
2026-01-23 16:15:35,2400,svchost,0.999974,Normal Traffic,8
2026-01-23 16:15:35,2400,svchost,1.000000,Normal Traffic,10
2026-01-23 16:15:35,16272,Hiddify,0.999909,Normal Traffic,19
2026-01-23 16:15:35,2400,svchost,0.999999,Normal Traffic,2
2026-01-23 16:15:35,6748,qbittorrent,0.999998,Normal Traffic,2
2026-01-23 16:15:36,22292,brave,0.999998,Normal Traffic,6
2026-01-23 16:15:36,22292,brave,0.999996,Normal Traffic,22
2026-01-23 16:15:40,6748,qbittorrent,0.999999,Normal Traffic,2
2026-01-23 16:15:42,8688,AsusUpdate,0.999997,Normal Traffic,17
2026-01-23 16:15:43,22292,brave,0.999999,Normal Traffic,18
2026-01-23 16:15:44,20224,SchildiChatAlpha,0.999997,Normal Traffic,10
2026-01-23 16:15:45,6748,qbittorrent,0.999990,Normal Traffic,2
2026-01-23 16:15:50,6748,qbittorrent,0.999999,Normal Traffic,2
2026-01-23 16:15:51,22292,brave,0.999992,Normal Traffic,3000
2026-01-23 16:15:52,16272,Hiddify,0.999989,Normal Traffic,3000
2026-01-23 16:15:53,22292,brave,0.999988,Normal Traffic,3000
2026-01-23 16:15:55,6748,qbittorrent,0.999999,Normal Traffic,2
2026-01-23 16:15:55,22292,brave,0.999991,Normal Traffic,3000
2026-01-23 16:15:56,16272,Hiddify,0.999985,Normal Traffic,3000
2026-01-23 16:16:00,6748,qbittorrent,0.999999,Normal Traffic,2
2026-01-23 16:16:05,6748,qbittorrent,0.999998,Normal Traffic,2
2026-01-23 16:16:06,25188,Telegram,0.999965,Normal Traffic,3
2026-01-23 16:16:07,22292,brave,0.999996,Normal Traffic,6
2026-01-23 16:16:10,5412,svchost,0.020541,DoS,2
2026-01-23 16:16:10,6748,qbittorrent,0.999999,Normal Traffic,1
2026-01-23 16:16:11,22292,brave,0.999993,Normal Traffic,3000
2026-01-23 16:16:12,22292,brave,0.999998,Normal Traffic,3000
2026-01-23 16:16:13,10832,warp-svc,0.999998,Normal Traffic,2
2026-01-23 16:16:14,20224,SchildiChatAlpha,0.999995,Normal Traffic,5
2026-01-23 16:16:14,16272,Hiddify,0.999996,Normal Traffic,3000
2026-01-23 16:16:15,6748,qbittorrent,0.999968,Normal Traffic,2
2026-01-23 16:16:15,22292,brave,0.999990,Normal Traffic,3000
2026-01-23 16:16:16,22292,brave,0.999999,Normal Traffic,40
2026-01-23 16:16:16,22292,brave,0.999997,Normal Traffic,25
2026-01-23 16:16:17,22292,brave,0.999943,Normal Traffic,3000
2026-01-23 16:16:20,6748,qbittorrent,0.999998,Normal Traffic,2
2026-01-23 16:16:25,6748,qbittorrent,0.999995,Normal Traffic,2
2026-01-23 16:16:29,10484,svchost,0.999998,Normal Traffic,14
2026-01-23 16:16:30,6748,qbittorrent,0.999999,Normal Traffic,1
2026-01-23 16:16:32,2400,svchost,1.000000,Normal Traffic,10
2026-01-23 16:16:32,2400,svchost,1.000000,Normal Traffic,2
2026-01-23 16:16:33,22292,brave,0.999990,Normal Traffic,27
2026-01-23 16:16:33,22292,brave,0.999994,Normal Traffic,3000
2026-01-23 16:16:33,16272,Hiddify,0.999937,Normal Traffic,3000
2026-01-23 16:16:35,6748,qbittorrent,1.000000,Normal Traffic,1
2026-01-23 16:16:35,22292,brave,0.999990,Normal Traffic,3000
2026-01-23 16:16:37,22292,brave,0.999995,Normal Traffic,6
2026-01-23 16:16:40,6748,qbittorrent,0.999995,Normal Traffic,2
2026-01-23 16:16:41,25188,Telegram,0.999983,Normal Traffic,3
2026-01-23 16:16:44,20224,SchildiChatAlpha,0.999998,Normal Traffic,9
2026-01-23 16:16:45,6748,qbittorrent,0.999998,Normal Traffic,2
2026-01-23 16:16:47,2400,svchost,0.999999,Normal Traffic,14
2026-01-23 16:16:47,16272,Hiddify,0.999968,Normal Traffic,42
2026-01-23 16:16:50,6748,qbittorrent,0.999998,Normal Traffic,2
2026-01-23 16:16:52,22292,brave,0.999997,Normal Traffic,31
2026-01-23 16:16:52,12672,Code,0.999998,Normal Traffic,1
2026-01-23 16:16:55,27376,Code,0.999995,Normal Traffic,25
2026-01-23 16:16:55,6748,qbittorrent,0.999999,Normal Traffic,2
2026-01-23 16:16:55,22292,brave,0.999972,Normal Traffic,3000
2026-01-23 16:16:56,16272,Hiddify,0.999974,Normal Traffic,3000
2026-01-23 16:16:56,22292,brave,0.999997,Normal Traffic,21
2026-01-23 16:16:57,22292,brave,0.999998,Normal Traffic,3000
2026-01-23 16:17:00,6748,qbittorrent,0.999999,Normal Traffic,2
2026-01-23 16:17:05,6748,qbittorrent,0.999999,Normal Traffic,2
2026-01-23 16:17:08,22292,brave,0.999996,Normal Traffic,6
2026-01-23 16:17:09,22292,brave,1.000000,Normal Traffic,43
2026-01-23 16:17:10,5412,svchost,0.999886,Normal Traffic,1
2026-01-23 16:17:10,6748,qbittorrent,0.999998,Normal Traffic,2
2026-01-23 16:17:13,10832,warp-svc,0.999999,Normal Traffic,2
2026-01-23 16:17:14,20224,SchildiChatAlpha,0.999997,Normal Traffic,5
2026-01-23 16:17:14,2400,svchost,0.982864,Normal Traffic,2
2026-01-23 16:17:14,2400,svchost,0.999997,Normal Traffic,4
2026-01-23 16:17:14,16272,Hiddify,0.999818,Normal Traffic,4
2026-01-23 16:17:15,6748,qbittorrent,0.999999,Normal Traffic,2
2026-01-23 16:17:18,22292,brave,0.999997,Normal Traffic,1726
2026-01-23 16:17:20,6748,qbittorrent,0.999999,Normal Traffic,2
2026-01-23 16:17:25,22292,brave,0.999985,Normal Traffic,3000
2026-01-23 16:17:25,16272,Hiddify,0.999989,Normal Traffic,3000
2026-01-23 16:17:26,6748,qbittorrent,0.999999,Normal Traffic,2
2026-01-23 16:17:27,22292,brave,0.999990,Normal Traffic,3000
2026-01-23 16:17:28,10484,svchost,0.999993,Normal Traffic,2
2026-01-23 16:17:29,22292,brave,0.999945,Normal Traffic,3000
2026-01-23 16:17:30,16272,Hiddify,0.999987,Normal Traffic,3000
2026-01-23 16:17:30,6748,qbittorrent,0.999974,Normal Traffic,2
2026-01-23 16:17:35,6748,qbittorrent,0.999999,Normal Traffic,1
2026-01-23 16:17:36,25188,Telegram,0.999968,Normal Traffic,3
2026-01-23 16:17:36,22292,brave,0.999996,Normal Traffic,22
2026-01-23 16:17:38,22292,brave,0.999996,Normal Traffic,6
2026-01-23 16:17:39,2400,svchost,0.998406,Normal Traffic,4
2026-01-23 16:17:39,16272,Hiddify,0.999618,Normal Traffic,14
2026-01-23 16:17:39,2400,svchost,0.999999,Normal Traffic,6
2026-01-23 16:17:40,6748,qbittorrent,1.000000,Normal Traffic,1
2026-01-23 16:17:41,22292,brave,0.999999,Normal Traffic,2
2026-01-23 16:17:45,20224,SchildiChatAlpha,0.999997,Normal Traffic,10
2026-01-23 16:17:45,6748,qbittorrent,0.999999,Normal Traffic,2
2026-01-23 16:17:50,6748,qbittorrent,0.999998,Normal Traffic,2
2026-01-23 16:17:55,6748,qbittorrent,0.999999,Normal Traffic,2
2026-01-23 16:18:00,6748,qbittorrent,1.000000,Normal Traffic,1
2026-01-23 16:18:05,6748,qbittorrent,0.999999,Normal Traffic,2
2026-01-23 16:18:07,22292,brave,0.999991,Normal Traffic,943
2026-01-23 16:18:07,22292,brave,0.999997,Normal Traffic,17
2026-01-23 16:18:10,22292,brave,0.999950,Normal Traffic,3000
2026-01-23 16:18:10,16272,Hiddify,0.999988,Normal Traffic,3000
2026-01-23 16:18:11,6748,qbittorrent,0.999994,Normal Traffic,4
2026-01-23 16:18:11,25188,Telegram,0.999989,Normal Traffic,3
2026-01-23 16:18:12,22292,brave,0.999973,Normal Traffic,7
2026-01-23 16:18:12,22292,brave,0.999992,Normal Traffic,3000
2026-01-23 16:18:13,10832,warp-svc,0.999999,Normal Traffic,2
2026-01-23 16:18:14,22292,brave,0.999991,Normal Traffic,3000
2026-01-23 16:18:15,2400,svchost,0.997845,Normal Traffic,4
2026-01-23 16:18:15,6748,qbittorrent,0.999988,Normal Traffic,2
2026-01-23 16:18:15,16272,Hiddify,0.999992,Normal Traffic,3000
2026-01-23 16:18:16,16272,Hiddify,0.999347,Normal Traffic,8
2026-01-23 16:18:16,20224,SchildiChatAlpha,0.999998,Normal Traffic,5
2026-01-23 16:18:16,2400,svchost,0.999996,Normal Traffic,1
2026-01-23 16:18:16,22292,brave,0.999990,Normal Traffic,3000
2026-01-23 16:18:17,22292,brave,0.999999,Normal Traffic,95
2026-01-23 16:18:17,22292,brave,0.999996,Normal Traffic,71
2026-01-23 16:18:20,6748,qbittorrent,0.999997,Normal Traffic,2
2026-01-23 16:18:25,6748,qbittorrent,0.999999,Normal Traffic,2
2026-01-23 16:18:28,10484,svchost,0.999985,Normal Traffic,2
2026-01-23 16:18:30,22292,brave,0.999994,Normal Traffic,50
2026-01-23 16:18:30,6748,qbittorrent,0.999998,Normal Traffic,2
2026-01-23 16:18:32,22292,brave,0.999993,Normal Traffic,563
2026-01-23 16:18:33,22292,brave,0.999986,Normal Traffic,28
2026-01-23 16:18:35,6748,qbittorrent,0.999999,Normal Traffic,2
2026-01-23 16:18:36,22292,brave,0.999996,Normal Traffic,370
2026-01-23 16:18:38,22292,brave,0.999993,Normal Traffic,359
2026-01-23 16:18:40,6748,qbittorrent,0.999999,Normal Traffic,2
2026-01-23 16:18:42,22292,brave,0.999997,Normal Traffic,46
2026-01-23 16:18:43,2400,svchost,0.999840,Normal Traffic,4
2026-01-23 16:18:43,16272,Hiddify,0.999630,Normal Traffic,12
2026-01-23 16:18:43,2400,svchost,0.999997,Normal Traffic,4
2026-01-23 16:18:45,6748,qbittorrent,0.999988,Normal Traffic,2
2026-01-23 16:18:46,22292,brave,0.999990,Normal Traffic,25
2026-01-23 16:18:46,20224,SchildiChatAlpha,0.999998,Normal Traffic,9
2026-01-23 16:18:50,22292,brave,0.999998,Normal Traffic,12
2026-01-23 16:18:50,6748,qbittorrent,0.999999,Normal Traffic,2
2026-01-23 16:18:51,22292,brave,0.999996,Normal Traffic,30
2026-01-23 16:18:53,6896,MpDefenderCoreService,0.999997,Normal Traffic,9
2026-01-23 16:18:55,6748,qbittorrent,0.999999,Normal Traffic,2
2026-01-23 16:19:00,6748,qbittorrent,0.999998,Normal Traffic,2
2026-01-23 16:19:02,22292,brave,0.999997,Normal Traffic,220
2026-01-23 16:19:05,11156,gamingservices,0.999995,Normal Traffic,9
2026-01-23 16:19:05,6748,qbittorrent,0.999999,Normal Traffic,2
2026-01-23 16:19:10,6748,qbittorrent,0.999999,Normal Traffic,2
2026-01-23 16:19:13,10832,warp-svc,0.999998,Normal Traffic,2
2026-01-23 16:19:15,6748,qbittorrent,0.999996,Normal Traffic,2
2026-01-23 16:19:16,20224,SchildiChatAlpha,0.999998,Normal Traffic,5
2026-01-23 16:19:18,2400,svchost,0.999988,Normal Traffic,10
2026-01-23 16:19:18,16272,Hiddify,0.999913,Normal Traffic,24
2026-01-23 16:19:18,22292,brave,0.999997,Normal Traffic,20
2026-01-23 16:19:18,2400,svchost,1.000000,Normal Traffic,4
2026-01-23 16:19:18,2400,svchost,0.999992,Normal Traffic,1
2026-01-23 16:19:18,16272,Hiddify,0.001031,DoS,2
2026-01-23 16:19:18,26708,lgc,0.217383,DoS,2
2026-01-23 16:19:20,6748,qbittorrent,0.999997,Normal Traffic,2
2026-01-23 16:19:22,12672,Code,0.999997,Normal Traffic,11
2026-01-23 16:19:23,6132,svchost,0.999998,Normal Traffic,67
2026-01-23 16:19:25,6748,qbittorrent,0.999997,Normal Traffic,2
2026-01-23 16:19:26,25188,Telegram,0.999997,Normal Traffic,8
2026-01-23 16:19:28,22292,brave,1.000000,Normal Traffic,55
2026-01-23 16:19:28,10484,svchost,0.999993,Normal Traffic,2
2026-01-23 16:19:29,22292,brave,0.999987,Normal Traffic,47
2026-01-23 16:19:29,22292,brave,0.999996,Normal Traffic,18
2026-01-23 16:19:30,6748,qbittorrent,0.999998,Normal Traffic,2
2026-01-23 16:19:35,6748,qbittorrent,0.999998,Normal Traffic,2
2026-01-23 16:19:40,6748,qbittorrent,0.999986,Normal Traffic,2
2026-01-23 16:19:41,20220,WINWORD,0.999997,Normal Traffic,11
2026-01-23 16:19:41,2400,svchost,1.000000,Normal Traffic,2
2026-01-23 16:19:43,20220,WINWORD,0.999997,Normal Traffic,11
2026-01-23 16:19:45,5412,svchost,0.096974,DoS,2
2026-01-23 16:19:45,6748,qbittorrent,0.999998,Normal Traffic,2
2026-01-23 16:19:46,22292,brave,0.999998,Normal Traffic,31
2026-01-23 16:19:46,20224,SchildiChatAlpha,0.999998,Normal Traffic,11
2026-01-23 16:19:47,20220,WINWORD,0.999997,Normal Traffic,13
2026-01-23 16:19:50,22292,brave,0.999999,Normal Traffic,12
2026-01-23 16:19:50,6748,qbittorrent,0.999999,Normal Traffic,2
2026-01-23 16:19:51,20220,WINWORD,0.999997,Normal Traffic,13
2026-01-23 16:19:51,20220,WINWORD,0.999998,Normal Traffic,9
2026-01-23 16:19:51,22292,brave,0.999997,Normal Traffic,26
2026-01-23 16:19:52,27376,Code,0.999985,Normal Traffic,9
2026-01-23 16:19:55,6748,qbittorrent,0.999999,Normal Traffic,2
2026-01-23 16:19:57,6284,HiddifyCli,0.999994,Normal Traffic,3000
2026-01-23 16:19:57,6896,MpDefenderCoreService,1.000000,Normal Traffic,6
2026-01-23 16:20:00,2400,svchost,0.999992,Normal Traffic,1
2026-01-23 16:20:00,6748,qbittorrent,0.999999,Normal Traffic,2
2026-01-23 16:20:05,6748,qbittorrent,0.999999,Normal Traffic,2
2026-01-23 16:20:10,27376,Code,0.999996,Normal Traffic,11
2026-01-23 16:20:10,6748,qbittorrent,0.999999,Normal Traffic,2
2026-01-23 16:20:11,25188,Telegram,0.999983,Normal Traffic,3
2026-01-23 16:20:13,10832,warp-svc,0.999999,Normal Traffic,2
2026-01-23 16:20:15,6748,qbittorrent,0.999997,Normal Traffic,2
2026-01-23 16:20:16,22292,brave,0.999995,Normal Traffic,5
2026-01-23 16:20:17,2400,svchost,0.999999,Normal Traffic,31
2026-01-23 16:20:17,16272,Hiddify,0.999797,Normal Traffic,92
2026-01-23 16:20:17,2400,svchost,0.999999,Normal Traffic,30
2026-01-23 16:20:17,20224,SchildiChatAlpha,0.999997,Normal Traffic,5
2026-01-23 16:20:20,27376,Code,0.999997,Normal Traffic,9
2026-01-23 16:20:20,27376,Code,0.999998,Normal Traffic,26
2026-01-23 16:20:20,6748,qbittorrent,0.999998,Normal Traffic,2
2026-01-23 16:20:25,6748,qbittorrent,0.999989,Normal Traffic,2
2026-01-23 16:20:28,10484,svchost,0.999993,Normal Traffic,2
2026-01-23 16:20:30,6748,qbittorrent,0.999999,Normal Traffic,2
2026-01-23 16:20:34,22292,brave,0.999997,Normal Traffic,19
2026-01-23 16:20:34,22292,brave,0.999995,Normal Traffic,19
2026-01-23 16:20:35,6748,qbittorrent,0.999999,Normal Traffic,2
2026-01-23 16:20:37,2400,svchost,0.999647,Normal Traffic,2
2026-01-23 16:20:40,6748,qbittorrent,0.999999,Normal Traffic,2
2026-01-23 16:20:44,5412,svchost,0.999886,Normal Traffic,1
2026-01-23 16:20:45,6748,qbittorrent,0.999999,Normal Traffic,2
2026-01-23 16:20:46,22292,brave,0.999997,Normal Traffic,6
2026-01-23 16:20:47,20224,SchildiChatAlpha,0.999998,Normal Traffic,9
2026-01-23 16:20:50,6748,qbittorrent,0.999999,Normal Traffic,2
2026-01-23 16:20:55,6748,qbittorrent,0.999998,Normal Traffic,2
2026-01-23 16:20:56,25188,Telegram,0.999975,Normal Traffic,3
2026-01-23 16:21:00,6748,qbittorrent,0.999998,Normal Traffic,2
2026-01-23 16:21:02,6896,MpDefenderCoreService,0.999998,Normal Traffic,1
2026-01-23 16:21:05,6748,qbittorrent,0.999998,Normal Traffic,2
2026-01-23 16:21:10,6748,qbittorrent,0.999999,Normal Traffic,2
2026-01-23 16:21:12,10832,warp-svc,0.999999,Normal Traffic,2
2026-01-23 16:21:15,6748,qbittorrent,0.999999,Normal Traffic,2
2026-01-23 16:21:17,22292,brave,0.999998,Normal Traffic,21
2026-01-23 16:21:17,20224,SchildiChatAlpha,0.999999,Normal Traffic,8
2026-01-23 16:21:17,22292,brave,0.999996,Normal Traffic,6
2026-01-23 16:21:20,6748,qbittorrent,0.999998,Normal Traffic,2
2026-01-23 16:21:25,6748,qbittorrent,0.999999,Normal Traffic,2
2026-01-23 16:21:26,27376,Code,0.999986,Normal Traffic,81
2026-01-23 16:21:28,10484,svchost,0.999993,Normal Traffic,2
2026-01-23 16:21:30,27376,Code,0.999989,Normal Traffic,9
2026-01-23 16:21:30,6748,qbittorrent,0.999998,Normal Traffic,2
2026-01-23 16:21:34,12672,Code,0.999998,Normal Traffic,1
2026-01-23 16:21:35,6748,qbittorrent,0.999998,Normal Traffic,2
2026-01-23 16:21:37,27376,Code,0.999986,Normal Traffic,9
2026-01-23 16:21:40,6748,qbittorrent,0.999999,Normal Traffic,2
2026-01-23 16:21:47,22292,brave,0.999996,Normal Traffic,6
2026-01-23 16:21:47,20224,SchildiChatAlpha,0.999998,Normal Traffic,9
2026-01-23 16:21:50,25188,Telegram,0.999994,Normal Traffic,5
2026-01-23 16:21:51,2400,svchost,1.000000,Normal Traffic,6
2026-01-23 16:21:52,22292,brave,1.000000,Normal Traffic,18
2026-01-23 16:21:53,22292,brave,0.999996,Normal Traffic,25
2026-01-23 16:21:54,27376,Code,0.999977,Normal Traffic,7
2026-01-23 16:21:55,6748,qbittorrent,0.999940,Normal Traffic,2
2026-01-23 16:21:56,6748,qbittorrent,0.999990,Normal Traffic,4
2026-01-23 16:22:00,6748,qbittorrent,0.999998,Normal Traffic,1
2026-01-23 16:22:01,27376,Code,0.999957,Normal Traffic,27
2026-01-23 16:22:02,27376,Code,0.999960,Normal Traffic,1
2026-01-23 16:22:05,6748,qbittorrent,0.999999,Normal Traffic,1
2026-01-23 16:22:10,6748,qbittorrent,0.999987,Normal Traffic,2
2026-01-23 16:22:12,10832,warp-svc,0.999999,Normal Traffic,2
2026-01-23 16:22:14,27376,Code,0.999983,Normal Traffic,8
2026-01-23 16:22:15,6748,qbittorrent,0.999997,Normal Traffic,2
2026-01-23 16:22:17,20224,SchildiChatAlpha,0.999997,Normal Traffic,5
2026-01-23 16:22:18,22292,brave,0.999995,Normal Traffic,6
2026-01-23 16:22:20,6748,qbittorrent,0.999999,Normal Traffic,1
2026-01-23 16:22:25,22292,brave,0.999999,Normal Traffic,2
2026-01-23 16:22:25,6748,qbittorrent,0.999999,Normal Traffic,1
2026-01-23 16:22:25,25188,Telegram,0.999992,Normal Traffic,3
2026-01-23 16:22:28,10484,svchost,0.999992,Normal Traffic,2
2026-01-23 16:22:30,16272,Hiddify,0.999996,Normal Traffic,3000
2026-01-23 16:22:30,6748,qbittorrent,0.999998,Normal Traffic,2
2026-01-23 16:22:35,27376,Code,0.999979,Normal Traffic,9
2026-01-23 16:22:35,22292,brave,0.999997,Normal Traffic,22
2026-01-23 16:22:35,6748,qbittorrent,0.999999,Normal Traffic,1
2026-01-23 16:22:40,2400,svchost,1.000000,Normal Traffic,5
2026-01-23 16:22:40,6748,qbittorrent,0.999999,Normal Traffic,1
2026-01-23 16:22:45,6748,qbittorrent,0.999981,Normal Traffic,2
2026-01-23 16:22:48,20224,SchildiChatAlpha,0.999997,Normal Traffic,10
2026-01-23 16:22:48,22292,brave,0.999997,Normal Traffic,6
2026-01-23 16:22:49,22292,brave,0.999999,Normal Traffic,27
2026-01-23 16:22:50,22292,brave,0.999997,Normal Traffic,30
2026-01-23 16:22:50,6748,qbittorrent,0.999999,Normal Traffic,2
2026-01-23 16:22:55,6748,qbittorrent,0.999999,Normal Traffic,1
2026-01-23 16:23:01,6748,qbittorrent,0.999999,Normal Traffic,2
2026-01-23 16:23:05,6748,qbittorrent,0.999999,Normal Traffic,1
2026-01-23 16:23:10,6748,qbittorrent,1.000000,Normal Traffic,1
2026-01-23 16:23:10,25188,Telegram,0.999994,Normal Traffic,3
2026-01-23 16:23:14,3280,msedge,0.999997,Normal Traffic,23
2026-01-23 16:23:15,6748,qbittorrent,0.999999,Normal Traffic,1
2026-01-23 16:23:16,10832,warp-svc,1.000000,Normal Traffic,3
2026-01-23 16:23:17,25188,Telegram,0.999578,Normal Traffic,7
2026-01-23 16:23:18,27376,Code,0.999995,Normal Traffic,26
2026-01-23 16:23:18,22292,brave,0.999995,Normal Traffic,6
2026-01-23 16:23:18,20224,SchildiChatAlpha,0.999998,Normal Traffic,5
2026-01-23 16:23:20,25188,Telegram,0.999999,Normal Traffic,5
2026-01-23 16:23:20,6748,qbittorrent,0.999999,Normal Traffic,1
2026-01-23 16:23:25,6748,qbittorrent,0.999995,Normal Traffic,1
2026-01-23 16:23:27,27376,Code,0.999983,Normal Traffic,8
2026-01-23 16:23:28,10484,svchost,0.999993,Normal Traffic,2
2026-01-23 16:23:30,6748,qbittorrent,0.999996,Normal Traffic,2
2026-01-23 16:23:35,6748,qbittorrent,1.000000,Normal Traffic,1
2026-01-23 16:23:40,2400,svchost,0.999999,Normal Traffic,16
2026-01-23 16:23:40,6748,qbittorrent,1.000000,Normal Traffic,1
2026-01-23 16:23:43,27376,Code,0.999990,Normal Traffic,9
2026-01-23 16:23:44,3280,msedge,0.999996,Normal Traffic,5
2026-01-23 16:23:46,6748,qbittorrent,0.999995,Normal Traffic,1
2026-01-23 16:23:49,20224,SchildiChatAlpha,0.999998,Normal Traffic,10
2026-01-23 16:23:50,22292,brave,0.999997,Normal Traffic,6
2026-01-23 16:23:51,6748,qbittorrent,0.999999,Normal Traffic,1
2026-01-23 16:23:55,27376,Code,0.999990,Normal Traffic,9
2026-01-23 16:23:55,22292,brave,0.999995,Normal Traffic,18
2026-01-23 16:23:56,6748,qbittorrent,1.000000,Normal Traffic,1
2026-01-23 16:23:58,22292,brave,1.000000,Normal Traffic,38
2026-01-23 16:24:01,6748,qbittorrent,0.999994,Normal Traffic,2
2026-01-23 16:24:03,27376,Code,0.999987,Normal Traffic,9
2026-01-23 16:24:05,11156,gamingservices,0.999995,Normal Traffic,11
2026-01-23 16:24:06,25188,Telegram,0.999963,Normal Traffic,3
2026-01-23 16:24:06,6748,qbittorrent,1.000000,Normal Traffic,1
2026-01-23 16:24:11,6748,qbittorrent,0.999999,Normal Traffic,1
2026-01-23 16:24:13,10832,warp-svc,0.999999,Normal Traffic,2
2026-01-23 16:24:17,6748,qbittorrent,0.999997,Normal Traffic,2
2026-01-23 16:24:18,22292,brave,0.999998,Normal Traffic,12
2026-01-23 16:24:19,22292,brave,0.999997,Normal Traffic,25
2026-01-23 16:24:19,16272,Hiddify,0.008794,DoS,2
2026-01-23 16:24:19,26708,lgc,0.217383,DoS,2
2026-01-23 16:24:19,20224,SchildiChatAlpha,0.999998,Normal Traffic,5
2026-01-23 16:24:20,22292,brave,0.999997,Normal Traffic,6
2026-01-23 16:24:21,6748,qbittorrent,0.999998,Normal Traffic,2
2026-01-23 16:24:23,2400,svchost,0.999992,Normal Traffic,1
2026-01-23 16:24:26,6748,qbittorrent,0.999998,Normal Traffic,2
2026-01-23 16:24:28,10484,svchost,0.999993,Normal Traffic,2
2026-01-23 16:24:29,12672,Code,0.999996,Normal Traffic,9
2026-01-23 16:24:31,6748,qbittorrent,0.999999,Normal Traffic,2
2026-01-23 16:24:36,6748,qbittorrent,0.999999,Normal Traffic,2
2026-01-23 16:24:41,25188,Telegram,0.999991,Normal Traffic,3
2026-01-23 16:24:41,6748,qbittorrent,0.999999,Normal Traffic,1
2026-01-23 16:24:45,27376,Code,0.999990,Normal Traffic,8
2026-01-23 16:24:45,27376,Code,0.999979,Normal Traffic,8
2026-01-23 16:24:46,6748,qbittorrent,0.999996,Normal Traffic,2
2026-01-23 16:24:50,20224,SchildiChatAlpha,0.999998,Normal Traffic,9
2026-01-23 16:24:51,22292,brave,1.000000,Normal Traffic,23
2026-01-23 16:24:51,22292,brave,0.999994,Normal Traffic,5
2026-01-23 16:24:51,6748,qbittorrent,0.999999,Normal Traffic,2
2026-01-23 16:24:52,22292,brave,0.999997,Normal Traffic,29
2026-01-23 16:24:55,12672,Code,0.999972,Normal Traffic,2
2026-01-23 16:24:56,6748,qbittorrent,0.999987,Normal Traffic,2
2026-01-23 16:24:59,6896,MpDefenderCoreService,0.999997,Normal Traffic,7
2026-01-23 16:25:01,6748,qbittorrent,0.999999,Normal Traffic,2
2026-01-23 16:25:04,27376,Code,0.999985,Normal Traffic,9
2026-01-23 16:25:06,6748,qbittorrent,0.999999,Normal Traffic,2
2026-01-23 16:25:09,27376,Code,0.999979,Normal Traffic,8
2026-01-23 16:25:11,6748,qbittorrent,0.999999,Normal Traffic,2
2026-01-23 16:25:12,27376,Code,0.999887,Normal Traffic,17
2026-01-23 16:25:13,20220,WINWORD,0.999998,Normal Traffic,8
2026-01-23 16:25:13,10832,warp-svc,0.999999,Normal Traffic,2
2026-01-23 16:25:16,27376,Code,0.999975,Normal Traffic,9
2026-01-23 16:25:16,6748,qbittorrent,0.999998,Normal Traffic,2
2026-01-23 16:25:20,2400,svchost,0.999998,Normal Traffic,102
2026-01-23 16:25:20,16272,Hiddify,0.999846,Normal Traffic,226
2026-01-23 16:25:20,2400,svchost,0.999995,Normal Traffic,18
2026-01-23 16:25:20,20224,SchildiChatAlpha,0.999997,Normal Traffic,5
2026-01-23 16:25:21,22292,brave,0.999997,Normal Traffic,6
2026-01-23 16:25:21,6748,qbittorrent,0.999998,Normal Traffic,2
2026-01-23 16:25:24,22292,brave,0.999999,Normal Traffic,2
2026-01-23 16:25:26,6748,qbittorrent,0.999999,Normal Traffic,2
2026-01-23 16:25:28,10484,svchost,0.999993,Normal Traffic,2
2026-01-23 16:25:31,6748,qbittorrent,0.999999,Normal Traffic,2
2026-01-23 16:25:36,25188,Telegram,0.999985,Normal Traffic,4
2026-01-23 16:25:36,6748,qbittorrent,0.999998,Normal Traffic,2
2026-01-23 16:25:41,6748,qbittorrent,0.999983,Normal Traffic,2
2026-01-23 16:25:46,6748,qbittorrent,0.999998,Normal Traffic,2
2026-01-23 16:25:50,20224,SchildiChatAlpha,0.999998,Normal Traffic,9
2026-01-23 16:25:51,6748,qbittorrent,0.999997,Normal Traffic,2
2026-01-23 16:25:52,22292,brave,0.999995,Normal Traffic,6
2026-01-23 16:25:55,22292,brave,1.000000,Normal Traffic,27
2026-01-23 16:25:56,22292,brave,0.999996,Normal Traffic,22
2026-01-23 16:25:56,6748,qbittorrent,0.999997,Normal Traffic,2
2026-01-23 16:26:01,6748,qbittorrent,0.999999,Normal Traffic,2
2026-01-23 16:26:06,12672,Code,0.999982,Normal Traffic,2
2026-01-23 16:26:06,6748,qbittorrent,0.999990,Normal Traffic,2
2026-01-23 16:26:08,6896,MpDefenderCoreService,0.999998,Normal Traffic,1
2026-01-23 16:26:11,18764,python,0.593556,Normal Traffic,14
2026-01-23 16:26:11,6748,qbittorrent,0.999999,Normal Traffic,2
2026-01-23 16:26:13,10832,warp-svc,0.999999,Normal Traffic,2
2026-01-23 16:26:16,6748,qbittorrent,0.999998,Normal Traffic,2
2026-01-23 16:26:19,22292,brave,0.999994,Normal Traffic,5
2026-01-23 16:26:20,2400,svchost,0.972881,Normal Traffic,6
2026-01-23 16:26:20,16272,Hiddify,0.999847,Normal Traffic,16
2026-01-23 16:26:20,2400,svchost,0.999996,Normal Traffic,7
2026-01-23 16:26:20,20224,SchildiChatAlpha,0.999998,Normal Traffic,5
2026-01-23 16:26:21,6748,qbittorrent,0.999997,Normal Traffic,2
2026-01-23 16:26:22,22292,brave,0.999995,Normal Traffic,6
2026-01-23 16:26:26,6748,qbittorrent,0.999999,Normal Traffic,2
2026-01-23 16:26:28,22292,brave,0.999999,Normal Traffic,2
2026-01-23 16:26:28,10484,svchost,0.999993,Normal Traffic,2
2026-01-23 16:26:31,6748,qbittorrent,0.999999,Normal Traffic,2
2026-01-23 16:26:36,25188,Telegram,0.999992,Normal Traffic,5
2026-01-23 16:26:36,6748,qbittorrent,0.999999,Normal Traffic,2
2026-01-23 16:26:41,6748,qbittorrent,0.999999,Normal Traffic,1
2026-01-23 16:26:46,6748,qbittorrent,0.999994,Normal Traffic,2
2026-01-23 16:26:51,20224,SchildiChatAlpha,0.999998,Normal Traffic,9
2026-01-23 16:26:51,16272,Hiddify,0.999997,Normal Traffic,6
2026-01-23 16:26:51,22292,brave,0.999997,Normal Traffic,6
2026-01-23 16:26:51,6748,qbittorrent,1.000000,Normal Traffic,1
2026-01-23 16:26:52,22292,brave,0.999998,Normal Traffic,22
2026-01-23 16:26:52,22292,brave,0.999996,Normal Traffic,6
2026-01-23 16:26:55,27376,Code,0.999976,Normal Traffic,8
2026-01-23 16:26:56,6748,qbittorrent,0.999980,Normal Traffic,2
2026-01-23 16:27:01,6748,qbittorrent,0.999984,Normal Traffic,2
2026-01-23 16:27:02,20220,WINWORD,0.999998,Normal Traffic,1
2026-01-23 16:27:06,6748,qbittorrent,1.000000,Normal Traffic,1
2026-01-23 16:27:11,6748,qbittorrent,0.999998,Normal Traffic,2
2026-01-23 16:27:13,10832,warp-svc,0.999998,Normal Traffic,2
2026-01-23 16:27:16,6748,qbittorrent,0.999998,Normal Traffic,2
2026-01-23 16:27:18,27376,Code,0.999967,Normal Traffic,19
2026-01-23 16:27:21,20224,SchildiChatAlpha,0.999997,Normal Traffic,5
2026-01-23 16:27:21,22292,brave,0.999998,Normal Traffic,12
2026-01-23 16:27:21,6748,qbittorrent,0.999998,Normal Traffic,2
2026-01-23 16:27:22,22292,brave,0.999996,Normal Traffic,6
2026-01-23 16:27:24,27376,Code,0.999999,Normal Traffic,9
2026-01-23 16:27:26,6748,qbittorrent,0.999998,Normal Traffic,2
2026-01-23 16:27:28,27376,Code,0.999985,Normal Traffic,9
2026-01-23 16:27:28,10484,svchost,0.999993,Normal Traffic,2
2026-01-23 16:27:31,6748,qbittorrent,0.999998,Normal Traffic,2
2026-01-23 16:27:35,27376,Code,0.999997,Normal Traffic,10
2026-01-23 16:27:36,25188,Telegram,0.999996,Normal Traffic,7
2026-01-23 16:27:36,6748,qbittorrent,0.999997,Normal Traffic,2
2026-01-23 16:27:41,6748,qbittorrent,0.999997,Normal Traffic,2
2026-01-23 16:27:44,27376,Code,0.999972,Normal Traffic,9
2026-01-23 16:27:46,6748,qbittorrent,0.999998,Normal Traffic,2
2026-01-23 16:27:51,22292,brave,0.999997,Normal Traffic,32
2026-01-23 16:27:51,20224,SchildiChatAlpha,0.999998,Normal Traffic,9
2026-01-23 16:27:51,6748,qbittorrent,0.999998,Normal Traffic,2
2026-01-23 16:27:53,27376,Code,0.999979,Normal Traffic,9
2026-01-23 16:27:53,22292,brave,0.999997,Normal Traffic,6
2026-01-23 16:27:56,22292,brave,0.999999,Normal Traffic,24
2026-01-23 16:27:56,6748,qbittorrent,1.000000,Normal Traffic,1
2026-01-23 16:27:56,16272,Hiddify,0.999998,Normal Traffic,1
2026-01-23 16:27:56,22292,brave,0.999998,Normal Traffic,1
2026-01-23 16:27:57,22292,brave,0.999995,Normal Traffic,19
2026-01-23 16:28:01,6748,qbittorrent,1.000000,Normal Traffic,1
2026-01-23 16:28:06,6748,qbittorrent,0.999998,Normal Traffic,2
2026-01-23 16:28:11,6748,qbittorrent,0.999998,Normal Traffic,2
2026-01-23 16:28:13,10832,warp-svc,0.999999,Normal Traffic,2
2026-01-23 16:28:16,6748,qbittorrent,0.999998,Normal Traffic,2
2026-01-23 16:28:17,12672,Code,0.999998,Normal Traffic,1
2026-01-23 16:28:20,22292,brave,0.999985,Normal Traffic,5
2026-01-23 16:28:21,25188,Telegram,0.999997,Normal Traffic,8
2026-01-23 16:28:21,6748,qbittorrent,0.999998,Normal Traffic,2
2026-01-23 16:28:21,20224,SchildiChatAlpha,0.999998,Normal Traffic,5
2026-01-23 16:28:23,22292,brave,0.999997,Normal Traffic,6
2026-01-23 16:28:26,6748,qbittorrent,0.999999,Normal Traffic,2
2026-01-23 16:28:28,22292,brave,0.999999,Normal Traffic,2
2026-01-23 16:28:28,10484,svchost,0.999993,Normal Traffic,2
2026-01-23 16:28:29,2400,svchost,0.999996,Normal Traffic,18
2026-01-23 16:28:31,27376,Code,0.999971,Normal Traffic,8
2026-01-23 16:28:31,6748,qbittorrent,0.999999,Normal Traffic,2
2026-01-23 16:28:34,16272,Hiddify,0.999929,Normal Traffic,102
2026-01-23 16:28:34,2400,svchost,0.999992,Normal Traffic,39
2026-01-23 16:28:35,27376,Code,0.999989,Normal Traffic,9
2026-01-23 16:28:36,6748,qbittorrent,0.999999,Normal Traffic,2
2026-01-23 16:28:41,6748,qbittorrent,0.999998,Normal Traffic,2
2026-01-23 16:28:46,6748,qbittorrent,0.999991,Normal Traffic,2
2026-01-23 16:28:48,27376,Code,0.999996,Normal Traffic,17
2026-01-23 16:28:51,6748,qbittorrent,0.999990,Normal Traffic,2
2026-01-23 16:28:52,20224,SchildiChatAlpha,0.999996,Normal Traffic,11
2026-01-23 16:28:53,22292,brave,0.999997,Normal Traffic,6
2026-01-23 16:28:54,22292,brave,0.999996,Normal Traffic,15
2026-01-23 16:28:56,6748,qbittorrent,0.999998,Normal Traffic,2
2026-01-23 16:29:01,6748,qbittorrent,0.999996,Normal Traffic,2
2026-01-23 16:29:05,11156,gamingservices,0.999997,Normal Traffic,9
2026-01-23 16:29:06,25188,Telegram,0.999994,Normal Traffic,3
2026-01-23 16:29:06,6748,qbittorrent,0.999986,Normal Traffic,2
2026-01-23 16:29:11,6748,qbittorrent,0.999993,Normal Traffic,2
2026-01-23 16:29:16,10832,warp-svc,1.000000,Normal Traffic,3
2026-01-23 16:29:16,6748,qbittorrent,0.999999,Normal Traffic,2
2026-01-23 16:29:18,16272,Hiddify,0.001031,DoS,2
2026-01-23 16:29:18,26708,lgc,0.217383,DoS,2
2026-01-23 16:29:21,6748,qbittorrent,0.999999,Normal Traffic,2
2026-01-23 16:29:22,20224,SchildiChatAlpha,0.999998,Normal Traffic,5
2026-01-23 16:29:23,22292,brave,0.999996,Normal Traffic,6
2026-01-23 16:29:26,22292,brave,0.999999,Normal Traffic,2
2026-01-23 16:29:26,6748,qbittorrent,0.999998,Normal Traffic,2
2026-01-23 16:29:28,10484,svchost,0.999993,Normal Traffic,2
2026-01-23 16:29:31,6748,qbittorrent,0.999998,Normal Traffic,2
2026-01-23 16:29:36,6748,qbittorrent,0.999999,Normal Traffic,2
2026-01-23 16:29:39,2400,svchost,0.999992,Normal Traffic,1
2026-01-23 16:29:41,6748,qbittorrent,0.999999,Normal Traffic,1
2026-01-23 16:29:42,27376,Code,0.999987,Normal Traffic,8
2026-01-23 16:29:46,6748,qbittorrent,1.000000,Normal Traffic,1
2026-01-23 16:29:51,6748,qbittorrent,1.000000,Normal Traffic,1
2026-01-23 16:29:52,20224,SchildiChatAlpha,0.999998,Normal Traffic,9
2026-01-23 16:29:54,27376,Code,0.999920,Normal Traffic,17
2026-01-23 16:29:54,22292,brave,0.999997,Normal Traffic,6
2026-01-23 16:29:56,6748,qbittorrent,0.999998,Normal Traffic,2
2026-01-23 16:29:57,22292,brave,1.000000,Normal Traffic,20
2026-01-23 16:29:58,22292,brave,0.999995,Normal Traffic,20
2026-01-23 16:29:59,6896,MpDefenderCoreService,0.999996,Normal Traffic,7
2026-01-23 16:30:01,27376,Code,0.999972,Normal Traffic,18
2026-01-23 16:30:01,6748,qbittorrent,0.999995,Normal Traffic,2
2026-01-23 16:30:06,25188,Telegram,0.999991,Normal Traffic,7
2026-01-23 16:30:06,6748,qbittorrent,0.999998,Normal Traffic,2
2026-01-23 16:30:08,27376,Code,0.999981,Normal Traffic,8
2026-01-23 16:30:11,6748,qbittorrent,0.999997,Normal Traffic,2
2026-01-23 16:30:14,10832,warp-svc,0.999998,Normal Traffic,2
2026-01-23 16:30:16,6748,qbittorrent,0.999997,Normal Traffic,2
2026-01-23 16:30:21,22292,brave,0.999998,Normal Traffic,5
2026-01-23 16:30:21,6748,qbittorrent,0.999993,Normal Traffic,2
2026-01-23 16:30:22,2400,svchost,0.999985,Normal Traffic,23
2026-01-23 16:30:22,16272,Hiddify,0.999910,Normal Traffic,58
2026-01-23 16:30:22,2400,svchost,0.999999,Normal Traffic,14
2026-01-23 16:30:22,20224,SchildiChatAlpha,0.999998,Normal Traffic,5
2026-01-23 16:30:24,22292,brave,0.999996,Normal Traffic,10
2026-01-23 16:30:25,22292,brave,0.999996,Normal Traffic,6
2026-01-23 16:30:26,6748,qbittorrent,0.999993,Normal Traffic,2
2026-01-23 16:30:28,10484,svchost,0.999993,Normal Traffic,2
2026-01-23 16:30:31,6748,qbittorrent,0.999981,Normal Traffic,2
2026-01-23 16:30:36,6748,qbittorrent,0.999999,Normal Traffic,2
2026-01-23 16:30:41,25188,Telegram,0.999994,Normal Traffic,2
2026-01-23 16:30:41,6748,qbittorrent,0.999997,Normal Traffic,2
2026-01-23 16:30:46,6748,qbittorrent,0.999996,Normal Traffic,2
2026-01-23 16:30:50,22292,brave,0.999998,Normal Traffic,12
2026-01-23 16:30:50,22292,brave,0.999997,Normal Traffic,31
2026-01-23 16:30:51,6748,qbittorrent,0.999998,Normal Traffic,2
2026-01-23 16:30:53,20224,SchildiChatAlpha,0.999997,Normal Traffic,10
2026-01-23 16:30:55,22292,brave,0.999995,Normal Traffic,6
2026-01-23 16:30:56,6748,qbittorrent,0.999989,Normal Traffic,2
2026-01-23 16:31:01,6748,qbittorrent,0.999992,Normal Traffic,2
2026-01-23 16:31:05,6896,MpDefenderCoreService,0.999998,Normal Traffic,1
2026-01-23 16:31:06,25188,Telegram,0.999994,Normal Traffic,2
2026-01-23 16:31:06,6748,qbittorrent,0.999998,Normal Traffic,2
2026-01-23 16:31:07,12672,Code,0.999997,Normal Traffic,8
2026-01-23 16:31:11,6748,qbittorrent,0.999992,Normal Traffic,2
2026-01-23 16:31:12,10832,warp-svc,0.999999,Normal Traffic,2
2026-01-23 16:31:16,6748,qbittorrent,0.999991,Normal Traffic,2
2026-01-23 16:31:21,6748,qbittorrent,0.999990,Normal Traffic,2
2026-01-23 16:31:23,20224,SchildiChatAlpha,0.999998,Normal Traffic,5
2026-01-23 16:31:26,22292,brave,0.999995,Normal Traffic,6
2026-01-23 16:31:26,6748,qbittorrent,0.999990,Normal Traffic,2
2026-01-23 16:31:27,27376,Code,0.999976,Normal Traffic,8
2026-01-23 16:31:28,10484,svchost,0.999992,Normal Traffic,2
2026-01-23 16:31:31,6748,qbittorrent,0.999985,Normal Traffic,2
2026-01-23 16:31:34,21472,ExitedProcess,0.999997,Normal Traffic,10
2026-01-23 16:31:36,6748,qbittorrent,0.999976,Normal Traffic,2
2026-01-23 16:31:40,22292,brave,0.999997,Normal Traffic,30
2026-01-23 16:31:41,6748,qbittorrent,0.999998,Normal Traffic,2
2026-01-23 16:31:46,6748,qbittorrent,0.999997,Normal Traffic,2
2026-01-23 16:31:50,2400,svchost,0.999992,Normal Traffic,1
2026-01-23 16:31:51,6748,qbittorrent,0.999989,Normal Traffic,2
2026-01-23 16:31:53,20224,SchildiChatAlpha,0.999997,Normal Traffic,10
2026-01-23 16:31:54,27376,Code,0.999978,Normal Traffic,8
2026-01-23 16:31:56,22292,brave,0.999997,Normal Traffic,6
2026-01-23 16:31:56,6748,qbittorrent,0.999996,Normal Traffic,2
2026-01-23 16:32:00,22292,brave,0.999995,Normal Traffic,23
2026-01-23 16:32:01,25188,Telegram,0.999993,Normal Traffic,3
2026-01-23 16:32:01,6748,qbittorrent,0.999987,Normal Traffic,2
2026-01-23 16:32:06,6748,qbittorrent,0.999959,Normal Traffic,2
2026-01-23 16:32:07,12672,Code,0.999997,Normal Traffic,12
2026-01-23 16:32:07,12672,Code,0.999998,Normal Traffic,9
2026-01-23 16:32:08,12672,Code,0.999998,Normal Traffic,26
2026-01-23 16:32:10,27376,Code,0.999980,Normal Traffic,16
2026-01-23 16:32:11,6748,qbittorrent,0.999999,Normal Traffic,1
2026-01-23 16:32:12,10832,warp-svc,0.999999,Normal Traffic,2
2026-01-23 16:32:16,6748,qbittorrent,0.999998,Normal Traffic,2
2026-01-23 16:32:21,6748,qbittorrent,0.999999,Normal Traffic,2
2026-01-23 16:32:22,27376,Code,0.999984,Normal Traffic,9
2026-01-23 16:32:22,22292,brave,0.999992,Normal Traffic,5
2026-01-23 16:32:23,27376,Code,0.999997,Normal Traffic,8
2026-01-23 16:32:23,20224,SchildiChatAlpha,0.999998,Normal Traffic,5
2026-01-23 16:32:24,16272,Hiddify,0.999997,Normal Traffic,3000
2026-01-23 16:32:26,22292,brave,0.999999,Normal Traffic,65
2026-01-23 16:32:26,22292,brave,0.999995,Normal Traffic,5
2026-01-23 16:32:26,6748,qbittorrent,0.999998,Normal Traffic,2
2026-01-23 16:32:28,10484,svchost,0.999993,Normal Traffic,2
2026-01-23 16:32:31,6748,qbittorrent,1.000000,Normal Traffic,1
2026-01-23 16:32:36,25188,Telegram,0.999996,Normal Traffic,3
2026-01-23 16:32:36,6748,qbittorrent,0.999999,Normal Traffic,2
2026-01-23 16:32:40,12672,Code,0.999996,Normal Traffic,2
2026-01-23 16:32:41,6748,qbittorrent,0.999986,Normal Traffic,2
2026-01-23 16:32:42,2400,svchost,0.999989,Normal Traffic,31
2026-01-23 16:32:42,16272,Hiddify,0.999913,Normal Traffic,94
2026-01-23 16:32:42,2400,svchost,0.999995,Normal Traffic,26
2026-01-23 16:32:46,6748,qbittorrent,0.999998,Normal Traffic,2
2026-01-23 16:32:54,20224,SchildiChatAlpha,0.999997,Normal Traffic,10
2026-01-23 16:32:56,6748,qbittorrent,0.999985,Normal Traffic,2
2026-01-23 16:32:56,6748,qbittorrent,0.999993,Normal Traffic,4
2026-01-23 16:32:56,22292,brave,0.999997,Normal Traffic,6
2026-01-23 16:32:58,22292,brave,0.999999,Normal Traffic,2
2026-01-23 16:33:03,6748,qbittorrent,0.999998,Normal Traffic,4
2026-01-23 16:33:08,12672,Code,0.999994,Normal Traffic,2518
2026-01-23 16:33:09,6748,qbittorrent,0.999999,Normal Traffic,4
2026-01-23 16:33:11,6748,qbittorrent,0.999997,Normal Traffic,2
2026-01-23 16:33:12,10832,warp-svc,0.999999,Normal Traffic,2
2026-01-23 16:33:16,6748,qbittorrent,0.999989,Normal Traffic,2
2026-01-23 16:33:18,25188,Telegram,1.000000,Normal Traffic,7
2026-01-23 16:33:18,25188,Telegram,0.999771,Normal Traffic,5
2026-01-23 16:33:19,12672,Code,0.999998,Normal Traffic,1
2026-01-23 16:33:21,6748,qbittorrent,0.999989,Normal Traffic,2
2026-01-23 16:33:24,20224,SchildiChatAlpha,0.999998,Normal Traffic,5
2026-01-23 16:33:24,2400,svchost,0.999999,Normal Traffic,4
2026-01-23 16:33:27,6748,qbittorrent,0.999996,Normal Traffic,4
2026-01-23 16:33:27,22292,brave,0.999996,Normal Traffic,6
2026-01-23 16:33:27,22292,brave,0.999999,Normal Traffic,17
2026-01-23 16:33:28,10484,svchost,0.999993,Normal Traffic,2
2026-01-23 16:33:29,16272,Hiddify,0.999956,Normal Traffic,12
2026-01-23 16:33:31,25188,Telegram,0.999997,Normal Traffic,6
2026-01-23 16:33:36,6748,qbittorrent,0.999994,Normal Traffic,4
2026-01-23 16:33:36,6748,qbittorrent,0.999999,Normal Traffic,1
2026-01-23 16:33:43,2400,svchost,0.999980,Normal Traffic,8
2026-01-23 16:33:43,6748,qbittorrent,0.999997,Normal Traffic,4
2026-01-23 16:33:46,6748,qbittorrent,0.999997,Normal Traffic,1
2026-01-23 16:33:50,22292,brave,0.999996,Normal Traffic,32
2026-01-23 16:33:51,6748,qbittorrent,0.999998,Normal Traffic,2
2026-01-23 16:33:54,20224,SchildiChatAlpha,0.999998,Normal Traffic,9
2026-01-23 16:33:56,6748,qbittorrent,0.999998,Normal Traffic,2
2026-01-23 16:34:01,22292,brave,0.999995,Normal Traffic,23
2026-01-23 16:34:01,6748,qbittorrent,0.999998,Normal Traffic,2
2026-01-23 16:34:04,2400,svchost,0.999998,Normal Traffic,4
2026-01-23 16:34:04,11156,gamingservices,0.999996,Normal Traffic,10
2026-01-23 16:34:07,22292,brave,0.999999,Normal Traffic,41
2026-01-23 16:34:07,6748,qbittorrent,1.000000,Normal Traffic,1
2026-01-23 16:34:08,22292,brave,0.999997,Normal Traffic,6
2026-01-23 16:34:08,12672,Code,0.999997,Normal Traffic,2
2026-01-23 16:34:09,12672,Code,0.999973,Normal Traffic,2
2026-01-23 16:34:12,6748,qbittorrent,0.999999,Normal Traffic,1
2026-01-23 16:34:13,10832,warp-svc,0.999999,Normal Traffic,2
2026-01-23 16:34:19,16272,Hiddify,0.003116,DoS,2
2026-01-23 16:34:19,26708,lgc,0.217383,DoS,2
2026-01-23 16:34:22,6748,qbittorrent,0.999983,Normal Traffic,2
2026-01-23 16:34:24,6748,qbittorrent,0.999999,Normal Traffic,2
2026-01-23 16:34:24,22292,brave,0.999997,Normal Traffic,19
2026-01-23 16:34:24,2400,svchost,0.999996,Normal Traffic,1
2026-01-23 16:34:25,20224,SchildiChatAlpha,0.999998,Normal Traffic,5
2026-01-23 16:34:26,25188,Telegram,0.999989,Normal Traffic,6
2026-01-23 16:34:27,6748,qbittorrent,0.999999,Normal Traffic,1
2026-01-23 16:34:29,22292,brave,0.999999,Normal Traffic,16
2026-01-23 16:34:29,10484,svchost,0.999992,Normal Traffic,2
2026-01-23 16:34:30,2400,svchost,0.999996,Normal Traffic,10
2026-01-23 16:34:30,16272,Hiddify,0.999763,Normal Traffic,26
2026-01-23 16:34:30,2400,svchost,1.000000,Normal Traffic,4
2026-01-23 16:34:30,22292,brave,0.999999,Normal Traffic,9
2026-01-23 16:34:32,6748,qbittorrent,0.999997,Normal Traffic,2
2026-01-23 16:34:34,6132,svchost,0.999990,Normal Traffic,17
2026-01-23 16:34:37,6748,qbittorrent,0.999996,Normal Traffic,2
2026-01-23 16:34:42,6748,qbittorrent,0.999999,Normal Traffic,1
2026-01-23 16:34:47,6748,qbittorrent,0.999996,Normal Traffic,2
2026-01-23 16:34:52,25188,Telegram,0.999992,Normal Traffic,3
2026-01-23 16:34:56,20224,SchildiChatAlpha,0.999998,Normal Traffic,9
2026-01-23 16:34:57,6748,qbittorrent,0.999985,Normal Traffic,2
2026-01-23 16:34:58,6748,qbittorrent,0.999997,Normal Traffic,4
2026-01-23 16:35:00,22292,brave,0.999997,Normal Traffic,6
2026-01-23 16:35:01,22292,brave,0.999999,Normal Traffic,2
2026-01-23 16:35:01,6896,MpDefenderCoreService,0.999998,Normal Traffic,5
2026-01-23 16:35:03,6748,qbittorrent,0.999995,Normal Traffic,4
2026-01-23 16:35:07,6748,qbittorrent,0.999998,Normal Traffic,2
2026-01-23 16:35:12,6748,qbittorrent,1.000000,Normal Traffic,1
2026-01-23 16:35:13,10832,warp-svc,0.999999,Normal Traffic,2
2026-01-23 16:35:14,2400,svchost,0.999992,Normal Traffic,1
2026-01-23 16:35:17,27376,Code,0.999972,Normal Traffic,8
2026-01-23 16:35:18,6748,qbittorrent,0.999995,Normal Traffic,4
2026-01-23 16:35:22,6748,qbittorrent,1.000000,Normal Traffic,1
2026-01-23 16:35:26,20224,SchildiChatAlpha,0.999997,Normal Traffic,5
2026-01-23 16:35:28,10484,svchost,0.999992,Normal Traffic,2
2026-01-23 16:35:29,6748,qbittorrent,0.999998,Normal Traffic,2
2026-01-23 16:35:30,22292,brave,0.999996,Normal Traffic,6
2026-01-23 16:35:31,22292,brave,0.999999,Normal Traffic,17
2026-01-23 16:35:32,6748,qbittorrent,0.999999,Normal Traffic,2
2026-01-23 16:35:36,2400,svchost,0.999997,Normal Traffic,12
2026-01-23 16:35:36,16272,Hiddify,0.999893,Normal Traffic,42
2026-01-23 16:35:36,2400,svchost,1.000000,Normal Traffic,11
2026-01-23 16:35:36,5412,svchost,0.419691,DoS,6
2026-01-23 16:35:36,5412,svchost,0.108201,DoS,2
2026-01-23 16:35:37,5412,svchost,0.108201,DoS,2
2026-01-23 16:35:39,6748,qbittorrent,0.999995,Normal Traffic,4
2026-01-23 16:35:46,25188,Telegram,0.999973,Normal Traffic,4
2026-01-23 16:35:47,6748,qbittorrent,0.999945,Normal Traffic,2
2026-01-23 16:35:49,6748,qbittorrent,0.999997,Normal Traffic,4
2026-01-23 16:35:53,6748,qbittorrent,0.999998,Normal Traffic,4
2026-01-23 16:35:56,20224,SchildiChatAlpha,0.999998,Normal Traffic,9
2026-01-23 16:35:57,6748,qbittorrent,0.999961,Normal Traffic,2
2026-01-23 16:36:01,22292,brave,0.999997,Normal Traffic,6
2026-01-23 16:36:02,6748,qbittorrent,0.999998,Normal Traffic,2
2026-01-23 16:36:03,22292,brave,1.000000,Normal Traffic,17
2026-01-23 16:36:03,6896,MpDefenderCoreService,0.999998,Normal Traffic,1
2026-01-23 16:36:07,2400,svchost,0.999852,Normal Traffic,4
2026-01-23 16:36:07,16272,Hiddify,0.999474,Normal Traffic,16
2026-01-23 16:36:07,2400,svchost,1.000000,Normal Traffic,5
2026-01-23 16:36:07,6748,qbittorrent,0.999992,Normal Traffic,2
2026-01-23 16:36:07,2400,svchost,0.999992,Normal Traffic,1
2026-01-23 16:36:08,27376,Code,0.999985,Normal Traffic,9
2026-01-23 16:36:08,12672,Code,0.999997,Normal Traffic,10
2026-01-23 16:36:13,10832,warp-svc,0.999999,Normal Traffic,2
2026-01-23 16:36:17,6748,qbittorrent,0.999968,Normal Traffic,2
2026-01-23 16:36:20,6748,qbittorrent,0.999992,Normal Traffic,4
2026-01-23 16:36:21,25188,Telegram,0.999996,Normal Traffic,3
2026-01-23 16:36:23,6748,qbittorrent,0.999996,Normal Traffic,2
2026-01-23 16:36:24,22292,brave,0.999999,Normal Traffic,35
2026-01-23 16:36:26,20224,SchildiChatAlpha,0.999997,Normal Traffic,5
2026-01-23 16:36:26,2400,svchost,0.999956,Normal Traffic,2
2026-01-23 16:36:28,6748,qbittorrent,0.999997,Normal Traffic,2
2026-01-23 16:36:28,10484,svchost,0.999992,Normal Traffic,2
2026-01-23 16:36:31,22292,brave,0.999996,Normal Traffic,6
2026-01-23 16:36:35,2400,svchost,0.999097,Normal Traffic,6
2026-01-23 16:36:35,16272,Hiddify,0.999928,Normal Traffic,12
2026-01-23 16:36:35,6748,qbittorrent,0.999997,Normal Traffic,2
2026-01-23 16:36:37,5412,svchost,0.999886,Normal Traffic,1
2026-01-23 16:36:37,5412,svchost,0.999886,Normal Traffic,1
2026-01-23 16:36:37,5412,svchost,0.999886,Normal Traffic,1
2026-01-23 16:36:37,6748,qbittorrent,0.999999,Normal Traffic,2
2026-01-23 16:36:38,27376,Code,0.999982,Normal Traffic,8
2026-01-23 16:36:42,6748,qbittorrent,0.999996,Normal Traffic,2
2026-01-23 16:36:42,6284,HiddifyCli,0.999994,Normal Traffic,3000
2026-01-23 16:36:47,6748,qbittorrent,0.999994,Normal Traffic,2
2026-01-23 16:36:51,22292,brave,0.999996,Normal Traffic,30
2026-01-23 16:36:52,6748,qbittorrent,0.999999,Normal Traffic,2
2026-01-23 16:36:57,20224,SchildiChatAlpha,0.999998,Normal Traffic,9
2026-01-23 16:36:57,6748,qbittorrent,0.999998,Normal Traffic,2
2026-01-23 16:37:01,22292,brave,1.000000,Normal Traffic,26
2026-01-23 16:37:01,22292,brave,0.999997,Normal Traffic,6
2026-01-23 16:37:05,2400,svchost,0.999997,Normal Traffic,4
2026-01-23 16:37:07,6748,qbittorrent,0.999999,Normal Traffic,1
2026-01-23 16:37:08,6748,qbittorrent,0.999914,Normal Traffic,2
2026-01-23 16:37:12,6748,qbittorrent,0.999998,Normal Traffic,2
2026-01-23 16:37:13,10832,warp-svc,0.999999,Normal Traffic,2
2026-01-23 16:37:17,6748,qbittorrent,0.999956,Normal Traffic,2
2026-01-23 16:37:22,6748,qbittorrent,0.999998,Normal Traffic,1
2026-01-23 16:37:27,27376,Code,0.999996,Normal Traffic,16
2026-01-23 16:37:27,20224,SchildiChatAlpha,0.999997,Normal Traffic,5
2026-01-23 16:37:27,6748,qbittorrent,0.999999,Normal Traffic,1
2026-01-23 16:37:28,10484,svchost,0.999992,Normal Traffic,2
2026-01-23 16:37:31,25188,Telegram,0.999990,Normal Traffic,6
2026-01-23 16:37:31,22292,brave,0.999997,Normal Traffic,6
2026-01-23 16:37:32,6748,qbittorrent,0.999999,Normal Traffic,1
2026-01-23 16:37:34,22292,brave,0.999999,Normal Traffic,2
2026-01-23 16:37:37,6748,qbittorrent,0.999999,Normal Traffic,1
2026-01-23 16:37:46,6748,qbittorrent,0.999995,Normal Traffic,2
2026-01-23 16:37:48,6748,qbittorrent,0.999990,Normal Traffic,4
2026-01-23 16:37:52,27376,Code,0.999992,Normal Traffic,10
2026-01-23 16:37:53,6748,qbittorrent,0.999998,Normal Traffic,2
2026-01-23 16:37:57,20224,SchildiChatAlpha,0.999998,Normal Traffic,9
2026-01-23 16:37:57,6748,qbittorrent,0.999999,Normal Traffic,1
2026-01-23 16:38:01,22292,brave,0.999997,Normal Traffic,6
2026-01-23 16:38:02,27376,Code,0.999967,Normal Traffic,18
2026-01-23 16:38:02,6748,qbittorrent,0.999998,Normal Traffic,2
2026-01-23 16:38:06,25188,Telegram,0.999995,Normal Traffic,5
2026-01-23 16:38:07,6748,qbittorrent,0.999999,Normal Traffic,1
2026-01-23 16:38:08,22292,brave,0.999999,Normal Traffic,23
2026-01-23 16:38:13,10832,warp-svc,0.999998,Normal Traffic,2
2026-01-23 16:38:13,6748,qbittorrent,0.999998,Normal Traffic,2
2026-01-23 16:38:17,6748,qbittorrent,0.999995,Normal Traffic,1
2026-01-23 16:38:21,12672,Code,0.999998,Normal Traffic,1
2026-01-23 16:38:23,6748,qbittorrent,0.999990,Normal Traffic,4
2026-01-23 16:38:27,22292,brave,0.999998,Normal Traffic,42
2026-01-23 16:38:27,6748,qbittorrent,0.999999,Normal Traffic,1
2026-01-23 16:38:27,20224,SchildiChatAlpha,0.999996,Normal Traffic,5
2026-01-23 16:38:28,10484,svchost,0.999992,Normal Traffic,2
2026-01-23 16:38:29,25188,Telegram,0.999993,Normal Traffic,2
2026-01-23 16:38:32,22292,brave,0.999997,Normal Traffic,6
2026-01-23 16:38:32,6748,qbittorrent,0.999998,Normal Traffic,2
2026-01-23 16:38:37,22292,brave,0.999998,Normal Traffic,33
2026-01-23 16:38:37,6748,qbittorrent,1.000000,Normal Traffic,1
2026-01-23 16:38:40,2400,svchost,0.999970,Normal Traffic,13
2026-01-23 16:38:40,27376,Code,0.999960,Normal Traffic,45
2026-01-23 16:38:42,6748,qbittorrent,0.999999,Normal Traffic,2
2026-01-23 16:38:47,6748,qbittorrent,0.999999,Normal Traffic,2
2026-01-23 16:38:51,22292,brave,0.999996,Normal Traffic,328
2026-01-23 16:38:51,25188,Telegram,0.999984,Normal Traffic,2
2026-01-23 16:38:52,6748,qbittorrent,0.999999,Normal Traffic,2
2026-01-23 16:38:57,6748,qbittorrent,0.999986,Normal Traffic,2
2026-01-23 16:38:58,20224,SchildiChatAlpha,0.999998,Normal Traffic,9
2026-01-23 16:38:59,2400,svchost,0.999992,Normal Traffic,1
2026-01-23 16:39:00,12672,Code,0.999998,Normal Traffic,9
2026-01-23 16:39:02,22292,brave,0.999996,Normal Traffic,16
2026-01-23 16:39:02,6748,qbittorrent,0.999999,Normal Traffic,1
2026-01-23 16:39:05,11156,gamingservices,0.999996,Normal Traffic,10
2026-01-23 16:39:07,6748,qbittorrent,0.999997,Normal Traffic,2
2026-01-23 16:39:11,22292,brave,0.999994,Normal Traffic,18
2026-01-23 16:39:12,6748,qbittorrent,0.999997,Normal Traffic,2
2026-01-23 16:39:13,10832,warp-svc,0.999999,Normal Traffic,2
2026-01-23 16:39:17,6748,qbittorrent,0.999996,Normal Traffic,2
2026-01-23 16:39:18,16272,Hiddify,0.005317,DoS,2
2026-01-23 16:39:18,26708,lgc,0.201061,DoS,2
2026-01-23 16:39:20,27376,Code,0.999968,Normal Traffic,8
2026-01-23 16:39:22,6748,qbittorrent,0.999997,Normal Traffic,2
2026-01-23 16:39:27,6748,qbittorrent,0.999997,Normal Traffic,2
2026-01-23 16:39:28,2400,svchost,0.999992,Normal Traffic,47
2026-01-23 16:39:28,16272,Hiddify,0.999925,Normal Traffic,94
2026-01-23 16:39:28,2400,svchost,0.999989,Normal Traffic,7
2026-01-23 16:39:28,20224,SchildiChatAlpha,0.999998,Normal Traffic,5
2026-01-23 16:39:28,10484,svchost,0.999992,Normal Traffic,2
2026-01-23 16:39:32,6748,qbittorrent,0.999997,Normal Traffic,2
2026-01-23 16:39:33,22292,brave,0.999997,Normal Traffic,6
2026-01-23 16:39:37,6748,qbittorrent,0.999998,Normal Traffic,2
2026-01-23 16:39:39,25188,Telegram,0.999997,Normal Traffic,6
2026-01-23 16:39:42,6748,qbittorrent,0.999997,Normal Traffic,2
2026-01-23 16:39:47,6748,qbittorrent,0.999997,Normal Traffic,2
2026-01-23 16:39:49,2400,svchost,0.999997,Normal Traffic,4
2026-01-23 16:39:51,22292,brave,0.999997,Normal Traffic,33
2026-01-23 16:39:53,6748,qbittorrent,0.999998,Normal Traffic,2
2026-01-23 16:39:55,2400,svchost,0.999646,Normal Traffic,4
2026-01-23 16:39:55,16272,Hiddify,0.999412,Normal Traffic,10
2026-01-23 16:39:57,6132,svchost,0.999997,Normal Traffic,12
2026-01-23 16:39:57,6748,qbittorrent,0.999998,Normal Traffic,2
2026-01-23 16:39:58,20224,SchildiChatAlpha,0.999998,Normal Traffic,9
2026-01-23 16:40:02,6748,qbittorrent,0.999994,Normal Traffic,2
2026-01-23 16:40:03,22292,brave,0.999996,Normal Traffic,5
2026-01-23 16:40:07,6748,qbittorrent,0.999998,Normal Traffic,2
2026-01-23 16:40:09,22292,brave,1.000000,Normal Traffic,37
2026-01-23 16:40:12,10832,warp-svc,0.999999,Normal Traffic,2
2026-01-23 16:40:12,6748,qbittorrent,0.999999,Normal Traffic,2
2026-01-23 16:40:14,25188,Telegram,0.999997,Normal Traffic,4
2026-01-23 16:40:17,6748,qbittorrent,0.999999,Normal Traffic,2
2026-01-23 16:40:22,6748,qbittorrent,0.999999,Normal Traffic,2
2026-01-23 16:40:24,27376,Code,0.999982,Normal Traffic,10
2026-01-23 16:40:27,6748,qbittorrent,0.999991,Normal Traffic,2
2026-01-23 16:40:28,22292,brave,0.999991,Normal Traffic,25
2026-01-23 16:40:28,10484,svchost,0.999993,Normal Traffic,2
2026-01-23 16:40:28,20224,SchildiChatAlpha,0.999997,Normal Traffic,5
2026-01-23 16:40:30,5352,MicrosoftStartFeedProvider,0.999994,Normal Traffic,40
2026-01-23 16:40:32,6748,qbittorrent,0.999998,Normal Traffic,2
2026-01-23 16:40:33,22292,brave,0.999997,Normal Traffic,6
2026-01-23 16:40:37,6748,qbittorrent,0.999999,Normal Traffic,2
2026-01-23 16:40:41,22292,brave,0.999999,Normal Traffic,2
2026-01-23 16:40:42,6748,qbittorrent,0.999999,Normal Traffic,2
2026-01-23 16:40:47,6748,qbittorrent,0.999998,Normal Traffic,2
2026-01-23 16:40:48,27376,Code,0.999985,Normal Traffic,8
2026-01-23 16:40:51,27376,Code,0.999987,Normal Traffic,8
2026-01-23 16:40:52,6748,qbittorrent,0.999997,Normal Traffic,2
2026-01-23 16:40:57,6748,qbittorrent,0.999990,Normal Traffic,2
2026-01-23 16:40:59,20224,SchildiChatAlpha,0.999998,Normal Traffic,9
2026-01-23 16:40:59,25188,Telegram,0.999997,Normal Traffic,3
2026-01-23 16:41:02,6748,qbittorrent,0.999999,Normal Traffic,2
2026-01-23 16:41:03,22292,brave,0.999996,Normal Traffic,5
2026-01-23 16:41:04,22292,brave,1.000000,Normal Traffic,18
2026-01-23 16:41:05,2400,svchost,0.999971,Normal Traffic,12
2026-01-23 16:41:07,2400,svchost,0.999977,Normal Traffic,15
2026-01-23 16:41:07,16272,Hiddify,0.999812,Normal Traffic,34
2026-01-23 16:41:07,6748,qbittorrent,0.999999,Normal Traffic,2
2026-01-23 16:41:11,27376,Code,0.999958,Normal Traffic,18
2026-01-23 16:41:12,10832,warp-svc,0.999999,Normal Traffic,2
2026-01-23 16:41:12,6748,qbittorrent,0.999999,Normal Traffic,2
2026-01-23 16:41:13,12672,Code,0.999998,Normal Traffic,1
2026-01-23 16:41:17,6748,qbittorrent,0.999999,Normal Traffic,2
2026-01-23 16:41:23,6748,qbittorrent,0.999999,Normal Traffic,2
2026-01-23 16:41:27,6748,qbittorrent,0.999997,Normal Traffic,2
2026-01-23 16:41:28,10484,svchost,0.999993,Normal Traffic,2
2026-01-23 16:41:29,20224,SchildiChatAlpha,0.999997,Normal Traffic,5
2026-01-23 16:41:32,6748,qbittorrent,0.999996,Normal Traffic,2
2026-01-23 16:41:33,2400,svchost,0.999998,Normal Traffic,5
2026-01-23 16:41:33,2400,svchost,0.999992,Normal Traffic,1
2026-01-23 16:41:34,22292,brave,0.999996,Normal Traffic,6
2026-01-23 16:41:35,12672,Code,0.999997,Normal Traffic,14
2026-01-23 16:41:37,6748,qbittorrent,0.999999,Normal Traffic,2
2026-01-23 16:41:41,27376,Code,0.999957,Normal Traffic,17
2026-01-23 16:41:42,6748,qbittorrent,0.999999,Normal Traffic,2
2026-01-23 16:41:47,6748,qbittorrent,0.999991,Normal Traffic,2
2026-01-23 16:41:50,22292,brave,0.999999,Normal Traffic,20
2026-01-23 16:41:50,27376,Code,0.999960,Normal Traffic,1
2026-01-23 16:41:51,22292,brave,0.999998,Normal Traffic,6
2026-01-23 16:41:51,16272,Hiddify,0.999997,Normal Traffic,6
2026-01-23 16:41:53,6748,qbittorrent,0.999999,Normal Traffic,2
2026-01-23 16:41:54,25188,Telegram,0.999997,Normal Traffic,5
2026-01-23 16:41:57,6748,qbittorrent,0.999998,Normal Traffic,2
2026-01-23 16:41:59,20224,SchildiChatAlpha,0.999998,Normal Traffic,9
2026-01-23 16:42:02,6748,qbittorrent,0.999999,Normal Traffic,2
2026-01-23 16:42:04,22292,brave,0.999996,Normal Traffic,6
2026-01-23 16:42:07,6748,qbittorrent,0.999998,Normal Traffic,2
2026-01-23 16:42:09,27376,Code,0.999989,Normal Traffic,9
2026-01-23 16:42:10,22292,brave,0.999999,Normal Traffic,12
2026-01-23 16:42:12,10832,warp-svc,0.999999,Normal Traffic,2
2026-01-23 16:42:12,6748,qbittorrent,0.999998,Normal Traffic,2
2026-01-23 16:42:17,6748,qbittorrent,0.999999,Normal Traffic,1
2026-01-23 16:42:18,5352,MicrosoftStartFeedProvider,0.999996,Normal Traffic,2
2026-01-23 16:42:19,16272,Hiddify,0.999996,Normal Traffic,3000
2026-01-23 16:42:22,6748,qbittorrent,0.999997,Normal Traffic,2
2026-01-23 16:42:27,6748,qbittorrent,0.999999,Normal Traffic,1
2026-01-23 16:42:28,10484,svchost,0.999993,Normal Traffic,2
2026-01-23 16:42:29,22292,brave,0.999984,Normal Traffic,27
2026-01-23 16:42:29,20224,SchildiChatAlpha,0.999998,Normal Traffic,5
2026-01-23 16:42:32,6748,qbittorrent,0.999997,Normal Traffic,2
2026-01-23 16:42:34,27376,Code,0.999982,Normal Traffic,8
2026-01-23 16:42:34,22292,brave,0.999997,Normal Traffic,6
2026-01-23 16:42:39,25188,Telegram,0.999980,Normal Traffic,5
2026-01-23 16:42:42,6748,qbittorrent,0.999979,Normal Traffic,2
2026-01-23 16:42:42,6748,qbittorrent,0.999999,Normal Traffic,2
2026-01-23 16:42:49,22292,brave,0.999997,Normal Traffic,19
2026-01-23 16:42:49,6748,qbittorrent,0.999997,Normal Traffic,4
2026-01-23 16:42:50,22292,brave,0.999996,Normal Traffic,30
2026-01-23 16:42:50,2400,svchost,0.999996,Normal Traffic,1
2026-01-23 16:42:52,6748,qbittorrent,0.999998,Normal Traffic,2
2026-01-23 16:42:56,16272,Hiddify,0.999998,Normal Traffic,1
2026-01-23 16:42:56,22292,brave,0.999998,Normal Traffic,1
2026-01-23 16:42:57,6748,qbittorrent,1.000000,Normal Traffic,1
2026-01-23 16:43:00,20224,SchildiChatAlpha,0.999998,Normal Traffic,9
2026-01-23 16:43:02,6748,qbittorrent,0.999998,Normal Traffic,2
2026-01-23 16:43:04,22292,brave,0.999996,Normal Traffic,6
2026-01-23 16:43:07,6748,qbittorrent,0.999999,Normal Traffic,2
2026-01-23 16:43:12,10832,warp-svc,0.999999,Normal Traffic,2
2026-01-23 16:43:12,6748,qbittorrent,0.999999,Normal Traffic,2
2026-01-23 16:43:14,25188,Telegram,0.999985,Normal Traffic,3
2026-01-23 16:43:18,6748,qbittorrent,0.999999,Normal Traffic,2
2026-01-23 16:43:19,25188,Telegram,1.000000,Normal Traffic,5
2026-01-23 16:43:19,25188,Telegram,1.000000,Normal Traffic,7
2026-01-23 16:43:22,6748,qbittorrent,0.999988,Normal Traffic,2
2026-01-23 16:43:24,27376,Code,0.999967,Normal Traffic,9
2026-01-23 16:43:27,6748,qbittorrent,0.999967,Normal Traffic,2
2026-01-23 16:43:28,10484,svchost,0.999993,Normal Traffic,2
2026-01-23 16:43:30,20224,SchildiChatAlpha,0.999998,Normal Traffic,6
2026-01-23 16:43:32,6748,qbittorrent,0.999998,Normal Traffic,2
2026-01-23 16:43:35,22292,brave,0.999998,Normal Traffic,19
2026-01-23 16:43:35,22292,brave,0.999997,Normal Traffic,6
2026-01-23 16:43:37,6748,qbittorrent,0.999996,Normal Traffic,2
2026-01-23 16:43:38,27376,Code,0.999990,Normal Traffic,31
2026-01-23 16:43:42,6748,qbittorrent,0.999999,Normal Traffic,2
2026-01-23 16:43:47,12672,Code,0.999998,Normal Traffic,1
2026-01-23 16:43:47,6748,qbittorrent,0.999999,Normal Traffic,2
2026-01-23 16:43:50,27376,Code,0.999986,Normal Traffic,9
2026-01-23 16:43:52,6748,qbittorrent,0.999999,Normal Traffic,1
2026-01-23 16:43:57,6748,qbittorrent,0.999998,Normal Traffic,2
2026-01-23 16:44:00,20224,SchildiChatAlpha,0.999998,Normal Traffic,9
2026-01-23 16:44:02,6748,qbittorrent,0.999997,Normal Traffic,2
2026-01-23 16:44:04,11156,gamingservices,0.999996,Normal Traffic,12
2026-01-23 16:44:05,22292,brave,0.999996,Normal Traffic,6
2026-01-23 16:44:07,6748,qbittorrent,0.999997,Normal Traffic,2
2026-01-23 16:44:10,22292,brave,0.999993,Normal Traffic,20
2026-01-23 16:44:12,10832,warp-svc,0.999999,Normal Traffic,2
2026-01-23 16:44:12,6748,qbittorrent,0.999995,Normal Traffic,2
2026-01-23 16:44:14,25188,Telegram,0.999986,Normal Traffic,4
2026-01-23 16:44:17,6748,qbittorrent,0.999992,Normal Traffic,2
2026-01-23 16:44:18,16272,Hiddify,0.004527,DoS,2
2026-01-23 16:44:18,26708,lgc,0.228073,DoS,2
2026-01-23 16:44:22,6748,qbittorrent,0.999974,Normal Traffic,2
2026-01-23 16:44:27,6748,qbittorrent,0.999995,Normal Traffic,2
2026-01-23 16:44:28,10484,svchost,0.999993,Normal Traffic,2
2026-01-23 16:44:29,22292,brave,0.999990,Normal Traffic,24
2026-01-23 16:44:29,27376,Code,0.999885,Normal Traffic,25
2026-01-23 16:44:30,20224,SchildiChatAlpha,0.999998,Normal Traffic,5
2026-01-23 16:44:32,6748,qbittorrent,0.999996,Normal Traffic,2
2026-01-23 16:44:36,22292,brave,0.999997,Normal Traffic,6
2026-01-23 16:44:38,6748,qbittorrent,0.999967,Normal Traffic,2
2026-01-23 16:44:40,27376,Code,0.999991,Normal Traffic,18
2026-01-23 16:44:43,6748,qbittorrent,0.999995,Normal Traffic,2
2026-01-23 16:44:47,27376,Code,0.999979,Normal Traffic,16
2026-01-23 16:44:48,6748,qbittorrent,0.999998,Normal Traffic,2
2026-01-23 16:44:53,6748,qbittorrent,0.999997,Normal Traffic,2
2026-01-23 16:44:58,6748,qbittorrent,0.999996,Normal Traffic,2
2026-01-23 16:44:59,22292,brave,0.999999,Normal Traffic,16
2026-01-23 16:44:59,25188,Telegram,0.999995,Normal Traffic,2
2026-01-23 16:45:00,6132,svchost,0.999997,Normal Traffic,12
2026-01-23 16:45:02,20224,SchildiChatAlpha,0.999998,Normal Traffic,9
2026-01-23 16:45:03,6748,qbittorrent,0.999991,Normal Traffic,2
2026-01-23 16:45:05,2400,svchost,0.999963,Normal Traffic,69
2026-01-23 16:45:05,16272,Hiddify,0.999916,Normal Traffic,168
2026-01-23 16:45:05,2400,svchost,0.999979,Normal Traffic,31
2026-01-23 16:45:05,2400,svchost,0.999992,Normal Traffic,1
2026-01-23 16:45:06,22292,brave,1.000000,Normal Traffic,27
2026-01-23 16:45:06,22292,brave,0.999997,Normal Traffic,6
2026-01-23 16:45:08,6748,qbittorrent,0.999998,Normal Traffic,2
2026-01-23 16:45:09,27376,Code,0.999996,Normal Traffic,9
2026-01-23 16:45:13,10832,warp-svc,0.999999,Normal Traffic,2
2026-01-23 16:45:13,6748,qbittorrent,0.999998,Normal Traffic,2
2026-01-23 16:45:18,6748,qbittorrent,0.999996,Normal Traffic,2
2026-01-23 16:45:23,6748,qbittorrent,0.999996,Normal Traffic,2
2026-01-23 16:45:28,6748,qbittorrent,0.999998,Normal Traffic,2
2026-01-23 16:45:29,25584,msedgewebview2,0.999882,Normal Traffic,2
2026-01-23 16:45:29,10484,svchost,0.999993,Normal Traffic,2
2026-01-23 16:45:32,20224,SchildiChatAlpha,0.999998,Normal Traffic,5
2026-01-23 16:45:33,6748,qbittorrent,0.999995,Normal Traffic,2
2026-01-23 16:45:35,25584,msedgewebview2,0.999996,Normal Traffic,26
2026-01-23 16:45:37,22292,brave,0.999997,Normal Traffic,6
2026-01-23 16:45:38,6748,qbittorrent,0.999997,Normal Traffic,2
2026-01-23 16:45:39,22292,brave,0.999999,Normal Traffic,2
2026-01-23 16:45:40,2400,svchost,0.999996,Normal Traffic,10
2026-01-23 16:45:40,16272,Hiddify,0.999923,Normal Traffic,30
2026-01-23 16:45:40,2400,svchost,1.000000,Normal Traffic,8
2026-01-23 16:45:41,20220,WINWORD,0.999998,Normal Traffic,8
2026-01-23 16:45:43,6748,qbittorrent,1.000000,Normal Traffic,1
2026-01-23 16:45:44,25188,Telegram,0.999995,Normal Traffic,2
2026-01-23 16:45:48,6748,qbittorrent,0.999999,Normal Traffic,2
2026-01-23 16:45:53,6748,qbittorrent,0.999999,Normal Traffic,2
2026-01-23 16:45:58,6748,qbittorrent,0.999997,Normal Traffic,2
2026-01-23 16:46:02,20224,SchildiChatAlpha,0.999997,Normal Traffic,9
2026-01-23 16:46:03,6748,qbittorrent,0.999998,Normal Traffic,2
2026-01-23 16:46:05,25584,msedgewebview2,0.999999,Normal Traffic,6
2026-01-23 16:46:07,22292,brave,0.999996,Normal Traffic,6
2026-01-23 16:46:08,6748,qbittorrent,0.999997,Normal Traffic,2
2026-01-23 16:46:11,27376,Code,0.999995,Normal Traffic,27
2026-01-23 16:46:12,22292,brave,1.000000,Normal Traffic,29
2026-01-23 16:46:13,10832,warp-svc,0.999999,Normal Traffic,2
2026-01-23 16:46:18,6748,qbittorrent,0.999999,Normal Traffic,1
2026-01-23 16:46:20,6748,qbittorrent,0.999873,Normal Traffic,2
2026-01-23 16:46:23,6748,qbittorrent,0.999997,Normal Traffic,2
2026-01-23 16:46:24,27376,Code,0.999994,Normal Traffic,27
2026-01-23 16:46:28,6748,qbittorrent,0.999998,Normal Traffic,2
2026-01-23 16:46:28,10484,svchost,0.999993,Normal Traffic,2
2026-01-23 16:46:30,27376,Code,0.999983,Normal Traffic,18
2026-01-23 16:46:31,22292,brave,0.999990,Normal Traffic,26
2026-01-23 16:46:32,20224,SchildiChatAlpha,0.999998,Normal Traffic,5
2026-01-23 16:46:33,6748,qbittorrent,0.999986,Normal Traffic,2
2026-01-23 16:46:36,27376,Code,0.999996,Normal Traffic,9
2026-01-23 16:46:37,28292,svchost,0.999998,Normal Traffic,9
2026-01-23 16:46:37,22292,brave,0.999997,Normal Traffic,6
2026-01-23 16:46:38,6748,qbittorrent,0.999985,Normal Traffic,2
2026-01-23 16:46:39,25188,Telegram,0.999996,Normal Traffic,3
2026-01-23 16:46:42,12672,Code,0.999997,Normal Traffic,10
2026-01-23 16:46:43,6748,qbittorrent,0.999997,Normal Traffic,2
2026-01-23 16:46:45,22292,brave,0.999999,Normal Traffic,2
2026-01-23 16:46:47,12672,Code,0.999998,Normal Traffic,13
2026-01-23 16:46:48,6748,qbittorrent,0.999998,Normal Traffic,2
2026-01-23 16:46:53,6748,qbittorrent,1.000000,Normal Traffic,1
2026-01-23 16:46:54,27376,Code,0.999997,Normal Traffic,35
2026-01-23 16:46:54,27376,Code,0.999982,Normal Traffic,8
2026-01-23 16:46:58,6748,qbittorrent,0.999997,Normal Traffic,2
2026-01-23 16:47:03,20224,SchildiChatAlpha,0.999998,Normal Traffic,9
2026-01-23 16:47:03,6748,qbittorrent,0.999993,Normal Traffic,2
2026-01-23 16:47:07,2400,svchost,0.999999,Normal Traffic,2
2026-01-23 16:47:07,22292,brave,0.999996,Normal Traffic,6
2026-01-23 16:47:08,6748,qbittorrent,1.000000,Normal Traffic,2
2026-01-23 16:47:13,6748,qbittorrent,0.999990,Normal Traffic,2
2026-01-23 16:47:14,28372,nvcontainer,0.999998,Normal Traffic,2
2026-01-23 16:47:14,22292,brave,1.000000,Normal Traffic,1
2026-01-23 16:47:14,2400,svchost,1.000000,Normal Traffic,1
2026-01-23 16:47:14,16128,brave,1.000000,Normal Traffic,1
2026-01-23 16:47:16,10832,warp-svc,1.000000,Normal Traffic,3
2026-01-23 16:47:18,6748,qbittorrent,0.999998,Normal Traffic,2
2026-01-23 16:47:23,6748,qbittorrent,0.999998,Normal Traffic,2
2026-01-23 16:47:28,27376,Code,0.999895,Normal Traffic,8
2026-01-23 16:47:28,27376,Code,0.999986,Normal Traffic,9
2026-01-23 16:47:28,6748,qbittorrent,0.999999,Normal Traffic,2
2026-01-23 16:47:28,10484,svchost,0.999992,Normal Traffic,2
2026-01-23 16:47:29,25188,Telegram,0.999986,Normal Traffic,4
2026-01-23 16:47:30,20220,WINWORD,0.999998,Normal Traffic,1
2026-01-23 16:47:31,768,nvcontainer,0.999997,Normal Traffic,48
2026-01-23 16:47:32,22292,brave,0.999998,Normal Traffic,71
2026-01-23 16:47:32,22292,brave,0.999996,Normal Traffic,20
2026-01-23 16:47:33,28372,nvcontainer,0.999999,Normal Traffic,59
2026-01-23 16:47:33,20224,SchildiChatAlpha,0.999998,Normal Traffic,5
2026-01-23 16:47:33,6748,qbittorrent,0.999999,Normal Traffic,2
2026-01-23 16:47:37,22292,brave,0.999998,Normal Traffic,34
2026-01-23 16:47:38,22292,brave,0.999996,Normal Traffic,6
2026-01-23 16:47:38,6748,qbittorrent,0.999995,Normal Traffic,2
2026-01-23 16:47:39,28372,nvcontainer,0.999999,Normal Traffic,34
2026-01-23 16:47:43,6748,qbittorrent,0.999996,Normal Traffic,2
2026-01-23 16:47:48,6748,qbittorrent,0.999983,Normal Traffic,2
2026-01-23 16:47:53,6748,qbittorrent,0.999997,Normal Traffic,2
2026-01-23 16:47:58,6748,qbittorrent,0.999999,Normal Traffic,2
2026-01-23 16:48:03,20224,SchildiChatAlpha,0.999998,Normal Traffic,9
2026-01-23 16:48:03,6748,qbittorrent,0.999998,Normal Traffic,2
2026-01-23 16:48:08,22292,brave,0.999997,Normal Traffic,6
2026-01-23 16:48:08,6748,qbittorrent,0.999999,Normal Traffic,2
2026-01-23 16:48:13,10832,warp-svc,0.999999,Normal Traffic,2
2026-01-23 16:48:13,6748,qbittorrent,0.999998,Normal Traffic,2
2026-01-23 16:48:14,22292,brave,0.999999,Normal Traffic,18
2026-01-23 16:48:18,27376,Code,0.999982,Normal Traffic,9
2026-01-23 16:48:18,6748,qbittorrent,0.999999,Normal Traffic,2
2026-01-23 16:48:23,6748,qbittorrent,0.999999,Normal Traffic,2
2026-01-23 16:48:24,25188,Telegram,0.999991,Normal Traffic,3
2026-01-23 16:48:25,27376,Code,0.999985,Normal Traffic,8
2026-01-23 16:48:25,28292,svchost,1.000000,Normal Traffic,1
2026-01-23 16:48:28,10484,svchost,0.999992,Normal Traffic,2
2026-01-23 16:48:29,6748,qbittorrent,0.999999,Normal Traffic,2
2026-01-23 16:48:32,22292,brave,0.999990,Normal Traffic,29
2026-01-23 16:48:33,6748,qbittorrent,0.999996,Normal Traffic,2
2026-01-23 16:48:33,20224,SchildiChatAlpha,0.999997,Normal Traffic,5
2026-01-23 16:48:36,2400,svchost,1.000000,Normal Traffic,39
2026-01-23 16:48:38,22292,brave,0.999996,Normal Traffic,6
2026-01-23 16:48:38,6748,qbittorrent,0.999999,Normal Traffic,2
2026-01-23 16:48:39,2400,svchost,0.999998,Normal Traffic,89
2026-01-23 16:48:39,16272,Hiddify,0.999904,Normal Traffic,188
2026-01-23 16:48:42,27376,Code,0.999818,Normal Traffic,17
2026-01-23 16:48:43,6748,qbittorrent,0.999999,Normal Traffic,2
2026-01-23 16:48:50,22292,brave,0.999997,Normal Traffic,15
2026-01-23 16:48:52,12672,Code,0.999964,Normal Traffic,2
2026-01-23 16:48:53,6748,qbittorrent,0.999998,Normal Traffic,2
2026-01-23 16:48:54,12672,Code,0.999998,Normal Traffic,1
2026-01-23 16:48:58,6748,qbittorrent,1.000000,Normal Traffic,1
2026-01-23 16:48:59,6748,qbittorrent,0.999938,Normal Traffic,2
2026-01-23 16:49:03,6748,qbittorrent,0.999999,Normal Traffic,1
2026-01-23 16:49:04,20224,SchildiChatAlpha,0.999998,Normal Traffic,9
2026-01-23 16:49:08,22292,brave,0.999996,Normal Traffic,6
2026-01-23 16:49:08,6748,qbittorrent,0.999999,Normal Traffic,2
2026-01-23 16:49:10,11156,gamingservices,0.999998,Normal Traffic,11
2026-01-23 16:49:13,6748,qbittorrent,0.999997,Normal Traffic,2
2026-01-23 16:49:14,10832,warp-svc,0.999997,Normal Traffic,2
2026-01-23 16:49:18,6748,qbittorrent,0.999999,Normal Traffic,2
2026-01-23 16:49:18,16272,Hiddify,0.216397,DoS,2
2026-01-23 16:49:18,26708,lgc,0.217383,DoS,2
2026-01-23 16:49:23,6748,qbittorrent,0.999987,Normal Traffic,2
2026-01-23 16:49:26,27376,Code,0.999985,Normal Traffic,9
2026-01-23 16:49:28,6748,qbittorrent,0.999999,Normal Traffic,2
2026-01-23 16:49:28,10484,svchost,0.999992,Normal Traffic,2
2026-01-23 16:49:33,6748,qbittorrent,0.999997,Normal Traffic,2
2026-01-23 16:49:34,20224,SchildiChatAlpha,0.999998,Normal Traffic,5
2026-01-23 16:49:38,6748,qbittorrent,0.999999,Normal Traffic,2
2026-01-23 16:49:39,22292,brave,0.999996,Normal Traffic,19
2026-01-23 16:49:39,22292,brave,0.999997,Normal Traffic,6
2026-01-23 16:49:41,27376,Code,0.999981,Normal Traffic,10
2026-01-23 16:49:43,6748,qbittorrent,0.999999,Normal Traffic,2
2026-01-23 16:49:44,25188,Telegram,0.999998,Normal Traffic,10
2026-01-23 16:49:45,16272,Hiddify,0.999894,Normal Traffic,42
2026-01-23 16:49:45,2400,svchost,1.000000,Normal Traffic,13
2026-01-23 16:49:48,6748,qbittorrent,0.999998,Normal Traffic,2
2026-01-23 16:49:49,27376,Code,0.999984,Normal Traffic,9
2026-01-23 16:49:51,22784,ms-teamsupdate,0.999987,Normal Traffic,29
2026-01-23 16:49:53,6748,qbittorrent,0.999999,Normal Traffic,2
2026-01-23 16:49:58,6748,qbittorrent,0.999999,Normal Traffic,2
2026-01-23 16:50:03,6748,qbittorrent,0.999998,Normal Traffic,2
2026-01-23 16:50:04,20224,SchildiChatAlpha,0.999997,Normal Traffic,10
2026-01-23 16:50:08,27376,Code,0.999966,Normal Traffic,8
2026-01-23 16:50:08,6748,qbittorrent,0.999999,Normal Traffic,2
2026-01-23 16:50:09,27376,Code,0.999987,Normal Traffic,9
2026-01-23 16:50:09,22292,brave,0.999996,Normal Traffic,6
2026-01-23 16:50:12,2400,svchost,1.000000,Normal Traffic,10
2026-01-23 16:50:13,2400,svchost,0.999996,Normal Traffic,24
2026-01-23 16:50:13,16272,Hiddify,0.999923,Normal Traffic,28
2026-01-23 16:50:13,10832,warp-svc,0.999999,Normal Traffic,2
2026-01-23 16:50:13,6748,qbittorrent,1.000000,Normal Traffic,1
2026-01-23 16:50:15,22292,brave,1.000000,Normal Traffic,19
2026-01-23 16:50:18,6748,qbittorrent,0.999951,Normal Traffic,2
2026-01-23 16:50:23,22292,brave,0.999999,Normal Traffic,16
2026-01-23 16:50:23,6748,qbittorrent,0.999999,Normal Traffic,1
2026-01-23 16:50:28,10484,svchost,0.999993,Normal Traffic,2
2026-01-23 16:50:28,6748,qbittorrent,0.999995,Normal Traffic,2
2026-01-23 16:50:29,25188,Telegram,0.999971,Normal Traffic,4
2026-01-23 16:50:33,6748,qbittorrent,0.999998,Normal Traffic,2
2026-01-23 16:50:34,20224,SchildiChatAlpha,0.999998,Normal Traffic,5
2026-01-23 16:50:38,6748,qbittorrent,0.999997,Normal Traffic,2
2026-01-23 16:50:39,22292,brave,0.999997,Normal Traffic,6
2026-01-23 16:50:43,27376,Code,0.999920,Normal Traffic,18
2026-01-23 16:50:43,6748,qbittorrent,0.999998,Normal Traffic,2
2026-01-23 16:50:46,16272,Hiddify,0.999998,Normal Traffic,3000
2026-01-23 16:50:48,6748,qbittorrent,0.999998,Normal Traffic,2
2026-01-23 16:50:50,22292,brave,1.000000,Normal Traffic,19
2026-01-23 16:50:51,27376,Code,0.999958,Normal Traffic,18
2026-01-23 16:50:51,22292,brave,0.999997,Normal Traffic,23
2026-01-23 16:50:53,6748,qbittorrent,0.999986,Normal Traffic,2
2026-01-23 16:50:58,6748,qbittorrent,0.999997,Normal Traffic,2
2026-01-23 16:51:03,6748,qbittorrent,0.999998,Normal Traffic,2
2026-01-23 16:51:05,20224,SchildiChatAlpha,0.999998,Normal Traffic,9
2026-01-23 16:51:08,27376,Code,0.999976,Normal Traffic,18
2026-01-23 16:51:08,6748,qbittorrent,0.999999,Normal Traffic,2
2026-01-23 16:51:09,22292,brave,0.999997,Normal Traffic,6
2026-01-23 16:51:09,22292,brave,0.999999,Normal Traffic,9
2026-01-23 16:51:13,6748,qbittorrent,0.999999,Normal Traffic,2
2026-01-23 16:51:14,25188,Telegram,0.999997,Normal Traffic,4
2026-01-23 16:51:15,2400,svchost,0.996162,Normal Traffic,16
2026-01-23 16:51:15,2400,svchost,0.999995,Normal Traffic,10
2026-01-23 16:51:15,16272,Hiddify,0.999901,Normal Traffic,34
2026-01-23 16:51:16,10832,warp-svc,1.000000,Normal Traffic,3
2026-01-23 16:51:18,6748,qbittorrent,1.000000,Normal Traffic,1
2026-01-23 16:51:23,6748,qbittorrent,0.999999,Normal Traffic,1
2026-01-23 16:51:28,10484,svchost,0.999993,Normal Traffic,2
2026-01-23 16:51:28,6748,qbittorrent,1.000000,Normal Traffic,1
2026-01-23 16:51:33,6748,qbittorrent,0.999998,Normal Traffic,2
2026-01-23 16:51:35,20224,SchildiChatAlpha,0.999998,Normal Traffic,5
2026-01-23 16:51:38,6748,qbittorrent,0.999998,Normal Traffic,2
2026-01-23 16:51:39,22292,brave,0.999997,Normal Traffic,6
2026-01-23 16:51:41,22292,brave,0.999999,Normal Traffic,2
2026-01-23 16:51:41,2400,svchost,0.999992,Normal Traffic,1
2026-01-23 16:51:43,6748,qbittorrent,0.999993,Normal Traffic,2
2026-01-23 16:51:48,6748,qbittorrent,0.999997,Normal Traffic,2
2026-01-23 16:51:50,12672,Code,0.999998,Normal Traffic,15
2026-01-23 16:51:53,6748,qbittorrent,0.999989,Normal Traffic,2
2026-01-23 16:51:54,27376,Code,0.999997,Normal Traffic,9
2026-01-23 16:51:58,6748,qbittorrent,0.999998,Normal Traffic,2
2026-01-23 16:51:59,25188,Telegram,0.999916,Normal Traffic,5
2026-01-23 16:52:02,27376,Code,0.999988,Normal Traffic,9
2026-01-23 16:52:03,6748,qbittorrent,0.999999,Normal Traffic,2
2026-01-23 16:52:05,20224,SchildiChatAlpha,0.999998,Normal Traffic,9
2026-01-23 16:52:08,6748,qbittorrent,0.999999,Normal Traffic,2
2026-01-23 16:52:10,22292,brave,0.999997,Normal Traffic,6
2026-01-23 16:52:10,22292,brave,1.000000,Normal Traffic,16
2026-01-23 16:52:12,2400,svchost,0.999997,Normal Traffic,9
2026-01-23 16:52:12,10832,warp-svc,0.999999,Normal Traffic,2
2026-01-23 16:52:13,6748,qbittorrent,0.999999,Normal Traffic,2
2026-01-23 16:52:18,6748,qbittorrent,0.999999,Normal Traffic,2
2026-01-23 16:52:20,2400,svchost,0.999997,Normal Traffic,12
2026-01-23 16:52:20,16272,Hiddify,0.999931,Normal Traffic,34
2026-01-23 16:52:23,6748,qbittorrent,0.999998,Normal Traffic,1
2026-01-23 16:52:28,10484,svchost,0.999993,Normal Traffic,2
2026-01-23 16:52:28,6748,qbittorrent,0.999998,Normal Traffic,2
2026-01-23 16:52:33,6748,qbittorrent,0.999990,Normal Traffic,2
2026-01-23 16:52:33,22292,brave,0.999999,Normal Traffic,9
2026-01-23 16:52:35,20224,SchildiChatAlpha,0.999997,Normal Traffic,5
2026-01-23 16:52:38,6748,qbittorrent,0.999998,Normal Traffic,2
2026-01-23 16:52:40,22292,brave,0.999996,Normal Traffic,5
2026-01-23 16:52:43,6748,qbittorrent,0.999998,Normal Traffic,2
2026-01-23 16:52:48,6748,qbittorrent,0.999999,Normal Traffic,2
2026-01-23 16:52:52,6284,HiddifyCli,0.999994,Normal Traffic,3000
2026-01-23 16:52:53,6748,qbittorrent,0.999999,Normal Traffic,2
2026-01-23 16:52:54,12672,Code,0.999998,Normal Traffic,1
2026-01-23 16:52:58,6748,qbittorrent,0.999999,Normal Traffic,2
2026-01-23 16:53:03,6748,qbittorrent,0.999998,Normal Traffic,2
2026-01-23 16:53:05,2400,svchost,0.997808,Normal Traffic,4
2026-01-23 16:53:05,2400,svchost,0.999989,Normal Traffic,5
2026-01-23 16:53:05,16272,Hiddify,0.999868,Normal Traffic,10
2026-01-23 16:53:06,22292,brave,0.999999,Normal Traffic,2
2026-01-23 16:53:06,20224,SchildiChatAlpha,0.999998,Normal Traffic,9
2026-01-23 16:53:08,6748,qbittorrent,0.999999,Normal Traffic,2
2026-01-23 16:53:09,25188,Telegram,0.999993,Normal Traffic,7
2026-01-23 16:53:10,22292,brave,0.999996,Normal Traffic,6
2026-01-23 16:53:12,10832,warp-svc,0.999999,Normal Traffic,2
2026-01-23 16:53:13,6748,qbittorrent,0.999999,Normal Traffic,2
2026-01-23 16:53:18,6748,qbittorrent,0.999998,Normal Traffic,2
2026-01-23 16:53:20,25188,Telegram,0.999699,Normal Traffic,7
2026-01-23 16:53:20,25188,Telegram,0.999858,Normal Traffic,5
2026-01-23 16:53:23,6748,qbittorrent,1.000000,Normal Traffic,1
2026-01-23 16:53:25,2400,svchost,0.999561,Normal Traffic,2
2026-01-23 16:53:25,16272,Hiddify,0.999486,Normal Traffic,6
2026-01-23 16:53:25,2400,svchost,0.999998,Normal Traffic,4
2026-01-23 16:53:28,10484,svchost,0.999993,Normal Traffic,2
2026-01-23 16:53:28,6748,qbittorrent,1.000000,Normal Traffic,1
2026-01-23 16:53:33,6748,qbittorrent,0.999999,Normal Traffic,1
2026-01-23 16:53:36,20224,SchildiChatAlpha,0.999998,Normal Traffic,5
2026-01-23 16:53:38,6748,qbittorrent,0.999967,Normal Traffic,2
2026-01-23 16:53:40,22292,brave,0.999996,Normal Traffic,5
2026-01-23 16:53:41,22292,brave,0.999999,Normal Traffic,16
2026-01-23 16:53:43,6748,qbittorrent,1.000000,Normal Traffic,1
2026-01-23 16:53:44,2400,svchost,0.999384,Normal Traffic,2
2026-01-23 16:53:48,6748,qbittorrent,1.000000,Normal Traffic,1
2026-01-23 16:53:53,6748,qbittorrent,0.999999,Normal Traffic,1
2026-01-23 16:53:54,25188,Telegram,0.999948,Normal Traffic,4
2026-01-23 16:53:55,12672,Code,0.999998,Normal Traffic,1
2026-01-23 16:53:58,6748,qbittorrent,1.000000,Normal Traffic,1
2026-01-23 16:54:03,6748,qbittorrent,0.999998,Normal Traffic,1
2026-01-23 16:54:04,11156,gamingservices,0.999996,Normal Traffic,10
2026-01-23 16:54:06,16272,Hiddify,0.999902,Normal Traffic,14
2026-01-23 16:54:06,20224,SchildiChatAlpha,0.999998,Normal Traffic,9
2026-01-23 16:54:11,22292,brave,0.999997,Normal Traffic,6
2026-01-23 16:54:12,10832,warp-svc,0.999999,Normal Traffic,2
2026-01-23 16:54:13,6748,qbittorrent,1.000000,Normal Traffic,1
2026-01-23 16:54:15,6748,qbittorrent,0.999989,Normal Traffic,4
2026-01-23 16:54:17,22292,brave,0.999992,Normal Traffic,21
2026-01-23 16:54:18,22292,brave,0.999997,Normal Traffic,25
2026-01-23 16:54:18,16272,Hiddify,0.005858,DoS,2
2026-01-23 16:54:18,26708,lgc,0.217383,DoS,2
2026-01-23 16:54:18,6748,qbittorrent,0.999999,Normal Traffic,1
2026-01-23 16:54:27,6748,qbittorrent,0.999996,Normal Traffic,4
2026-01-23 16:54:28,2400,svchost,0.993896,Normal Traffic,7
2026-01-23 16:54:28,2400,svchost,1.000000,Normal Traffic,9
2026-01-23 16:54:28,10484,svchost,0.999993,Normal Traffic,2
2026-01-23 16:54:28,16272,Hiddify,0.999621,Normal Traffic,8
2026-01-23 16:54:28,6748,qbittorrent,0.999988,Normal Traffic,2
2026-01-23 16:54:28,2400,svchost,0.999992,Normal Traffic,1
2026-01-23 16:54:33,6748,qbittorrent,0.999999,Normal Traffic,1
2026-01-23 16:54:36,20224,SchildiChatAlpha,0.999997,Normal Traffic,5
2026-01-23 16:54:41,22292,brave,0.999996,Normal Traffic,6
2026-01-23 16:54:44,25188,Telegram,0.999994,Normal Traffic,4
2026-01-23 16:54:48,6748,qbittorrent,0.999884,Normal Traffic,2
2026-01-23 16:54:48,6748,qbittorrent,0.999999,Normal Traffic,4
2026-01-23 16:54:52,22292,brave,1.000000,Normal Traffic,27
2026-01-23 16:54:53,6748,qbittorrent,0.999998,Normal Traffic,1
2026-01-23 16:54:58,6748,qbittorrent,0.999999,Normal Traffic,1
2026-01-23 16:55:04,6748,qbittorrent,0.999996,Normal Traffic,2
2026-01-23 16:55:07,2400,svchost,0.999998,Normal Traffic,6
2026-01-23 16:55:07,6132,svchost,0.999997,Normal Traffic,12
2026-01-23 16:55:07,20224,SchildiChatAlpha,0.999996,Normal Traffic,11
2026-01-23 16:55:09,6748,qbittorrent,1.000000,Normal Traffic,1
2026-01-23 16:55:12,2400,svchost,0.993972,Normal Traffic,6
2026-01-23 16:55:12,16272,Hiddify,0.999886,Normal Traffic,18
2026-01-23 16:55:12,22292,brave,0.999996,Normal Traffic,6
2026-01-23 16:55:12,22292,brave,0.999996,Normal Traffic,10
2026-01-23 16:55:13,10832,warp-svc,0.999998,Normal Traffic,2
2026-01-23 16:55:14,6748,qbittorrent,0.999999,Normal Traffic,1
2026-01-23 16:55:19,6748,qbittorrent,1.000000,Normal Traffic,1
2026-01-23 16:55:24,6748,qbittorrent,0.999998,Normal Traffic,2
2026-01-23 16:55:29,10484,svchost,0.999993,Normal Traffic,2
2026-01-23 16:55:29,6748,qbittorrent,1.000000,Normal Traffic,1
2026-01-23 16:55:34,2400,svchost,0.999058,Normal Traffic,2
2026-01-23 16:55:34,16272,Hiddify,0.999056,Normal Traffic,6
2026-01-23 16:55:34,6748,qbittorrent,0.999999,Normal Traffic,1
2026-01-23 16:55:34,2400,svchost,0.999999,Normal Traffic,3
2026-01-23 16:55:38,20224,SchildiChatAlpha,0.999998,Normal Traffic,5
2026-01-23 16:55:39,6748,qbittorrent,0.999998,Normal Traffic,2
2026-01-23 16:55:40,25188,Telegram,0.999996,Normal Traffic,3
2026-01-23 16:55:42,22292,brave,0.999997,Normal Traffic,6
2026-01-23 16:55:44,6748,qbittorrent,0.999998,Normal Traffic,2
2026-01-23 16:55:45,22292,brave,0.999999,Normal Traffic,2
2026-01-23 16:55:49,6748,qbittorrent,0.999998,Normal Traffic,2
2026-01-23 16:55:55,6748,qbittorrent,1.000000,Normal Traffic,2
2026-01-23 16:55:59,6748,qbittorrent,0.999973,Normal Traffic,2
2026-01-23 16:56:04,6748,qbittorrent,0.999999,Normal Traffic,2
2026-01-23 16:56:08,20224,SchildiChatAlpha,0.999998,Normal Traffic,10
2026-01-23 16:56:08,2400,svchost,0.994716,Normal Traffic,2
2026-01-23 16:56:08,16272,Hiddify,0.999401,Normal Traffic,6
2026-01-23 16:56:08,2400,svchost,0.999940,Normal Traffic,2
2026-01-23 16:56:09,6748,qbittorrent,0.999986,Normal Traffic,2
2026-01-23 16:56:13,10832,warp-svc,0.999999,Normal Traffic,2
2026-01-23 16:56:13,22292,brave,0.999994,Normal Traffic,5
2026-01-23 16:56:13,22292,brave,0.999999,Normal Traffic,16
2026-01-23 16:56:14,6748,qbittorrent,0.999999,Normal Traffic,2
2026-01-23 16:56:19,6748,qbittorrent,0.999999,Normal Traffic,2
2026-01-23 16:56:24,6748,qbittorrent,0.999987,Normal Traffic,2
2026-01-23 16:56:29,10484,svchost,0.999992,Normal Traffic,2
2026-01-23 16:56:29,6748,qbittorrent,0.999998,Normal Traffic,2
2026-01-23 16:56:30,25188,Telegram,0.999993,Normal Traffic,4
2026-01-23 16:56:34,6748,qbittorrent,0.999998,Normal Traffic,2
2026-01-23 16:56:38,20224,SchildiChatAlpha,0.999998,Normal Traffic,5
2026-01-23 16:56:39,6748,qbittorrent,0.999999,Normal Traffic,2
2026-01-23 16:56:43,22292,brave,0.999997,Normal Traffic,6
2026-01-23 16:56:43,2400,svchost,0.999992,Normal Traffic,1
2026-01-23 16:56:44,12672,Code,0.999998,Normal Traffic,8
2026-01-23 16:56:44,6748,qbittorrent,0.999999,Normal Traffic,2
2026-01-23 16:56:49,6748,qbittorrent,0.999992,Normal Traffic,2
2026-01-23 16:56:52,22292,brave,0.999997,Normal Traffic,31
2026-01-23 16:56:52,16272,Hiddify,0.999998,Normal Traffic,6
2026-01-23 16:56:52,22292,brave,0.999998,Normal Traffic,6
2026-01-23 16:56:54,6748,qbittorrent,0.999998,Normal Traffic,2
2026-01-23 16:56:57,27376,Code,0.999962,Normal Traffic,18
2026-01-23 16:56:59,6748,qbittorrent,0.999995,Normal Traffic,2
2026-01-23 16:57:04,6748,qbittorrent,0.999986,Normal Traffic,2
2026-01-23 16:57:08,20224,SchildiChatAlpha,0.999998,Normal Traffic,9
2026-01-23 16:57:09,6748,qbittorrent,0.999999,Normal Traffic,2
2026-01-23 16:57:10,27376,Code,0.999960,Normal Traffic,1
2026-01-23 16:57:13,10832,warp-svc,0.999998,Normal Traffic,2
2026-01-23 16:57:13,22292,brave,0.999997,Normal Traffic,6
2026-01-23 16:57:14,6748,qbittorrent,0.999999,Normal Traffic,2
2026-01-23 16:57:16,21492,updater,0.999995,Normal Traffic,13
2026-01-23 16:57:19,6748,qbittorrent,0.999990,Normal Traffic,2
2026-01-23 16:57:21,27376,Code,0.999967,Normal Traffic,19
2026-01-23 16:57:24,22292,brave,0.999999,Normal Traffic,2
2026-01-23 16:57:24,6748,qbittorrent,0.999999,Normal Traffic,2
2026-01-23 16:57:25,2400,svchost,0.999997,Normal Traffic,15
2026-01-23 16:57:25,25188,Telegram,0.999990,Normal Traffic,3
2026-01-23 16:57:27,27376,Code,0.999970,Normal Traffic,7
2026-01-23 16:57:29,10484,svchost,0.999993,Normal Traffic,2
2026-01-23 16:57:29,6748,qbittorrent,0.999998,Normal Traffic,2
2026-01-23 16:57:34,6748,qbittorrent,0.999997,Normal Traffic,2
2026-01-23 16:57:35,27376,Code,0.999960,Normal Traffic,26
2026-01-23 16:57:38,27376,Code,0.999990,Normal Traffic,9
2026-01-23 16:57:38,20224,SchildiChatAlpha,0.999997,Normal Traffic,5
2026-01-23 16:57:39,6748,qbittorrent,0.999999,Normal Traffic,2
2026-01-23 16:57:43,22292,brave,0.999997,Normal Traffic,6
2026-01-23 16:57:44,6748,qbittorrent,0.999999,Normal Traffic,2
2026-01-23 16:57:45,22292,brave,1.000000,Normal Traffic,16
2026-01-23 16:57:49,6748,qbittorrent,0.999999,Normal Traffic,2
2026-01-23 16:57:54,6748,qbittorrent,0.999997,Normal Traffic,2
2026-01-23 16:57:57,16272,Hiddify,0.999998,Normal Traffic,1
2026-01-23 16:57:57,22292,brave,0.999998,Normal Traffic,1
2026-01-23 16:57:59,6748,qbittorrent,0.999984,Normal Traffic,2
2026-01-23 16:57:59,25188,Telegram,0.999987,Normal Traffic,3
2026-01-23 16:58:04,6748,qbittorrent,1.000000,Normal Traffic,1
2026-01-23 16:58:05,27376,Code,0.999996,Normal Traffic,10
2026-01-23 16:58:05,27376,Code,0.999959,Normal Traffic,17
2026-01-23 16:58:09,20224,SchildiChatAlpha,0.999998,Normal Traffic,9
2026-01-23 16:58:09,6748,qbittorrent,1.000000,Normal Traffic,1
2026-01-23 16:58:14,22292,brave,0.999997,Normal Traffic,6
2026-01-23 16:58:14,6748,qbittorrent,0.999997,Normal Traffic,2
2026-01-23 16:58:16,10832,warp-svc,1.000000,Normal Traffic,3
2026-01-23 16:58:17,22292,brave,0.999999,Normal Traffic,2
2026-01-23 16:58:19,27376,Code,0.999989,Normal Traffic,18
2026-01-23 16:58:19,6748,qbittorrent,0.999998,Normal Traffic,2
2026-01-23 16:58:24,6748,qbittorrent,0.999998,Normal Traffic,2
2026-01-23 16:58:28,10484,svchost,0.999993,Normal Traffic,2
2026-01-23 16:58:29,6748,qbittorrent,0.999999,Normal Traffic,1
2026-01-23 16:58:34,6748,qbittorrent,0.999999,Normal Traffic,1
2026-01-23 16:58:39,20224,SchildiChatAlpha,0.999998,Normal Traffic,9
2026-01-23 16:58:39,6748,qbittorrent,0.999998,Normal Traffic,2
2026-01-23 16:58:41,27376,Code,0.999996,Normal Traffic,11
2026-01-23 16:58:44,22292,brave,0.999997,Normal Traffic,6
2026-01-23 16:58:44,6748,qbittorrent,0.999997,Normal Traffic,2
2026-01-23 16:58:49,6748,qbittorrent,0.999999,Normal Traffic,1
2026-01-23 16:58:51,27376,Code,0.999970,Normal Traffic,27
2026-01-23 16:58:55,25188,Telegram,0.999989,Normal Traffic,3
2026-01-23 16:58:55,6748,qbittorrent,0.999998,Normal Traffic,2
2026-01-23 16:58:56,12672,Code,0.999998,Normal Traffic,1
2026-01-23 16:58:59,6748,qbittorrent,0.999956,Normal Traffic,2
2026-01-23 16:59:00,27376,Code,0.999988,Normal Traffic,9
2026-01-23 16:59:05,11156,gamingservices,0.999996,Normal Traffic,10
2026-01-23 16:59:05,6748,qbittorrent,0.999998,Normal Traffic,2
2026-01-23 16:59:06,27376,Code,0.999987,Normal Traffic,9
2026-01-23 16:59:09,2400,svchost,0.999997,Normal Traffic,16
2026-01-23 16:59:09,20224,SchildiChatAlpha,0.999998,Normal Traffic,5
2026-01-23 16:59:09,6748,qbittorrent,0.999999,Normal Traffic,2
2026-01-23 16:59:13,10832,warp-svc,0.999999,Normal Traffic,2
2026-01-23 16:59:14,22292,brave,0.999997,Normal Traffic,6
2026-01-23 16:59:15,22292,brave,1.000000,Normal Traffic,17
2026-01-23 16:59:15,6748,qbittorrent,0.999999,Normal Traffic,2
2026-01-23 16:59:18,16272,Hiddify,0.004204,DoS,2
2026-01-23 16:59:18,26708,lgc,0.217383,DoS,2
2026-01-23 16:59:20,6748,qbittorrent,0.999999,Normal Traffic,2
2026-01-23 16:59:24,6748,qbittorrent,0.999999,Normal Traffic,2
2026-01-23 16:59:28,10484,svchost,0.999993,Normal Traffic,2
2026-01-23 16:59:29,6748,qbittorrent,0.999999,Normal Traffic,2
2026-01-23 16:59:29,25188,Telegram,0.999985,Normal Traffic,3
2026-01-23 16:59:34,6748,qbittorrent,0.999997,Normal Traffic,2
2026-01-23 16:59:35,2400,svchost,0.999997,Normal Traffic,4
2026-01-23 16:59:39,27376,Code,0.999961,Normal Traffic,10
2026-01-23 16:59:39,6748,qbittorrent,0.999998,Normal Traffic,2
2026-01-23 16:59:40,20224,SchildiChatAlpha,0.999998,Normal Traffic,9
2026-01-23 16:59:44,22292,brave,0.999997,Normal Traffic,6
2026-01-23 16:59:44,6748,qbittorrent,0.999997,Normal Traffic,2
2026-01-23 16:59:46,27376,Code,0.999987,Normal Traffic,8
2026-01-23 16:59:48,22292,brave,0.999999,Normal Traffic,2
2026-01-23 16:59:49,6748,qbittorrent,0.999999,Normal Traffic,2
2026-01-23 16:59:54,6748,qbittorrent,0.999998,Normal Traffic,2
2026-01-23 16:59:59,6748,qbittorrent,0.999991,Normal Traffic,2
2026-01-23 17:00:02,27376,Code,0.999990,Normal Traffic,18
2026-01-23 17:00:04,27376,Code,0.999990,Normal Traffic,10
2026-01-23 17:00:04,6748,qbittorrent,0.999987,Normal Traffic,2
2026-01-23 17:00:09,6748,qbittorrent,0.999999,Normal Traffic,2
2026-01-23 17:00:10,20224,SchildiChatAlpha,0.999998,Normal Traffic,5
2026-01-23 17:00:13,10832,warp-svc,0.999999,Normal Traffic,2
2026-01-23 17:00:14,6748,qbittorrent,0.999997,Normal Traffic,2
2026-01-23 17:00:15,22292,brave,0.999996,Normal Traffic,5
2026-01-23 17:00:19,6748,qbittorrent,0.999997,Normal Traffic,2
2026-01-23 17:00:23,2400,svchost,0.999978,Normal Traffic,8
2026-01-23 17:00:23,22292,brave,0.999997,Normal Traffic,9
2026-01-23 17:00:24,6748,qbittorrent,0.999992,Normal Traffic,2
2026-01-23 17:00:26,27376,Code,0.999973,Normal Traffic,8
2026-01-23 17:00:28,10484,svchost,0.999993,Normal Traffic,2
2026-01-23 17:00:29,25188,Telegram,0.999993,Normal Traffic,4
2026-01-23 17:00:29,6748,qbittorrent,0.999998,Normal Traffic,2
2026-01-23 17:00:34,6748,qbittorrent,0.999998,Normal Traffic,2
2026-01-23 17:00:39,6748,qbittorrent,0.999990,Normal Traffic,2
2026-01-23 17:00:40,20224,SchildiChatAlpha,0.999997,Normal Traffic,10
2026-01-23 17:00:44,6748,qbittorrent,0.999998,Normal Traffic,2
2026-01-23 17:00:45,27376,Code,0.999973,Normal Traffic,18
2026-01-23 17:00:45,22292,brave,0.999997,Normal Traffic,6
2026-01-23 17:00:49,6748,qbittorrent,0.999999,Normal Traffic,1
2026-01-23 17:00:52,22292,brave,0.999997,Normal Traffic,34
2026-01-23 17:00:54,6748,qbittorrent,1.000000,Normal Traffic,1
2026-01-23 17:00:55,27376,Code,0.999970,Normal Traffic,17
2026-01-23 17:00:57,22292,brave,1.000000,Normal Traffic,44
2026-01-23 17:00:57,22292,brave,0.999997,Normal Traffic,18
2026-01-23 17:00:59,6748,qbittorrent,0.999999,Normal Traffic,1
2026-01-23 17:01:04,6748,qbittorrent,0.999998,Normal Traffic,2
2026-01-23 17:01:09,6748,qbittorrent,0.999998,Normal Traffic,2
2026-01-23 17:01:10,20224,SchildiChatAlpha,0.999998,Normal Traffic,5
2026-01-23 17:01:13,25188,Telegram,0.999992,Normal Traffic,4
2026-01-23 17:01:13,10832,warp-svc,0.999999,Normal Traffic,2
2026-01-23 17:01:14,6748,qbittorrent,0.999993,Normal Traffic,2
2026-01-23 17:01:15,22292,brave,0.999996,Normal Traffic,6
2026-01-23 17:01:19,6748,qbittorrent,0.999998,Normal Traffic,2
2026-01-23 17:01:24,6748,qbittorrent,0.999997,Normal Traffic,2
2026-01-23 17:01:26,27376,Code,0.999996,Normal Traffic,18
2026-01-23 17:01:28,10484,svchost,0.999993,Normal Traffic,2
2026-01-23 17:01:29,6748,qbittorrent,0.999998,Normal Traffic,2
2026-01-23 17:01:33,27376,Code,0.999988,Normal Traffic,16
2026-01-23 17:01:34,6748,qbittorrent,0.999997,Normal Traffic,2
2026-01-23 17:01:36,27976,taskhostw,0.999990,Normal Traffic,30
2026-01-23 17:01:39,6748,qbittorrent,0.999993,Normal Traffic,2
2026-01-23 17:01:42,22292,brave,0.999997,Normal Traffic,32
2026-01-23 17:01:44,6748,qbittorrent,0.999981,Normal Traffic,2
2026-01-23 17:01:45,12672,Code,0.999997,Normal Traffic,8
2026-01-23 17:01:45,22292,brave,0.999997,Normal Traffic,6
2026-01-23 17:01:46,22292,brave,0.999999,Normal Traffic,35
2026-01-23 17:01:48,16272,Hiddify,0.999987,Normal Traffic,3000
2026-01-23 17:01:49,6748,qbittorrent,0.999999,Normal Traffic,2
2026-01-23 17:01:50,20224,SchildiChatAlpha,0.999994,Normal Traffic,15
2026-01-23 17:01:50,2400,svchost,0.999992,Normal Traffic,1
2026-01-23 17:01:52,25188,Telegram,0.999993,Normal Traffic,6
2026-01-23 17:01:54,27376,Code,0.999982,Normal Traffic,9
2026-01-23 17:01:54,6748,qbittorrent,0.999998,Normal Traffic,2
2026-01-23 17:01:59,6748,qbittorrent,0.999997,Normal Traffic,2
2026-01-23 17:02:04,6748,qbittorrent,0.999998,Normal Traffic,2
